Season,Week,Day,Date,AwayTeam,HomeTeam,Quarter,DriveNumber,TeamWithPossession,IsScoringDrive,PlayNumberInDrive,IsScoringPlay,PlayOutcome,PlayStart,PlayTimeFormation,PlayDescription
2021,Conference Championships,SUN,01/30,Bengals,Chiefs,1st Quarter,1,Cincinnati Bengals,0,1,0,Kickoff from KC 35,,Kickoff,"— H.Butker kicks 65 yards from KC 35 to end zone, Touchback."
2021,Conference Championships,SUN,01/30,Bengals,Chiefs,1st Quarter,1,Cincinnati Bengals,0,2,0,3 Yard Run,1st & 10 at CIN 25,15:00 1st,— J.Mixon right guard to CIN 28 for 3 yards (A.Hitchens; J.Thornhill).
2021,Conference Championships,SUN,01/30,Bengals,Chiefs,1st Quarter,1,Cincinnati Bengals,0,3,0,2 Yard Pass,2nd & 7 at CIN 28,14:26 1st Shotgun,— J.Burrow pass short left to J.Chase to CIN 30 for 2 yards (A.Hitchens).
2021,Conference Championships,SUN,01/30,Bengals,Chiefs,1st Quarter,1,Cincinnati Bengals,0,4,0,Pass Incomplete,3rd & 5 at CIN 30,13:41 1st Shotgun,— J.Burrow pass incomplete short left to C.Uzomah (W.Gay).
2021,Conference Championships,SUN,01/30,Bengals,Chiefs,1st Quarter,1,Cincinnati Bengals,0,5,0,Punt,4th & 5 at CIN 30,13:38 1st,"— K.Huber punts 54 yards to KC 16, Center-C.Harris, downed by CIN-M.Wilcox."
2021,Conference Championships,SUN,01/30,Bengals,Chiefs,1st Quarter,2,Kansas City Chiefs,1,1,0,8 Yard Run,1st & 10 at KC 16,13:26 1st Shotgun,— J.McKinnon up the middle to KC 24 for 8 yards (B.Hill; L.Wilson).
2021,Conference Championships,SUN,01/30,Bengals,Chiefs,1st Quarter,2,Kansas City Chiefs,1,2,0,14 Yard Pass,2nd & 2 at KC 24,12:50 1st Shotgun,— P.Mahomes pass short left to J.McKinnon to KC 38 for 14 yards (M.Hilton).
2021,Conference Championships,SUN,01/30,Bengals,Chiefs,1st Quarter,2,Kansas City Chiefs,1,3,0,8 Yard Pass,1st & 10 at KC 38,12:09 1st Shotgun,— P.Mahomes pass short right to T.Hill to KC 46 for 8 yards (L.Wilson).
2021,Conference Championships,SUN,01/30,Bengals,Chiefs,1st Quarter,2,Kansas City Chiefs,1,4,0,1 Yard Run,2nd & 2 at KC 46,11:36 1st Shotgun,— J.McKinnon right tackle to KC 47 for 1 yard (M.Hilton).
2021,Conference Championships,SUN,01/30,Bengals,Chiefs,1st Quarter,2,Kansas City Chiefs,1,5,0,1 Yard Run,3rd & 1 at KC 47,10:59 1st,"— M.Burton right tackle to KC 47 for no gain (G.Pratt). Kansas City challenged the short of the line to gain ruling, and the play was REVERSED. M.Burton right tackle to KC 48 for 1 yard (G.Pratt)."
2021,Conference Championships,SUN,01/30,Bengals,Chiefs,1st Quarter,2,Kansas City Chiefs,1,6,0,Timeout,,10:27 1st,— Timeout #1 by KC at 10:27.
2021,Conference Championships,SUN,01/30,Bengals,Chiefs,1st Quarter,2,Kansas City Chiefs,1,7,0,8 Yard Run,1st & 10 at KC 48,10:27 1st,— J.McKinnon up the middle to CIN 44 for 8 yards (E.Apple).
2021,Conference Championships,SUN,01/30,Bengals,Chiefs,1st Quarter,2,Kansas City Chiefs,1,8,0,10 Yard Pass,2nd & 2 at CIN 44,09:51 1st Shotgun,— P.Mahomes pass short left to T.Kelce to CIN 34 for 10 yards (G.Pratt).
2021,Conference Championships,SUN,01/30,Bengals,Chiefs,1st Quarter,2,Kansas City Chiefs,1,9,0,11 Yard Run,1st & 10 at CIN 34,09:12 1st Shotgun,— P.Mahomes scrambles right end ran ob at CIN 23 for 11 yards (C.Awuzie).
2021,Conference Championships,SUN,01/30,Bengals,Chiefs,1st Quarter,2,Kansas City Chiefs,1,10,0,7 Yard Run,1st & 10 at CIN 23,08:38 1st Shotgun,— J.McKinnon right tackle to CIN 16 for 7 yards (B.Hill; L.Wilson).
2021,Conference Championships,SUN,01/30,Bengals,Chiefs,1st Quarter,2,Kansas City Chiefs,1,11,0,6 Yard Pass,2nd & 3 at CIN 16,07:57 1st Shotgun,— P.Mahomes pass short right to T.Hill pushed ob at CIN 10 for 6 yards (E.Apple).
2021,Conference Championships,SUN,01/30,Bengals,Chiefs,1st Quarter,2,Kansas City Chiefs,1,12,1,Touchdown,1st & 10 at CIN 10,07:25 1st,"— P.Mahomes pass short right to T.Hill for 10 yards, TOUCHDOWN."
2021,Conference Championships,SUN,01/30,Bengals,Chiefs,1st Quarter,2,Kansas City Chiefs,1,13,1,Extra Point,,07:17 1st,"— H.Butker extra point is GOOD, Center-J.Winchester, Holder-T.Townsend."
2021,Conference Championships,SUN,01/30,Bengals,Chiefs,1st Quarter,3,Cincinnati Bengals,1,1,0,Kickoff from KC 35,,Kickoff,"— H.Butker kicks 65 yards from KC 35 to end zone, Touchback."
2021,Conference Championships,SUN,01/30,Bengals,Chiefs,1st Quarter,3,Cincinnati Bengals,1,2,0,3 Yard Run,1st & 10 at CIN 25,07:17 1st,— J.Mixon up the middle to CIN 28 for 3 yards (A.Okafor; J.Thornhill).
2021,Conference Championships,SUN,01/30,Bengals,Chiefs,1st Quarter,3,Cincinnati Bengals,1,3,0,2 Yard Pass,2nd & 7 at CIN 28,06:36 1st Shotgun,— J.Burrow pass short right to J.Mixon to CIN 30 for 2 yards (L.Sneed; C.Ward).
2021,Conference Championships,SUN,01/30,Bengals,Chiefs,1st Quarter,3,Cincinnati Bengals,1,4,0,8 Yard Run,3rd & 5 at CIN 30,05:53 1st Shotgun,— J.Burrow scrambles left end to CIN 38 for 8 yards (T.Mathieu).
2021,Conference Championships,SUN,01/30,Bengals,Chiefs,1st Quarter,3,Cincinnati Bengals,1,5,0,1 Yard Run,1st & 10 at CIN 38,05:07 1st,— D.Smith reported in as eligible. J.Mixon up the middle to CIN 39 for 1 yard (J.Thornhill; D.Nnadi).
2021,Conference Championships,SUN,01/30,Bengals,Chiefs,1st Quarter,3,Cincinnati Bengals,1,6,0,7 Yard Pass,2nd & 9 at CIN 39,04:24 1st Shotgun,— J.Burrow pass short left to J.Mixon to CIN 46 for 7 yards (N.Bolton; W.Gay).
2021,Conference Championships,SUN,01/30,Bengals,Chiefs,1st Quarter,3,Cincinnati Bengals,1,7,0,3 Yard Pass,3rd & 2 at CIN 46,03:45 1st Shotgun,— J.Burrow pass short right to T.Boyd to CIN 49 for 3 yards (L.Sneed).
2021,Conference Championships,SUN,01/30,Bengals,Chiefs,1st Quarter,3,Cincinnati Bengals,1,8,0,Pass Incomplete,1st & 10 at CIN 49,02:59 1st,— D.Smith reported in as eligible. J.Burrow pass incomplete short middle to C.Uzomah (A.Hitchens). CIN-C.Uzomah was injured during the play. His return is Doubtful.
2021,Conference Championships,SUN,01/30,Bengals,Chiefs,1st Quarter,3,Cincinnati Bengals,1,9,0,5 Yard Pass,2nd & 10 at CIN 49,02:54 1st Shotgun,— J.Burrow pass short middle to T.Boyd to KC 46 for 5 yards (T.Mathieu).
2021,Conference Championships,SUN,01/30,Bengals,Chiefs,1st Quarter,3,Cincinnati Bengals,1,10,0,9 Yard Pass,3rd & 5 at KC 46,02:14 1st Shotgun,— J.Burrow pass short right to T.Boyd to KC 37 for 9 yards (L.Sneed).
2021,Conference Championships,SUN,01/30,Bengals,Chiefs,1st Quarter,3,Cincinnati Bengals,1,11,0,23 Yard Run,1st & 10 at KC 37,01:33 1st,— J.Mixon right end pushed ob at KC 14 for 23 yards (L.Sneed).
2021,Conference Championships,SUN,01/30,Bengals,Chiefs,1st Quarter,3,Cincinnati Bengals,1,12,0,Pass Incomplete,1st & 10 at KC 14,00:54 1st Shotgun,— J.Burrow pass incomplete short left to T.Boyd.
2021,Conference Championships,SUN,01/30,Bengals,Chiefs,1st Quarter,3,Cincinnati Bengals,1,13,0,Pass Incomplete,2nd & 10 at KC 14,00:48 1st Shotgun,— J.Burrow pass incomplete short left to T.Higgins (R.Fenton).
2021,Conference Championships,SUN,01/30,Bengals,Chiefs,1st Quarter,3,Cincinnati Bengals,1,14,0,Pass Incomplete,3rd & 10 at KC 14,00:44 1st Shotgun,— J.Burrow pass incomplete short right to J.Chase (C.Ward).
2021,Conference Championships,SUN,01/30,Bengals,Chiefs,1st Quarter,3,Cincinnati Bengals,1,15,1,Field Goal,4th & 10 at KC 14,00:40 1st,"— E.McPherson 32 yard field goal is GOOD, Center-C.Harris, Holder-K.Huber."
2021,Conference Championships,SUN,01/30,Bengals,Chiefs,2nd Quarter,1,Kansas City Chiefs,1,1,0,Kickoff from CIN 35,,Kickoff,"— E.McPherson kicks 65 yards from CIN 35 to end zone, Touchback."
2021,Conference Championships,SUN,01/30,Bengals,Chiefs,2nd Quarter,1,Kansas City Chiefs,1,2,0,44 Yard Pass,1st & 10 at KC 25,00:36 1st Shotgun,— P.Mahomes pass deep left to M.Hardman to CIN 31 for 44 yards (C.Awuzie).
2021,Conference Championships,SUN,01/30,Bengals,Chiefs,2nd Quarter,1,Kansas City Chiefs,1,3,0,7 Yard Run,1st & 10 at CIN 31,15:00 2nd Shotgun,— J.McKinnon up the middle to CIN 24 for 7 yards (B.Hill).
2021,Conference Championships,SUN,01/30,Bengals,Chiefs,2nd Quarter,1,Kansas City Chiefs,1,4,0,Pass Incomplete,2nd & 3 at CIN 24,14:21 2nd Shotgun,— P.Mahomes pass incomplete short left to T.Hill.
2021,Conference Championships,SUN,01/30,Bengals,Chiefs,2nd Quarter,1,Kansas City Chiefs,1,5,0,11 Yard Pass,3rd & 3 at CIN 24,14:16 2nd Shotgun,— P.Mahomes pass short right to J.McKinnon pushed ob at CIN 13 for 11 yards (T.Flowers).
2021,Conference Championships,SUN,01/30,Bengals,Chiefs,2nd Quarter,1,Kansas City Chiefs,1,6,0,7 Yard Pass,1st & 10 at CIN 13,13:39 2nd Shotgun,— P.Mahomes pass short middle to T.Hill pushed ob at CIN 6 for 7 yards (G.Pratt).
2021,Conference Championships,SUN,01/30,Bengals,Chiefs,2nd Quarter,1,Kansas City Chiefs,1,7,0,1 Yard Run,2nd & 3 at CIN 6,13:06 2nd,— J.McKinnon up the middle to CIN 5 for 1 yard (S.Hubbard).
2021,Conference Championships,SUN,01/30,Bengals,Chiefs,2nd Quarter,1,Kansas City Chiefs,1,8,1,Touchdown,3rd & 2 at CIN 5,12:23 2nd Shotgun,"— P.Mahomes pass short right to T.Kelce for 5 yards, TOUCHDOWN."
2021,Conference Championships,SUN,01/30,Bengals,Chiefs,2nd Quarter,1,Kansas City Chiefs,1,9,1,Extra Point,,12:14 2nd,"— H.Butker extra point is GOOD, Center-J.Winchester, Holder-T.Townsend."
2021,Conference Championships,SUN,01/30,Bengals,Chiefs,2nd Quarter,2,Cincinnati Bengals,0,1,0,Kickoff from KC 35,,Kickoff,"— H.Butker kicks 65 yards from KC 35 to end zone, Touchback."
2021,Conference Championships,SUN,01/30,Bengals,Chiefs,2nd Quarter,2,Cincinnati Bengals,0,2,0,Pass Incomplete,1st & 10 at CIN 25,12:14 2nd Shotgun,— J.Burrow pass incomplete short middle [M.Danna].
2021,Conference Championships,SUN,01/30,Bengals,Chiefs,2nd Quarter,2,Cincinnati Bengals,0,3,0,12 Yard Run,2nd & 10 at CIN 25,12:10 2nd Shotgun,— J.Mixon left tackle to CIN 37 for 12 yards (T.Mathieu).
2021,Conference Championships,SUN,01/30,Bengals,Chiefs,2nd Quarter,2,Cincinnati Bengals,0,4,0,3 Yard Run,1st & 10 at CIN 37,11:32 2nd,— J.Chase left end pushed ob at CIN 40 for 3 yards (J.Thornhill).
2021,Conference Championships,SUN,01/30,Bengals,Chiefs,2nd Quarter,2,Cincinnati Bengals,0,5,0,1 Yard Run,2nd & 7 at CIN 40,10:52 2nd,— J.Mixon right end to CIN 41 for 1 yard (M.Danna).
2021,Conference Championships,SUN,01/30,Bengals,Chiefs,2nd Quarter,2,Cincinnati Bengals,0,6,0,Pass Incomplete,3rd & 6 at CIN 41,10:12 2nd Shotgun,— J.Burrow pass incomplete short right to S.Perine.
2021,Conference Championships,SUN,01/30,Bengals,Chiefs,2nd Quarter,2,Cincinnati Bengals,0,7,0,Punt,4th & 6 at CIN 41,10:07 2nd,"— K.Huber punts 31 yards to KC 28, Center-C.Harris, out of bounds."
2021,Conference Championships,SUN,01/30,Bengals,Chiefs,2nd Quarter,3,Kansas City Chiefs,1,1,0,3 Yard Run,1st & 10 at KC 28,10:00 2nd Shotgun,"— C.Edwards-Helaire left tackle to KC 31 for 3 yards (K.Kareem, D.Reader)."
2021,Conference Championships,SUN,01/30,Bengals,Chiefs,2nd Quarter,3,Kansas City Chiefs,1,2,0,5 Yard Penalty,2nd & 7 at KC 31,09:26 2nd Shotgun,"— P.Mahomes pass incomplete deep left to M.Hardman. PENALTY on CIN-K.Kareem, Defensive Offside, 5 yards, enforced at KC 31 - No Play."
2021,Conference Championships,SUN,01/30,Bengals,Chiefs,2nd Quarter,3,Kansas City Chiefs,1,3,0,7 Yard Run,2nd & 2 at KC 36,09:19 2nd Shotgun,— C.Edwards-Helaire left tackle to KC 43 for 7 yards (S.Hubbard; J.Bates III).
2021,Conference Championships,SUN,01/30,Bengals,Chiefs,2nd Quarter,3,Kansas City Chiefs,1,4,0,19 Yard Pass,1st & 10 at KC 43,08:38 2nd Shotgun,— P.Mahomes pass short left to T.Kelce to CIN 38 for 19 yards (M.Hilton; E.Apple).
2021,Conference Championships,SUN,01/30,Bengals,Chiefs,2nd Quarter,3,Kansas City Chiefs,1,5,0,14 Yard Run,1st & 10 at CIN 38,07:56 2nd Shotgun,— C.Edwards-Helaire left tackle to CIN 24 for 14 yards (C.Awuzie; V.Bell).
2021,Conference Championships,SUN,01/30,Bengals,Chiefs,2nd Quarter,3,Kansas City Chiefs,1,6,0,4 Yard Run,1st & 10 at CIN 24,07:22 2nd Shotgun,— C.Edwards-Helaire left end to CIN 20 for 4 yards (L.Wilson; V.Bell).
2021,Conference Championships,SUN,01/30,Bengals,Chiefs,2nd Quarter,3,Kansas City Chiefs,1,7,0,5 Yard Pass,2nd & 6 at CIN 20,06:36 2nd Shotgun,— P.Mahomes pass short left to J.McKinnon to CIN 15 for 5 yards (C.Awuzie; G.Pratt).
2021,Conference Championships,SUN,01/30,Bengals,Chiefs,2nd Quarter,3,Kansas City Chiefs,1,8,0,12 Yard Pass,3rd & 1 at CIN 15,05:54 2nd,— P.Mahomes pass short left to T.Kelce to CIN 3 for 12 yards (G.Pratt).
2021,Conference Championships,SUN,01/30,Bengals,Chiefs,2nd Quarter,3,Kansas City Chiefs,1,9,1,Touchdown,1st & 3 at CIN 3,05:09 2nd,"— P.Mahomes pass short right to M.Hardman for 3 yards, TOUCHDOWN."
2021,Conference Championships,SUN,01/30,Bengals,Chiefs,2nd Quarter,3,Kansas City Chiefs,1,10,1,Extra Point,,05:04 2nd,"— H.Butker extra point is GOOD, Center-J.Winchester, Holder-T.Townsend."
2021,Conference Championships,SUN,01/30,Bengals,Chiefs,2nd Quarter,4,Cincinnati Bengals,1,1,0,Kickoff from KC 35,,Kickoff,— H.Butker kicks 61 yards from KC 35 to CIN 4. C.Evans to CIN 30 for 26 yards (B.Niemann; M.Hughes).
2021,Conference Championships,SUN,01/30,Bengals,Chiefs,2nd Quarter,4,Cincinnati Bengals,1,2,0,6 Yard Pass,1st & 10 at CIN 30,04:59 2nd Shotgun,— J.Burrow pass short right to J.Chase to CIN 36 for 6 yards (C.Ward) [D.Nnadi].
2021,Conference Championships,SUN,01/30,Bengals,Chiefs,2nd Quarter,4,Cincinnati Bengals,1,3,0,-1 Yard Run,2nd & 4 at CIN 36,04:22 2nd,"— J.Mixon left end to CIN 35 for -1 yards (L.Sneed, R.Fenton)."
2021,Conference Championships,SUN,01/30,Bengals,Chiefs,2nd Quarter,4,Cincinnati Bengals,1,4,0,8 Yard Pass,3rd & 5 at CIN 35,03:36 2nd Shotgun,— J.Burrow pass short middle to T.Higgins to CIN 43 for 8 yards (T.Mathieu).
2021,Conference Championships,SUN,01/30,Bengals,Chiefs,2nd Quarter,4,Cincinnati Bengals,1,5,0,Pass Incomplete,1st & 10 at CIN 43,02:52 2nd,— J.Burrow pass incomplete short middle.
2021,Conference Championships,SUN,01/30,Bengals,Chiefs,2nd Quarter,4,Cincinnati Bengals,1,6,0,18 Yard Pass,2nd & 10 at CIN 43,02:48 2nd Shotgun,— J.Burrow pass short right to T.Higgins to KC 39 for 18 yards (N.Bolton).
2021,Conference Championships,SUN,01/30,Bengals,Chiefs,2nd Quarter,4,Cincinnati Bengals,1,7,0,-2 Yard Run,1st & 10 at KC 39,02:00 2nd,— J.Mixon right end to KC 41 for -2 yards (W.Gay).
2021,Conference Championships,SUN,01/30,Bengals,Chiefs,2nd Quarter,4,Cincinnati Bengals,1,8,1,Touchdown,2nd & 12 at KC 41,01:15 2nd Shotgun,"— J.Burrow pass short right to S.Perine for 41 yards, TOUCHDOWN."
2021,Conference Championships,SUN,01/30,Bengals,Chiefs,2nd Quarter,4,Cincinnati Bengals,1,9,1,Extra Point,,01:05 2nd,"— E.McPherson extra point is GOOD, Center-C.Harris, Holder-K.Huber."
2021,Conference Championships,SUN,01/30,Bengals,Chiefs,2nd Quarter,5,Kansas City Chiefs,0,1,0,Kickoff from CIN 35,,Kickoff,— E.McPherson kicks 62 yards from CIN 35 to KC 3. B.Pringle to KC 19 for 16 yards (Mi.Thomas).
2021,Conference Championships,SUN,01/30,Bengals,Chiefs,2nd Quarter,5,Kansas City Chiefs,0,2,0,Pass Incomplete,1st & 10 at KC 19,01:01 2nd Shotgun,— P.Mahomes pass incomplete short right to M.Hardman.
2021,Conference Championships,SUN,01/30,Bengals,Chiefs,2nd Quarter,5,Kansas City Chiefs,0,3,0,33 Yard Pass,2nd & 10 at KC 19,00:58 2nd Shotgun,— P.Mahomes pass deep right to T.Hill ran ob at CIN 48 for 33 yards (J.Bates III).
2021,Conference Championships,SUN,01/30,Bengals,Chiefs,2nd Quarter,5,Kansas City Chiefs,0,4,0,14 Yard Pass,1st & 10 at CIN 48,00:49 2nd Shotgun,— P.Mahomes pass short left to T.Hill to CIN 34 for 14 yards (C.Awuzie).
2021,Conference Championships,SUN,01/30,Bengals,Chiefs,2nd Quarter,5,Kansas City Chiefs,0,5,0,Timeout,,00:41 2nd,— Timeout #2 by KC at 00:41.
2021,Conference Championships,SUN,01/30,Bengals,Chiefs,2nd Quarter,5,Kansas City Chiefs,0,6,0,9 Yard Pass,1st & 10 at CIN 34,00:41 2nd Shotgun,— P.Mahomes pass short middle to T.Kelce to CIN 25 for 9 yards (C.Awuzie).
2021,Conference Championships,SUN,01/30,Bengals,Chiefs,2nd Quarter,5,Kansas City Chiefs,0,7,0,10 Yard Pass,2nd & 1 at CIN 25,"00:19 2nd No Huddle, Shotgun",— P.Mahomes pass short left to B.Pringle to CIN 15 for 10 yards (C.Awuzie; V.Bell).
2021,Conference Championships,SUN,01/30,Bengals,Chiefs,2nd Quarter,5,Kansas City Chiefs,0,8,0,Timeout,,00:13 2nd,— Timeout #3 by KC at 00:13.
2021,Conference Championships,SUN,01/30,Bengals,Chiefs,2nd Quarter,5,Kansas City Chiefs,0,9,0,14 Yard Penalty,1st & 10 at CIN 15,00:13 2nd Shotgun,"— P.Mahomes pass incomplete short right to T.Hill. PENALTY on CIN-E.Apple, Defensive Pass Interference, 14 yards, enforced at CIN 15 - No Play."
2021,Conference Championships,SUN,01/30,Bengals,Chiefs,2nd Quarter,5,Kansas City Chiefs,0,10,0,Timeout,,00:09 2nd,— Timeout #1 by CIN at 00:09.
2021,Conference Championships,SUN,01/30,Bengals,Chiefs,2nd Quarter,5,Kansas City Chiefs,0,11,0,Pass Incomplete,1st & 1 at CIN 1,00:09 2nd Shotgun,— P.Mahomes pass incomplete short left.
2021,Conference Championships,SUN,01/30,Bengals,Chiefs,2nd Quarter,5,Kansas City Chiefs,0,12,0,0 Yard Pass,2nd & 1 at CIN 1,00:05 2nd,— P.Mahomes pass short left to T.Hill to CIN 1 for no gain (E.Apple).
2021,Conference Championships,SUN,01/30,Bengals,Chiefs,3rd Quarter,1,Kansas City Chiefs,0,1,0,Kickoff from CIN 35,,Kickoff,— E.McPherson kicks 66 yards from CIN 35 to KC -1. B.Pringle to KC 21 for 22 yards (C.Evans).
2021,Conference Championships,SUN,01/30,Bengals,Chiefs,3rd Quarter,1,Kansas City Chiefs,0,2,0,6 Yard Run,1st & 10 at KC 21,14:55 3rd Shotgun,— J.McKinnon up the middle to KC 27 for 6 yards (J.Bates III).
2021,Conference Championships,SUN,01/30,Bengals,Chiefs,3rd Quarter,1,Kansas City Chiefs,0,3,0,6 Yard Pass,2nd & 4 at KC 27,14:24 3rd Shotgun,— P.Mahomes pass short right to B.Pringle to KC 33 for 6 yards (L.Wilson).
2021,Conference Championships,SUN,01/30,Bengals,Chiefs,3rd Quarter,1,Kansas City Chiefs,0,4,0,4 Yard Run,1st & 10 at KC 33,13:47 3rd Shotgun,"— J.McKinnon up the middle to KC 37 for 4 yards (D.Reader, L.Wilson)."
2021,Conference Championships,SUN,01/30,Bengals,Chiefs,3rd Quarter,1,Kansas City Chiefs,0,5,0,Pass Incomplete,2nd & 6 at KC 37,13:10 3rd Shotgun,— P.Mahomes pass incomplete short right to T.Hill (M.Hilton).
2021,Conference Championships,SUN,01/30,Bengals,Chiefs,3rd Quarter,1,Kansas City Chiefs,0,6,0,Pass Incomplete,3rd & 6 at KC 37,13:03 3rd Shotgun,"— C.Humphrey to KC 37 for no gain. FUMBLES, recovered by KC-P.Mahomes at KC 31. P.Mahomes pass incomplete short right to T.Kelce (T.Flowers)."
2021,Conference Championships,SUN,01/30,Bengals,Chiefs,3rd Quarter,1,Kansas City Chiefs,0,7,0,Punt,4th & 6 at KC 37,12:58 3rd,"— T.Townsend punts 57 yards to CIN 6, Center-J.Winchester. T.Taylor to CIN 17 for 11 yards (A.Watts; J.Winchester)."
2021,Conference Championships,SUN,01/30,Bengals,Chiefs,3rd Quarter,2,Cincinnati Bengals,0,1,0,44 Yard Pass,1st & 10 at CIN 17,12:47 3rd,— J.Burrow pass deep left to T.Higgins to KC 39 for 44 yards (L.Sneed).
2021,Conference Championships,SUN,01/30,Bengals,Chiefs,3rd Quarter,2,Cincinnati Bengals,0,2,0,2 Yard Run,1st & 10 at KC 39,12:01 3rd,— J.Mixon right end to KC 37 for 2 yards (J.Reed).
2021,Conference Championships,SUN,01/30,Bengals,Chiefs,3rd Quarter,2,Cincinnati Bengals,0,3,0,-6 Yard Penalty,2nd & 8 at KC 37,11:13 3rd Shotgun,"— PENALTY on CIN, Delay of Game, 6 yards, enforced at KC 37 - No Play."
2021,Conference Championships,SUN,01/30,Bengals,Chiefs,3rd Quarter,2,Cincinnati Bengals,0,4,0,Pass Incomplete,2nd & 14 at KC 43,11:12 3rd Shotgun,— J.Burrow pass incomplete short middle to D.Sample (W.Gay).
2021,Conference Championships,SUN,01/30,Bengals,Chiefs,3rd Quarter,2,Cincinnati Bengals,0,5,0,Pass Incomplete,3rd & 14 at KC 43,11:08 3rd Shotgun,— J.Burrow pass incomplete deep right to T.Higgins.
2021,Conference Championships,SUN,01/30,Bengals,Chiefs,3rd Quarter,2,Cincinnati Bengals,0,6,0,Punt,4th & 14 at KC 43,11:04 3rd,"— K.Huber punts 36 yards to KC 7, Center-C.Harris, fair catch by M.Hardman."
2021,Conference Championships,SUN,01/30,Bengals,Chiefs,3rd Quarter,3,Kansas City Chiefs,0,1,0,4 Yard Pass,1st & 10 at KC 7,10:57 3rd Shotgun,— P.Mahomes pass short right to C.Edwards-Helaire to KC 11 for 4 yards (L.Wilson).
2021,Conference Championships,SUN,01/30,Bengals,Chiefs,3rd Quarter,3,Kansas City Chiefs,0,2,0,9 Yard Run,2nd & 6 at KC 11,10:16 3rd,— M.Hardman right end pushed ob at KC 20 for 9 yards (V.Bell).
2021,Conference Championships,SUN,01/30,Bengals,Chiefs,3rd Quarter,3,Kansas City Chiefs,0,3,0,4 Yard Run,1st & 10 at KC 20,09:41 3rd Shotgun,— C.Edwards-Helaire up the middle to KC 24 for 4 yards (S.Hubbard; L.Wilson).
2021,Conference Championships,SUN,01/30,Bengals,Chiefs,3rd Quarter,3,Kansas City Chiefs,0,4,0,Pass Incomplete,2nd & 6 at KC 24,09:00 3rd Shotgun,— P.Mahomes pass incomplete deep right.
2021,Conference Championships,SUN,01/30,Bengals,Chiefs,3rd Quarter,3,Kansas City Chiefs,0,5,0,Pass Incomplete,3rd & 6 at KC 24,08:53 3rd Shotgun,— P.Mahomes pass incomplete deep right to B.Pringle.
2021,Conference Championships,SUN,01/30,Bengals,Chiefs,3rd Quarter,3,Kansas City Chiefs,0,6,0,Punt,4th & 6 at KC 24,08:48 3rd,"— T.Townsend punts 41 yards to CIN 35, Center-J.Winchester, fair catch by T.Taylor."
2021,Conference Championships,SUN,01/30,Bengals,Chiefs,3rd Quarter,4,Cincinnati Bengals,1,1,0,5 Yard Run,1st & 10 at CIN 35,08:40 3rd Shotgun,— J.Mixon right end pushed ob at CIN 40 for 5 yards (C.Ward).
2021,Conference Championships,SUN,01/30,Bengals,Chiefs,3rd Quarter,4,Cincinnati Bengals,1,2,0,4 Yard Pass,2nd & 5 at CIN 40,08:07 3rd Shotgun,— J.Burrow pass short right to D.Sample to CIN 44 for 4 yards (W.Gay).
2021,Conference Championships,SUN,01/30,Bengals,Chiefs,3rd Quarter,4,Cincinnati Bengals,1,3,0,2 Yard Run,3rd & 1 at CIN 44,07:26 3rd,— J.Burrow up the middle to CIN 46 for 2 yards (C.Jones).
2021,Conference Championships,SUN,01/30,Bengals,Chiefs,3rd Quarter,4,Cincinnati Bengals,1,4,0,0 Yard Run,1st & 10 at CIN 46,06:51 3rd,— J.Mixon left end to CIN 46 for no gain (A.Hitchens).
2021,Conference Championships,SUN,01/30,Bengals,Chiefs,3rd Quarter,4,Cincinnati Bengals,1,5,0,22 Yard Pass,2nd & 10 at CIN 46,06:25 3rd Shotgun,— J.Burrow pass short right to J.Chase pushed ob at KC 32 for 22 yards (C.Ward).
2021,Conference Championships,SUN,01/30,Bengals,Chiefs,3rd Quarter,4,Cincinnati Bengals,1,6,0,0 Yard Run,1st & 10 at KC 32,05:40 3rd,— D.Smith reported in as eligible. J.Mixon left tackle to KC 32 for no gain (C.Jones).
2021,Conference Championships,SUN,01/30,Bengals,Chiefs,3rd Quarter,4,Cincinnati Bengals,1,7,0,6 Yard Penalty,2nd & 10 at KC 32,05:02 3rd Shotgun,"— J.Burrow pass incomplete short left to J.Chase. PENALTY on KC-R.Fenton, Defensive Pass Interference, 6 yards, enforced at KC 32 - No Play."
2021,Conference Championships,SUN,01/30,Bengals,Chiefs,3rd Quarter,4,Cincinnati Bengals,1,8,0,18 Yard Pass,1st & 10 at KC 26,04:58 3rd Shotgun,— J.Burrow pass short right to J.Mixon to KC 8 for 18 yards (A.Hitchens; L.Sneed) [M.Ingram].
2021,Conference Championships,SUN,01/30,Bengals,Chiefs,3rd Quarter,4,Cincinnati Bengals,1,9,0,-7 Yard Sack,1st & 8 at KC 8,04:14 3rd,"— J.Burrow sacked at KC 15 for -7 yards (M.Ingram). Penalty on CIN-I.Prince, Offensive Holding, declined."
2021,Conference Championships,SUN,01/30,Bengals,Chiefs,3rd Quarter,4,Cincinnati Bengals,1,10,0,Pass Incomplete,2nd & 15 at KC 15,03:48 3rd Shotgun,— J.Burrow pass incomplete short right to T.Boyd (M.Ingram).
2021,Conference Championships,SUN,01/30,Bengals,Chiefs,3rd Quarter,4,Cincinnati Bengals,1,11,0,2 Yard Pass,3rd & 15 at KC 15,03:46 3rd Shotgun,— J.Burrow pass short left to S.Perine to KC 13 for 2 yards (L.Sneed).
2021,Conference Championships,SUN,01/30,Bengals,Chiefs,3rd Quarter,4,Cincinnati Bengals,1,12,1,Field Goal,4th & 13 at KC 13,03:02 3rd,"— E.McPherson 31 yard field goal is GOOD, Center-C.Harris, Holder-K.Huber."
2021,Conference Championships,SUN,01/30,Bengals,Chiefs,3rd Quarter,5,Kansas City Chiefs,0,1,0,Kickoff from CIN 35,,Kickoff,"— E.McPherson kicks 65 yards from CIN 35 to end zone, Touchback."
2021,Conference Championships,SUN,01/30,Bengals,Chiefs,3rd Quarter,5,Kansas City Chiefs,0,2,0,7 Yard Run,1st & 10 at KC 25,02:58 3rd Shotgun,— J.McKinnon up the middle to KC 32 for 7 yards (B.Hill; S.Hubbard).
2021,Conference Championships,SUN,01/30,Bengals,Chiefs,3rd Quarter,5,Kansas City Chiefs,0,3,0,Interception,2nd & 3 at KC 32,02:23 3rd Shotgun,— P.Mahomes pass short left intended for D.Robinson INTERCEPTED by B.Hill at KC 30. B.Hill to KC 27 for 3 yards (P.Mahomes).
2021,Conference Championships,SUN,01/30,Bengals,Chiefs,3rd Quarter,6,Cincinnati Bengals,1,1,0,5 Yard Run,1st & 10 at KC 27,02:18 3rd,— J.Mixon left end to KC 22 for 5 yards (N.Bolton).
2021,Conference Championships,SUN,01/30,Bengals,Chiefs,3rd Quarter,6,Cincinnati Bengals,1,2,0,17 Yard Pass,2nd & 5 at KC 22,01:36 3rd Shotgun,— J.Burrow pass short right to J.Chase to KC 5 for 17 yards (W.Gay).
2021,Conference Championships,SUN,01/30,Bengals,Chiefs,3rd Quarter,6,Cincinnati Bengals,1,3,0,3 Yard Run,1st & 5 at KC 5,00:58 3rd,"— J.Mixon left end to KC 2 for 3 yards (M.Danna, A.Hitchens)."
2021,Conference Championships,SUN,01/30,Bengals,Chiefs,3rd Quarter,6,Cincinnati Bengals,1,4,0,Pass Incomplete,2nd & 2 at KC 2,00:22 3rd,— J.Burrow pass incomplete short left to J.Chase.
2021,Conference Championships,SUN,01/30,Bengals,Chiefs,3rd Quarter,6,Cincinnati Bengals,1,5,1,Touchdown,3rd & 2 at KC 2,00:18 3rd Shotgun,"— J.Burrow pass short left to J.Chase for 2 yards, TOUCHDOWN."
2021,Conference Championships,SUN,01/30,Bengals,Chiefs,3rd Quarter,6,Cincinnati Bengals,1,6,0,2 Point Conversion,,00:14 3rd,— TWO-POINT CONVERSION ATTEMPT. J.Burrow pass to T.Taylor is complete. ATTEMPT SUCCEEDS.
2021,Conference Championships,SUN,01/30,Bengals,Chiefs,4th Quarter,1,Kansas City Chiefs,0,1,0,Kickoff from CIN 35,,Kickoff,"— E.McPherson kicks 65 yards from CIN 35 to end zone, Touchback."
2021,Conference Championships,SUN,01/30,Bengals,Chiefs,4th Quarter,1,Kansas City Chiefs,0,2,0,Pass Incomplete,1st & 10 at KC 25,00:14 3rd,— P.Mahomes pass incomplete short left to J.McKinnon.
2021,Conference Championships,SUN,01/30,Bengals,Chiefs,4th Quarter,1,Kansas City Chiefs,0,3,0,7 Yard Pass,2nd & 10 at KC 25,00:10 3rd Shotgun,— P.Mahomes pass short middle to T.Kelce to KC 32 for 7 yards (E.Apple).
2021,Conference Championships,SUN,01/30,Bengals,Chiefs,4th Quarter,1,Kansas City Chiefs,0,4,0,-9 Yard Sack,3rd & 3 at KC 32,15:00 4th Shotgun,— P.Mahomes sacked at KC 23 for -9 yards (sack split by B.Hill and T.Hendrickson).
2021,Conference Championships,SUN,01/30,Bengals,Chiefs,4th Quarter,1,Kansas City Chiefs,0,5,0,Punt,4th & 12 at KC 23,14:14 4th,"— T.Townsend punts 54 yards to CIN 23, Center-J.Winchester. T.Taylor to CIN 34 for 11 yards (A.Watts)."
2021,Conference Championships,SUN,01/30,Bengals,Chiefs,4th Quarter,2,Cincinnati Bengals,0,1,0,Interception,1st & 10 at CIN 34,14:01 4th,— J.Burrow pass deep left intended for J.Chase INTERCEPTED by L.Sneed at KC 47. L.Sneed to KC 47 for no gain (J.Chase).
2021,Conference Championships,SUN,01/30,Bengals,Chiefs,4th Quarter,3,Kansas City Chiefs,0,1,0,4 Yard Run,1st & 10 at KC 47,13:56 4th Shotgun,— C.Edwards-Helaire right end to CIN 49 for 4 yards (V.Bell).
2021,Conference Championships,SUN,01/30,Bengals,Chiefs,4th Quarter,3,Kansas City Chiefs,0,2,0,Pass Incomplete,2nd & 6 at CIN 49,13:18 4th Shotgun,— P.Mahomes pass incomplete short left to C.Edwards-Helaire.
2021,Conference Championships,SUN,01/30,Bengals,Chiefs,4th Quarter,3,Kansas City Chiefs,0,3,0,-8 Yard Sack,3rd & 6 at CIN 49,13:14 4th Shotgun,— P.Mahomes sacked at KC 43 for -8 yards (T.Hendrickson).
2021,Conference Championships,SUN,01/30,Bengals,Chiefs,4th Quarter,3,Kansas City Chiefs,0,4,0,Punt,4th & 14 at KC 43,12:36 4th,"— T.Townsend punts 57 yards to end zone, Center-J.Winchester, Touchback."
2021,Conference Championships,SUN,01/30,Bengals,Chiefs,4th Quarter,4,Cincinnati Bengals,1,1,0,4 Yard Run,1st & 10 at CIN 20,12:27 4th Shotgun,— J.Mixon right tackle to CIN 24 for 4 yards (C.Jones; J.Reed).
2021,Conference Championships,SUN,01/30,Bengals,Chiefs,4th Quarter,4,Cincinnati Bengals,1,2,0,Pass Incomplete,2nd & 6 at CIN 24,11:52 4th Shotgun,— J.Burrow pass incomplete short right to T.Higgins.
2021,Conference Championships,SUN,01/30,Bengals,Chiefs,4th Quarter,4,Cincinnati Bengals,1,3,0,7 Yard Run,3rd & 6 at CIN 24,11:45 4th Shotgun,— J.Burrow scrambles left end pushed ob at CIN 31 for 7 yards (B.Niemann).
2021,Conference Championships,SUN,01/30,Bengals,Chiefs,4th Quarter,4,Cincinnati Bengals,1,4,0,1 Yard Run,1st & 10 at CIN 31,11:01 4th,— D.Smith reported in as eligible. J.Mixon up the middle to CIN 32 for 1 yard (J.Reed; A.Okafor).
2021,Conference Championships,SUN,01/30,Bengals,Chiefs,4th Quarter,4,Cincinnati Bengals,1,5,0,2 Yard Pass,2nd & 9 at CIN 32,10:19 4th Shotgun,— J.Burrow pass short right to T.Boyd to CIN 34 for 2 yards (L.Sneed).
2021,Conference Championships,SUN,01/30,Bengals,Chiefs,4th Quarter,4,Cincinnati Bengals,1,6,0,11 Yard Run,3rd & 7 at CIN 34,09:35 4th Shotgun,— J.Burrow scrambles up the middle to CIN 45 for 11 yards (R.Fenton; D.Sorensen).
2021,Conference Championships,SUN,01/30,Bengals,Chiefs,4th Quarter,4,Cincinnati Bengals,1,7,0,Timeout,,08:47 4th,— Timeout #1 by CIN at 08:47.
2021,Conference Championships,SUN,01/30,Bengals,Chiefs,4th Quarter,4,Cincinnati Bengals,1,8,0,5 Yard Penalty,1st & 10 at CIN 45,08:47 4th Shotgun,"— J.Mixon up the middle to CIN 46 for 1 yard (J.Reed; F.Clark). PENALTY on KC-F.Clark, Defensive Offside, 5 yards, enforced at CIN 45 - No Play."
2021,Conference Championships,SUN,01/30,Bengals,Chiefs,4th Quarter,4,Cincinnati Bengals,1,9,0,16 Yard Pass,1st & 5 at 50,08:22 4th Shotgun,— J.Burrow pass short right to T.Higgins to KC 34 for 16 yards (J.Thornhill; A.Hitchens).
2021,Conference Championships,SUN,01/30,Bengals,Chiefs,4th Quarter,4,Cincinnati Bengals,1,10,0,-5 Yard Penalty,1st & 10 at KC 34,07:36 4th,"— PENALTY on CIN-J.Carman, False Start, 5 yards, enforced at KC 34 - No Play."
2021,Conference Championships,SUN,01/30,Bengals,Chiefs,4th Quarter,4,Cincinnati Bengals,1,11,0,Pass Incomplete,1st & 15 at KC 39,07:36 4th Shotgun,— J.Burrow pass incomplete deep right to T.Higgins.
2021,Conference Championships,SUN,01/30,Bengals,Chiefs,4th Quarter,4,Cincinnati Bengals,1,12,0,5 Yard Pass,2nd & 15 at KC 39,07:32 4th Shotgun,— J.Burrow pass short right to J.Chase to KC 34 for 5 yards (L.Sneed).
2021,Conference Championships,SUN,01/30,Bengals,Chiefs,4th Quarter,4,Cincinnati Bengals,1,13,0,0 Yard Pass,3rd & 10 at KC 34,06:53 4th Shotgun,— J.Burrow pass short right to S.Perine to KC 34 for no gain (C.Ward).
2021,Conference Championships,SUN,01/30,Bengals,Chiefs,4th Quarter,4,Cincinnati Bengals,1,14,1,Field Goal,4th & 10 at KC 34,06:07 4th,"— E.McPherson 52 yard field goal is GOOD, Center-C.Harris, Holder-K.Huber."
2021,Conference Championships,SUN,01/30,Bengals,Chiefs,4th Quarter,5,Kansas City Chiefs,1,1,0,Kickoff from CIN 35,,Kickoff,"— E.McPherson kicks 65 yards from CIN 35 to end zone, Touchback."
2021,Conference Championships,SUN,01/30,Bengals,Chiefs,4th Quarter,5,Kansas City Chiefs,1,2,0,5 Yard Pass,1st & 10 at KC 25,06:04 4th Shotgun,— P.Mahomes pass short right to M.Hardman to KC 30 for 5 yards (S.Hubbard).
2021,Conference Championships,SUN,01/30,Bengals,Chiefs,4th Quarter,5,Kansas City Chiefs,1,3,0,5 Yard Pass,2nd & 5 at KC 30,05:31 4th Shotgun,— P.Mahomes pass short right to T.Kelce to KC 35 for 5 yards (E.Apple).
2021,Conference Championships,SUN,01/30,Bengals,Chiefs,4th Quarter,5,Kansas City Chiefs,1,4,0,8 Yard Pass,1st & 10 at KC 35,04:55 4th Shotgun,— P.Mahomes pass short right to T.Kelce to KC 43 for 8 yards (G.Pratt).
2021,Conference Championships,SUN,01/30,Bengals,Chiefs,4th Quarter,5,Kansas City Chiefs,1,5,0,1 Yard Run,2nd & 2 at KC 43,04:14 4th Shotgun,"— J.McKinnon right tackle to KC 44 for 1 yard (V.Bell, G.Pratt)."
2021,Conference Championships,SUN,01/30,Bengals,Chiefs,4th Quarter,5,Kansas City Chiefs,1,6,0,18 Yard Pass,3rd & 1 at KC 44,03:29 4th Shotgun,— P.Mahomes pass short right to T.Kelce to CIN 38 for 18 yards (L.Wilson; J.Bates III).
2021,Conference Championships,SUN,01/30,Bengals,Chiefs,4th Quarter,5,Kansas City Chiefs,1,7,0,9 Yard Run,1st & 10 at CIN 38,02:53 4th,— M.Hardman right end pushed ob at CIN 29 for 9 yards (E.Apple).
2021,Conference Championships,SUN,01/30,Bengals,Chiefs,4th Quarter,5,Kansas City Chiefs,1,8,0,14 Yard Run,2nd & 1 at CIN 29,02:48 4th Shotgun,— J.McKinnon left end to CIN 15 for 14 yards (C.Awuzie).
2021,Conference Championships,SUN,01/30,Bengals,Chiefs,4th Quarter,5,Kansas City Chiefs,1,9,0,4 Yard Run,1st & 10 at CIN 15,02:00 4th Shotgun,— P.Mahomes scrambles left end pushed ob at CIN 11 for 4 yards (T.Hendrickson).
2021,Conference Championships,SUN,01/30,Bengals,Chiefs,4th Quarter,5,Kansas City Chiefs,1,10,0,4 Yard Run,2nd & 6 at CIN 11,01:53 4th Shotgun,— P.Mahomes scrambles left end pushed ob at CIN 7 for 4 yards (T.Hendrickson).
2021,Conference Championships,SUN,01/30,Bengals,Chiefs,4th Quarter,5,Kansas City Chiefs,1,11,0,2 Yard Pass,3rd & 2 at CIN 7,01:38 4th Shotgun,— P.Mahomes pass short middle to T.Kelce to CIN 5 for 2 yards (S.Hubbard; G.Pratt).
2021,Conference Championships,SUN,01/30,Bengals,Chiefs,4th Quarter,5,Kansas City Chiefs,1,12,0,Timeout,,01:30 4th,— Timeout #2 by CIN at 01:30.
2021,Conference Championships,SUN,01/30,Bengals,Chiefs,4th Quarter,5,Kansas City Chiefs,1,13,0,1 Yard Run,1st & 5 at CIN 5,01:30 4th Shotgun,— J.McKinnon right tackle to CIN 4 for 1 yard (L.Wilson; D.Reader).
2021,Conference Championships,SUN,01/30,Bengals,Chiefs,4th Quarter,5,Kansas City Chiefs,1,14,0,Timeout,,01:26 4th,— Timeout #3 by CIN at 01:26.
2021,Conference Championships,SUN,01/30,Bengals,Chiefs,4th Quarter,5,Kansas City Chiefs,1,15,0,-5 Yard Sack,2nd & 4 at CIN 4,01:26 4th Shotgun,— P.Mahomes sacked at CIN 9 for -5 yards (S.Hubbard).
2021,Conference Championships,SUN,01/30,Bengals,Chiefs,4th Quarter,5,Kansas City Chiefs,1,16,0,Timeout,,00:39 4th,— Timeout #1 by KC at 00:39.
2021,Conference Championships,SUN,01/30,Bengals,Chiefs,4th Quarter,5,Kansas City Chiefs,1,17,0,-17 Yard Sack,3rd & 9 at CIN 9,00:39 4th Shotgun,"— P.Mahomes sacked at CIN 24 for -15 yards (S.Hubbard). FUMBLES (S.Hubbard) [S.Hubbard], recovered by KC-J.Thuney at CIN 26."
2021,Conference Championships,SUN,01/30,Bengals,Chiefs,4th Quarter,5,Kansas City Chiefs,1,18,0,Timeout,,00:03 4th,— Timeout #2 by KC at 00:03.
2021,Conference Championships,SUN,01/30,Bengals,Chiefs,4th Quarter,5,Kansas City Chiefs,1,19,1,Field Goal,4th & 26 at CIN 26,00:03 4th,"— H.Butker 44 yard field goal is GOOD, Center-J.Winchester, Holder-T.Townsend."
2021,Conference Championships,SUN,01/30,Bengals,Chiefs,Overtime,1,Kansas City Chiefs,0,1,0,Kickoff from CIN 35,,Kickoff,"— E.McPherson kicks 65 yards from CIN 35 to end zone, Touchback."
2021,Conference Championships,SUN,01/30,Bengals,Chiefs,Overtime,1,Kansas City Chiefs,0,2,0,Pass Incomplete,1st & 10 at KC 25,15:00 5th Shotgun,— P.Mahomes pass incomplete short left to D.Robinson.
2021,Conference Championships,SUN,01/30,Bengals,Chiefs,Overtime,1,Kansas City Chiefs,0,3,0,Pass Incomplete,2nd & 10 at KC 25,14:58 5th Shotgun,— P.Mahomes pass incomplete short right to D.Robinson.
2021,Conference Championships,SUN,01/30,Bengals,Chiefs,Overtime,1,Kansas City Chiefs,0,4,0,Interception,3rd & 10 at KC 25,14:55 5th Shotgun,— P.Mahomes pass deep left intended for T.Hill INTERCEPTED by V.Bell (J.Bates III) at CIN 40. V.Bell to CIN 45 for 5 yards (T.Kelce).
2021,Conference Championships,SUN,01/30,Bengals,Chiefs,Overtime,2,Cincinnati Bengals,1,1,0,9 Yard Pass,1st & 10 at CIN 45,14:46 5th Shotgun,— J.Burrow pass short left to T.Higgins to KC 46 for 9 yards (R.Fenton).
2021,Conference Championships,SUN,01/30,Bengals,Chiefs,Overtime,2,Cincinnati Bengals,1,2,0,4 Yard Run,2nd & 1 at KC 46,14:07 5th Shotgun,— J.Mixon left end to KC 42 for 4 yards (R.Fenton; W.Gay).
2021,Conference Championships,SUN,01/30,Bengals,Chiefs,Overtime,2,Cincinnati Bengals,1,3,0,2 Yard Run,1st & 10 at KC 42,13:29 5th,— J.Mixon left end to KC 40 for 2 yards (F.Clark; J.Reed).
2021,Conference Championships,SUN,01/30,Bengals,Chiefs,Overtime,2,Cincinnati Bengals,1,4,0,8 Yard Pass,2nd & 8 at KC 40,12:51 5th Shotgun,— J.Burrow pass short left to T.Higgins to KC 32 for 8 yards (R.Fenton).
2021,Conference Championships,SUN,01/30,Bengals,Chiefs,Overtime,2,Cincinnati Bengals,1,5,0,7 Yard Run,1st & 10 at KC 32,12:07 5th,— D.Smith reported in as eligible. J.Mixon up the middle to KC 25 for 7 yards (T.Mathieu).
2021,Conference Championships,SUN,01/30,Bengals,Chiefs,Overtime,2,Cincinnati Bengals,1,6,0,13 Yard Run,2nd & 3 at KC 25,11:26 5th,— D.Smith reported in as eligible. J.Mixon left end to KC 12 for 13 yards (J.Thornhill).
2021,Conference Championships,SUN,01/30,Bengals,Chiefs,Overtime,2,Cincinnati Bengals,1,7,0,Timeout,,10:52 5th,— Timeout #1 by KC at 10:52.
2021,Conference Championships,SUN,01/30,Bengals,Chiefs,Overtime,2,Cincinnati Bengals,1,8,0,2 Yard Run,1st & 10 at KC 12,10:52 5th,— J.Mixon up the middle to KC 10 for 2 yards (J.Reed).
2021,Conference Championships,SUN,01/30,Bengals,Chiefs,Overtime,2,Cincinnati Bengals,1,9,0,-3 Yard Run,2nd & 8 at KC 10,10:07 5th,— D.Smith reported in as eligible. J.Burrow right end to KC 13 for -3 yards.
2021,Conference Championships,SUN,01/30,Bengals,Chiefs,Overtime,2,Cincinnati Bengals,1,10,1,Field Goal,3rd & 11 at KC 13,09:26 5th,"— E.McPherson 31 yard field goal is GOOD, Center-C.Harris, Holder-K.Huber."
2021,Conference Championships,SUN,01/30,49ers,Rams,1st Quarter,1,Los Angeles Rams,0,1,0,Kickoff from SF 35,,Kickoff,"— R.Gould kicks 65 yards from SF 35 to end zone, Touchback."
2021,Conference Championships,SUN,01/30,49ers,Rams,1st Quarter,1,Los Angeles Rams,0,2,0,3 Yard Pass,1st & 10 at LAR 25,15:00 1st,— M.Stafford pass short right to O.Beckham pushed ob at LAR 28 for 3 yards (A.Thomas).
2021,Conference Championships,SUN,01/30,49ers,Rams,1st Quarter,1,Los Angeles Rams,0,3,0,3 Yard Pass,2nd & 7 at LAR 28,14:42 1st Shotgun,— M.Stafford pass short right to V.Jefferson pushed ob at LAR 31 for 3 yards (A.Thomas).
2021,Conference Championships,SUN,01/30,49ers,Rams,1st Quarter,1,Los Angeles Rams,0,4,0,Pass Incomplete,3rd & 4 at LAR 31,"14:18 1st No Huddle, Shotgun",— M.Stafford pass incomplete short middle to O.Beckham.
2021,Conference Championships,SUN,01/30,49ers,Rams,1st Quarter,1,Los Angeles Rams,0,5,0,Punt,4th & 4 at LAR 31,14:14 1st,"— J.Hekker punts 58 yards to SF 11, Center-M.Orzech. T.Benjamin pushed ob at SF 20 for 9 yards (B.Howell)."
2021,Conference Championships,SUN,01/30,49ers,Rams,1st Quarter,2,San Francisco 49ers,0,1,0,0 Yard Run,1st & 10 at SF 20,14:06 1st Shotgun,— D.Samuel up the middle to SF 20 for no gain (A.Robinson).
2021,Conference Championships,SUN,01/30,49ers,Rams,1st Quarter,2,San Francisco 49ers,0,2,0,3 Yard Run,2nd & 10 at SF 20,13:23 1st,"— D.Samuel right end to SF 23 for 3 yards (N.Scott, V.Miller)."
2021,Conference Championships,SUN,01/30,49ers,Rams,1st Quarter,2,San Francisco 49ers,0,3,0,Pass Incomplete,3rd & 7 at SF 23,12:36 1st Shotgun,— J.Garoppolo pass incomplete deep middle to G.Kittle.
2021,Conference Championships,SUN,01/30,49ers,Rams,1st Quarter,2,San Francisco 49ers,0,4,0,Punt,4th & 7 at SF 23,12:31 1st,"— M.Wishnowsky punts 44 yards to LAR 33, Center-T.Pepper, fair catch by B.Powell."
2021,Conference Championships,SUN,01/30,49ers,Rams,1st Quarter,3,Los Angeles Rams,0,1,0,3 Yard Run,1st & 10 at LAR 33,12:25 1st,— C.Akers up the middle to LAR 36 for 3 yards (J.Ward; D.Jones).
2021,Conference Championships,SUN,01/30,49ers,Rams,1st Quarter,3,Los Angeles Rams,0,2,0,Pass Incomplete,2nd & 7 at LAR 36,11:45 1st,— M.Stafford pass incomplete short right to T.Higbee [D.Greenlaw].
2021,Conference Championships,SUN,01/30,49ers,Rams,1st Quarter,3,Los Angeles Rams,0,3,0,17 Yard Pass,3rd & 7 at LAR 36,"11:41 1st No Huddle, Shotgun","— M.Stafford pass short right to C.Kupp to SF 47 for 17 yards (F.Warner, J.Ward)."
2021,Conference Championships,SUN,01/30,49ers,Rams,1st Quarter,3,Los Angeles Rams,0,4,0,2 Yard Pass,1st & 10 at SF 47,"11:10 1st No Huddle, Shotgun",— M.Stafford pass short left to C.Akers to SF 45 for 2 yards (K.Williams).
2021,Conference Championships,SUN,01/30,49ers,Rams,1st Quarter,3,Los Angeles Rams,0,5,0,13 Yard Pass,2nd & 8 at SF 45,10:26 1st,— M.Stafford pass short right to T.Higbee to SF 32 for 13 yards (A.Thomas).
2021,Conference Championships,SUN,01/30,49ers,Rams,1st Quarter,3,Los Angeles Rams,0,6,0,10 Yard Pass,1st & 10 at SF 32,09:56 1st No Huddle,— M.Stafford pass short middle to O.Beckham to SF 22 for 10 yards (A.Thomas).
2021,Conference Championships,SUN,01/30,49ers,Rams,1st Quarter,3,Los Angeles Rams,0,7,0,14 Yard Run,1st & 10 at SF 22,09:09 1st,— C.Akers right tackle to SF 8 for 14 yards (J.Ward).
2021,Conference Championships,SUN,01/30,49ers,Rams,1st Quarter,3,Los Angeles Rams,0,8,0,0 Yard Run,1st & 8 at SF 8,08:24 1st,— C.Akers up the middle to SF 8 for no gain (A.Thomas; K.Givens).
2021,Conference Championships,SUN,01/30,49ers,Rams,1st Quarter,3,Los Angeles Rams,0,9,0,5 Yard Pass,2nd & 8 at SF 8,07:50 1st Shotgun,— M.Stafford pass short left to T.Higbee to SF 3 for 5 yards (J.Tartt).
2021,Conference Championships,SUN,01/30,49ers,Rams,1st Quarter,3,Los Angeles Rams,0,10,0,Interception,3rd & 3 at SF 3,07:04 1st Shotgun,— M.Stafford pass short middle intended for C.Kupp INTERCEPTED by J.Ward (K.Williams) at SF 0. J.Ward to SF 23 for 23 yards (R.Havenstein).
2021,Conference Championships,SUN,01/30,49ers,Rams,1st Quarter,4,San Francisco 49ers,0,1,0,12 Yard Pass,1st & 10 at SF 23,06:53 1st Shotgun,— J.Garoppolo pass short right to B.Aiyuk to SF 35 for 12 yards (N.Scott).
2021,Conference Championships,SUN,01/30,49ers,Rams,1st Quarter,4,San Francisco 49ers,0,2,0,3 Yard Run,1st & 10 at SF 35,06:23 1st,— E.Mitchell up the middle to SF 38 for 3 yards (E.Weddle; A.Robinson).
2021,Conference Championships,SUN,01/30,49ers,Rams,1st Quarter,4,San Francisco 49ers,0,3,0,18 Yard Pass,2nd & 7 at SF 38,05:42 1st,— J.Garoppolo pass short left to E.Mitchell to LAR 44 for 18 yards (N.Scott).
2021,Conference Championships,SUN,01/30,49ers,Rams,1st Quarter,4,San Francisco 49ers,0,4,0,1 Yard Run,1st & 10 at LAR 44,04:58 1st,— E.Mitchell right end to LAR 43 for 1 yard (E.Weddle; G.Gaines).
2021,Conference Championships,SUN,01/30,49ers,Rams,1st Quarter,4,San Francisco 49ers,0,5,0,3 Yard Run,2nd & 9 at LAR 43,04:14 1st,— E.Mitchell up the middle to LAR 40 for 3 yards (A.Donald; J.Hollins).
2021,Conference Championships,SUN,01/30,49ers,Rams,1st Quarter,4,San Francisco 49ers,0,6,0,Pass Incomplete,3rd & 6 at LAR 40,03:31 1st Shotgun,"— J.Garoppolo pass incomplete short right to B.Aiyuk (T.Reeder, D.Williams)."
2021,Conference Championships,SUN,01/30,49ers,Rams,1st Quarter,4,San Francisco 49ers,0,7,0,Punt,4th & 6 at LAR 40,03:28 1st,"— M.Wishnowsky punts 37 yards to LAR 3, Center-T.Pepper, downed by SF-R.Dwelley."
2021,Conference Championships,SUN,01/30,49ers,Rams,2nd Quarter,1,Los Angeles Rams,1,1,0,0 Yard Run,1st & 10 at LAR 3,03:19 1st,— S.Michel left tackle to LAR 3 for no gain (J.Tartt).
2021,Conference Championships,SUN,01/30,49ers,Rams,2nd Quarter,1,Los Angeles Rams,1,2,0,8 Yard Run,2nd & 10 at LAR 3,02:36 1st,"— S.Michel up the middle to LAR 11 for 8 yards (A.Thomas, J.Tartt)."
2021,Conference Championships,SUN,01/30,49ers,Rams,2nd Quarter,1,Los Angeles Rams,1,3,0,9 Yard Penalty,3rd & 2 at LAR 11,02:03 1st Shotgun,"— M.Stafford pass incomplete short right to V.Jefferson. PENALTY on SF-A.Thomas, Defensive Pass Interference, 9 yards, enforced at LAR 11 - No Play."
2021,Conference Championships,SUN,01/30,49ers,Rams,2nd Quarter,1,Los Angeles Rams,1,4,0,4 Yard Run,1st & 10 at LAR 20,02:00 1st,"— C.Akers left end to LAR 24 for 4 yards (D.Greenlaw, F.Warner)."
2021,Conference Championships,SUN,01/30,49ers,Rams,2nd Quarter,1,Los Angeles Rams,1,5,0,4 Yard Run,2nd & 6 at LAR 24,01:15 1st Shotgun,— C.Akers right end to LAR 28 for 4 yards (F.Warner).
2021,Conference Championships,SUN,01/30,49ers,Rams,2nd Quarter,1,Los Angeles Rams,1,6,0,Timeout,,00:34 1st,— Timeout #1 by LAR at 00:34.
2021,Conference Championships,SUN,01/30,49ers,Rams,2nd Quarter,1,Los Angeles Rams,1,7,0,3 Yard Run,3rd & 2 at LAR 28,00:34 1st Shotgun,— S.Michel left tackle to LAR 31 for 3 yards (S.Ebukam; D.Greenlaw).
2021,Conference Championships,SUN,01/30,49ers,Rams,2nd Quarter,1,Los Angeles Rams,1,8,0,6 Yard Run,1st & 10 at LAR 31,15:00 2nd,— C.Akers left end to LAR 37 for 6 yards (N.Bosa).
2021,Conference Championships,SUN,01/30,49ers,Rams,2nd Quarter,1,Los Angeles Rams,1,9,0,6 Yard Pass,2nd & 4 at LAR 37,14:18 2nd,— M.Stafford pass short right to O.Beckham to LAR 43 for 6 yards (A.Thomas).
2021,Conference Championships,SUN,01/30,49ers,Rams,2nd Quarter,1,Los Angeles Rams,1,10,0,Pass Incomplete,1st & 10 at LAR 43,13:36 2nd Shotgun,— M.Stafford pass incomplete short right.
2021,Conference Championships,SUN,01/30,49ers,Rams,2nd Quarter,1,Los Angeles Rams,1,11,0,Pass Incomplete,2nd & 10 at LAR 43,"13:29 2nd No Huddle, Shotgun",— M.Stafford pass incomplete short middle.
2021,Conference Championships,SUN,01/30,49ers,Rams,2nd Quarter,1,Los Angeles Rams,1,12,0,14 Yard Run,3rd & 10 at LAR 43,13:26 2nd Shotgun,— M.Stafford scrambles up the middle to SF 43 for 14 yards (D.Greenlaw).
2021,Conference Championships,SUN,01/30,49ers,Rams,2nd Quarter,1,Los Angeles Rams,1,13,0,Pass Incomplete,1st & 10 at SF 43,"12:55 2nd No Huddle, Shotgun",— M.Stafford pass incomplete short middle to S.Michel (F.Warner).
2021,Conference Championships,SUN,01/30,49ers,Rams,2nd Quarter,1,Los Angeles Rams,1,14,0,11 Yard Pass,2nd & 10 at SF 43,"12:51 2nd No Huddle, Shotgun",— M.Stafford pass short middle to K.Blanton to SF 32 for 11 yards (J.Ward).
2021,Conference Championships,SUN,01/30,49ers,Rams,2nd Quarter,1,Los Angeles Rams,1,15,0,-3 Yard Run,1st & 10 at SF 32,12:06 2nd,— S.Michel up the middle to SF 35 for -3 yards (N.Bosa).
2021,Conference Championships,SUN,01/30,49ers,Rams,2nd Quarter,1,Los Angeles Rams,1,16,0,7 Yard Pass,2nd & 13 at SF 35,11:32 2nd Shotgun,— M.Stafford pass short left to C.Kupp to SF 28 for 7 yards (D.Jones). SF-D.Greenlaw was injured during the play.
2021,Conference Championships,SUN,01/30,49ers,Rams,2nd Quarter,1,Los Angeles Rams,1,17,0,15 Yard Pass,3rd & 6 at SF 28,10:57 2nd Shotgun,— M.Stafford pass short right to C.Kupp ran ob at SF 13 for 15 yards.
2021,Conference Championships,SUN,01/30,49ers,Rams,2nd Quarter,1,Los Angeles Rams,1,18,0,-4 Yard Sack,1st & 10 at SF 13,10:20 2nd Shotgun,— M.Stafford sacked at SF 17 for -4 yards (N.Bosa).
2021,Conference Championships,SUN,01/30,49ers,Rams,2nd Quarter,1,Los Angeles Rams,1,19,0,1 Yard Run,2nd & 14 at SF 17,09:35 2nd Shotgun,"— S.Michel up the middle to SF 16 for 1 yard (S.Ebukam, F.Warner)."
2021,Conference Championships,SUN,01/30,49ers,Rams,2nd Quarter,1,Los Angeles Rams,1,20,1,Touchdown,3rd & 13 at SF 16,08:50 2nd Shotgun,"— M.Stafford pass deep right to C.Kupp for 16 yards, TOUCHDOWN."
2021,Conference Championships,SUN,01/30,49ers,Rams,2nd Quarter,1,Los Angeles Rams,1,21,1,Extra Point,,08:46 2nd,"— M.Gay extra point is GOOD, Center-M.Orzech, Holder-J.Hekker."
2021,Conference Championships,SUN,01/30,49ers,Rams,2nd Quarter,2,San Francisco 49ers,1,1,0,Kickoff from LAR 35,,Kickoff,"— M.Gay kicks 65 yards from LAR 35 to end zone, Touchback."
2021,Conference Championships,SUN,01/30,49ers,Rams,2nd Quarter,2,San Francisco 49ers,1,2,0,2 Yard Pass,1st & 10 at SF 25,08:46 2nd Shotgun,— J.Garoppolo pass short left to D.Samuel to SF 27 for 2 yards (T.Reeder).
2021,Conference Championships,SUN,01/30,49ers,Rams,2nd Quarter,2,San Francisco 49ers,1,3,0,31 Yard Pass,2nd & 8 at SF 27,08:04 2nd Shotgun,— J.Garoppolo pass deep left to B.Aiyuk pushed ob at LAR 42 for 31 yards (D.Williams).
2021,Conference Championships,SUN,01/30,49ers,Rams,2nd Quarter,2,San Francisco 49ers,1,4,0,-5 Yard Penalty,1st & 10 at LAR 42,07:23 2nd,"— PENALTY on SF-T.Williams, False Start, 5 yards, enforced at LAR 42 - No Play."
2021,Conference Championships,SUN,01/30,49ers,Rams,2nd Quarter,2,San Francisco 49ers,1,5,0,3 Yard Run,1st & 15 at LAR 47,07:03 2nd Shotgun,"— E.Mitchell up the middle to LAR 44 for 3 yards (T.Reeder, E.Weddle)."
2021,Conference Championships,SUN,01/30,49ers,Rams,2nd Quarter,2,San Francisco 49ers,1,6,1,Touchdown,2nd & 12 at LAR 44,06:19 2nd Shotgun,"— J.Garoppolo pass short right to D.Samuel for 44 yards, TOUCHDOWN."
2021,Conference Championships,SUN,01/30,49ers,Rams,2nd Quarter,2,San Francisco 49ers,1,7,1,Extra Point,,06:10 2nd,"— R.Gould extra point is GOOD, Center-T.Pepper, Holder-M.Wishnowsky."
2021,Conference Championships,SUN,01/30,49ers,Rams,2nd Quarter,3,Los Angeles Rams,0,1,0,Kickoff from SF 35,,Kickoff,— R.Gould kicks 66 yards from SF 35 to LAR -1. B.Powell to LAR 23 for 24 yards (T.Sermon).
2021,Conference Championships,SUN,01/30,49ers,Rams,2nd Quarter,3,Los Angeles Rams,0,2,0,1 Yard Run,1st & 10 at LAR 23,06:05 2nd,— C.Akers left end to LAR 24 for 1 yard (J.Willis).
2021,Conference Championships,SUN,01/30,49ers,Rams,2nd Quarter,3,Los Angeles Rams,0,3,0,Pass Incomplete,2nd & 9 at LAR 24,"05:36 2nd No Huddle, Shotgun",— M.Stafford pass incomplete short right to C.Kupp [K.Givens].
2021,Conference Championships,SUN,01/30,49ers,Rams,2nd Quarter,3,Los Angeles Rams,0,4,0,13 Yard Pass,3rd & 9 at LAR 24,05:31 2nd Shotgun,— M.Stafford pass short middle to O.Beckham to LAR 37 for 13 yards (E.Moseley).
2021,Conference Championships,SUN,01/30,49ers,Rams,2nd Quarter,3,Los Angeles Rams,0,5,0,9 Yard Run,1st & 10 at LAR 37,04:49 2nd,— C.Akers up the middle to LAR 46 for 9 yards (E.Moseley).
2021,Conference Championships,SUN,01/30,49ers,Rams,2nd Quarter,3,Los Angeles Rams,0,6,0,2 Yard Run,2nd & 1 at LAR 46,04:11 2nd,— C.Akers right tackle to LAR 48 for 2 yards (A.Thomas).
2021,Conference Championships,SUN,01/30,49ers,Rams,2nd Quarter,3,Los Angeles Rams,0,7,0,Pass Incomplete,1st & 10 at LAR 48,"03:44 2nd No Huddle, Shotgun",— M.Stafford pass incomplete short middle to C.Kupp.
2021,Conference Championships,SUN,01/30,49ers,Rams,2nd Quarter,3,Los Angeles Rams,0,8,0,9 Yard Pass,2nd & 10 at LAR 48,03:38 2nd Shotgun,— M.Stafford pass short left to C.Kupp to SF 43 for 9 yards (E.Moseley).
2021,Conference Championships,SUN,01/30,49ers,Rams,2nd Quarter,3,Los Angeles Rams,0,9,0,5 Yard Run,3rd & 1 at SF 43,02:53 2nd,— S.Michel right tackle to SF 38 for 5 yards (A.Thomas).
2021,Conference Championships,SUN,01/30,49ers,Rams,2nd Quarter,3,Los Angeles Rams,0,10,0,Pass Incomplete,1st & 10 at SF 38,"02:28 2nd No Huddle, Shotgun",— M.Stafford pass incomplete deep middle to B.Skowronek.
2021,Conference Championships,SUN,01/30,49ers,Rams,2nd Quarter,3,Los Angeles Rams,0,11,0,2 Yard Run,2nd & 10 at SF 38,02:22 2nd Shotgun,— C.Akers up the middle to SF 36 for 2 yards (N.Bosa).
2021,Conference Championships,SUN,01/30,49ers,Rams,2nd Quarter,3,Los Angeles Rams,0,12,0,Pass Incomplete,3rd & 8 at SF 36,02:00 2nd Shotgun,— M.Stafford pass incomplete deep right to O.Beckham [S.Ebukam].
2021,Conference Championships,SUN,01/30,49ers,Rams,2nd Quarter,3,Los Angeles Rams,0,13,0,Field Goal No Good,4th & 8 at SF 36,01:55 2nd,"— M.Gay 54 yard field goal is No Good, Wide Right, Center-M.Orzech, Holder-J.Hekker."
2021,Conference Championships,SUN,01/30,49ers,Rams,2nd Quarter,4,San Francisco 49ers,1,1,0,2 Yard Run,1st & 10 at SF 44,01:50 2nd Shotgun,— D.Samuel left end to SF 46 for 2 yards (A.Robinson).
2021,Conference Championships,SUN,01/30,49ers,Rams,2nd Quarter,4,San Francisco 49ers,1,2,0,Pass Incomplete,2nd & 8 at SF 46,01:05 2nd Shotgun,— J.Garoppolo pass incomplete short middle to D.Samuel. SF-D.Samuel was injured during the play.
2021,Conference Championships,SUN,01/30,49ers,Rams,2nd Quarter,4,San Francisco 49ers,1,3,0,Timeout,,01:01 2nd,— Timeout #1 by SF at 01:01. SF charged a TO due to injury under 2:00.
2021,Conference Championships,SUN,01/30,49ers,Rams,2nd Quarter,4,San Francisco 49ers,1,4,0,11 Yard Pass,3rd & 8 at SF 46,01:01 2nd Shotgun,— J.Garoppolo pass short middle to G.Kittle to LAR 43 for 11 yards (E.Weddle).
2021,Conference Championships,SUN,01/30,49ers,Rams,2nd Quarter,4,San Francisco 49ers,1,5,0,Timeout,,00:51 2nd,— Timeout #2 by SF at 00:51.
2021,Conference Championships,SUN,01/30,49ers,Rams,2nd Quarter,4,San Francisco 49ers,1,6,0,6 Yard Pass,1st & 10 at LAR 43,00:51 2nd Shotgun,— J.Garoppolo pass short right to J.Hasty to LAR 37 for 6 yards (D.Williams; T.Howard).
2021,Conference Championships,SUN,01/30,49ers,Rams,2nd Quarter,4,San Francisco 49ers,1,7,0,13 Yard Pass,2nd & 4 at LAR 37,"00:33 2nd No Huddle, Shotgun",— J.Garoppolo pass short left to B.Aiyuk to LAR 24 for 13 yards (N.Scott).
2021,Conference Championships,SUN,01/30,49ers,Rams,2nd Quarter,4,San Francisco 49ers,1,8,0,Pass Incomplete,1st & 10 at LAR 24,00:21 2nd No Huddle,— J.Garoppolo spiked the ball to stop the clock.
2021,Conference Championships,SUN,01/30,49ers,Rams,2nd Quarter,4,San Francisco 49ers,1,9,0,4 Yard Run,2nd & 10 at LAR 24,00:20 2nd Shotgun,— J.Garoppolo scrambles up the middle to LAR 20 for 4 yards (T.Reeder).
2021,Conference Championships,SUN,01/30,49ers,Rams,2nd Quarter,4,San Francisco 49ers,1,10,0,Timeout,,00:02 2nd,— Timeout #3 by SF at 00:02.
2021,Conference Championships,SUN,01/30,49ers,Rams,2nd Quarter,4,San Francisco 49ers,1,11,1,Field Goal,3rd & 6 at LAR 20,00:02 2nd,"— R.Gould 38 yard field goal is GOOD, Center-T.Pepper, Holder-M.Wishnowsky."
2021,Conference Championships,SUN,01/30,49ers,Rams,3rd Quarter,1,San Francisco 49ers,0,1,0,Kickoff from LAR 35,,Kickoff,— M.Gay kicks 62 yards from LAR 35 to SF 3. D.Samuel to SF 18 for 15 yards (O.Okoronkwo).
2021,Conference Championships,SUN,01/30,49ers,Rams,3rd Quarter,1,San Francisco 49ers,0,2,0,Pass Incomplete,1st & 10 at SF 18,14:55 3rd Shotgun,— J.Garoppolo pass incomplete short right to D.Samuel (J.Ramsey).
2021,Conference Championships,SUN,01/30,49ers,Rams,3rd Quarter,1,San Francisco 49ers,0,3,0,6 Yard Run,2nd & 10 at SF 18,14:50 3rd Shotgun,— D.Samuel right tackle to SF 24 for 6 yards (E.Weddle).
2021,Conference Championships,SUN,01/30,49ers,Rams,3rd Quarter,1,San Francisco 49ers,0,4,0,5 Yard Penalty,3rd & 4 at SF 24,14:09 3rd Shotgun,"— PENALTY on LAR-G.Gaines, Neutral Zone Infraction, 5 yards, enforced at SF 24 - No Play."
2021,Conference Championships,SUN,01/30,49ers,Rams,3rd Quarter,1,San Francisco 49ers,0,5,0,9 Yard Run,1st & 10 at SF 29,13:47 3rd Shotgun,— D.Samuel up the middle to SF 38 for 9 yards (E.Weddle; A.Donald).
2021,Conference Championships,SUN,01/30,49ers,Rams,3rd Quarter,1,San Francisco 49ers,0,6,0,3 Yard Run,2nd & 1 at SF 38,13:12 3rd,— E.Mitchell up the middle to SF 41 for 3 yards (E.Jones; A.Donald).
2021,Conference Championships,SUN,01/30,49ers,Rams,3rd Quarter,1,San Francisco 49ers,0,7,0,5 Yard Penalty,1st & 10 at SF 41,12:35 3rd Shotgun,"— J.Garoppolo pass incomplete short left [O.Okoronkwo]. PENALTY on LAR-J.Ramsey, Illegal Contact, 5 yards, enforced at SF 41 - No Play."
2021,Conference Championships,SUN,01/30,49ers,Rams,3rd Quarter,1,San Francisco 49ers,0,8,0,11 Yard Pass,1st & 10 at SF 46,12:28 3rd Shotgun,— J.Garoppolo pass short right to E.Mitchell to LAR 43 for 11 yards (T.Reeder; D.Williams).
2021,Conference Championships,SUN,01/30,49ers,Rams,3rd Quarter,1,San Francisco 49ers,0,9,0,1 Yard Run,1st & 10 at LAR 43,11:51 3rd,— E.Mitchell up the middle to LAR 42 for 1 yard (E.Weddle; T.Reeder).
2021,Conference Championships,SUN,01/30,49ers,Rams,3rd Quarter,1,San Francisco 49ers,0,10,0,Pass Incomplete,2nd & 9 at LAR 42,11:06 3rd Shotgun,— J.Garoppolo pass incomplete short right to B.Aiyuk [V.Miller].
2021,Conference Championships,SUN,01/30,49ers,Rams,3rd Quarter,1,San Francisco 49ers,0,11,0,Pass Incomplete,3rd & 9 at LAR 42,10:59 3rd Shotgun,— J.Garoppolo pass incomplete short left to G.Kittle (G.Gaines).
2021,Conference Championships,SUN,01/30,49ers,Rams,3rd Quarter,1,San Francisco 49ers,0,12,0,Punt,4th & 9 at LAR 42,10:55 3rd,"— M.Wishnowsky punts 31 yards to LAR 11, Center-T.Pepper, fair catch by C.Kupp."
2021,Conference Championships,SUN,01/30,49ers,Rams,3rd Quarter,2,Los Angeles Rams,0,1,0,-2 Yard Run,1st & 10 at LAR 11,10:49 3rd,— C.Kupp left end pushed ob at LAR 9 for -2 yards (F.Warner). SF-K.Williams was injured during the play.
2021,Conference Championships,SUN,01/30,49ers,Rams,3rd Quarter,2,Los Angeles Rams,0,2,0,13 Yard Pass,2nd & 12 at LAR 9,10:34 3rd Shotgun,— M.Stafford pass short left to O.Beckham ran ob at LAR 22 for 13 yards.
2021,Conference Championships,SUN,01/30,49ers,Rams,3rd Quarter,2,Los Angeles Rams,0,3,0,26 Yard Pass,1st & 10 at LAR 22,"10:13 3rd No Huddle, Shotgun",— M.Stafford pass deep middle to O.Beckham to LAR 48 for 26 yards (J.Tartt).
2021,Conference Championships,SUN,01/30,49ers,Rams,3rd Quarter,2,Los Angeles Rams,0,4,0,9 Yard Pass,1st & 10 at LAR 48,"09:42 3rd No Huddle, Shotgun","— M.Stafford pass short right to K.Blanton to SF 43 for 9 yards (A.Thomas, A.Al-Shaair)."
2021,Conference Championships,SUN,01/30,49ers,Rams,3rd Quarter,2,Los Angeles Rams,0,5,0,0 Yard Run,2nd & 1 at SF 43,08:57 3rd,— C.Akers right tackle to SF 43 for no gain (K.Givens; A.Al-Shaair).
2021,Conference Championships,SUN,01/30,49ers,Rams,3rd Quarter,2,Los Angeles Rams,0,6,0,Pass Incomplete,3rd & 1 at SF 43,08:09 3rd,— M.Stafford pass incomplete short right [D.Jones].
2021,Conference Championships,SUN,01/30,49ers,Rams,3rd Quarter,2,Los Angeles Rams,0,7,0,Turnover on Downs,4th & 1 at SF 43,08:03 3rd,"— M.Stafford up the middle to SF 43 for no gain (D.Jones; F.Warner). Los Angeles Rams challenged the short of the line to gain ruling, and the play was Upheld. The ruling on the field stands. (Timeout #1.)"
2021,Conference Championships,SUN,01/30,49ers,Rams,3rd Quarter,3,San Francisco 49ers,1,1,0,1 Yard Run,1st & 10 at SF 42,07:53 3rd Shotgun,— D.Samuel left tackle to SF 43 for 1 yard (A.Robinson; E.Jones).
2021,Conference Championships,SUN,01/30,49ers,Rams,3rd Quarter,3,San Francisco 49ers,1,2,0,5 Yard Run,2nd & 9 at SF 43,07:13 3rd,"— D.Samuel left tackle to SF 48 for 5 yards (E.Weddle, N.Scott)."
2021,Conference Championships,SUN,01/30,49ers,Rams,3rd Quarter,3,San Francisco 49ers,1,3,0,13 Yard Pass,3rd & 4 at SF 48,06:33 3rd Shotgun,— J.Garoppolo pass short middle to B.Aiyuk to LAR 39 for 13 yards (D.Williams).
2021,Conference Championships,SUN,01/30,49ers,Rams,3rd Quarter,3,San Francisco 49ers,1,4,0,-1 Yard Run,1st & 10 at LAR 39,05:49 3rd Shotgun,— E.Mitchell left tackle to LAR 40 for -1 yards (G.Gaines).
2021,Conference Championships,SUN,01/30,49ers,Rams,3rd Quarter,3,San Francisco 49ers,1,5,0,14 Yard Pass,2nd & 11 at LAR 40,05:07 3rd Shotgun,— J.Garoppolo pass short left to D.Samuel to LAR 26 for 14 yards (T.Reeder).
2021,Conference Championships,SUN,01/30,49ers,Rams,3rd Quarter,3,San Francisco 49ers,1,6,0,0 Yard Run,1st & 10 at LAR 26,04:20 3rd,— E.Mitchell left tackle to LAR 26 for no gain (A.Robinson).
2021,Conference Championships,SUN,01/30,49ers,Rams,3rd Quarter,3,San Francisco 49ers,1,7,0,Pass Incomplete,2nd & 10 at LAR 26,03:35 3rd Shotgun,— J.Garoppolo pass incomplete short middle to D.Samuel.
2021,Conference Championships,SUN,01/30,49ers,Rams,3rd Quarter,3,San Francisco 49ers,1,8,0,11 Yard Pass,3rd & 10 at LAR 26,03:31 3rd Shotgun,— J.Garoppolo pass short middle to J.Jennings to LAR 15 for 11 yards (T.Reeder).
2021,Conference Championships,SUN,01/30,49ers,Rams,3rd Quarter,3,San Francisco 49ers,1,9,0,-1 Yard Run,1st & 10 at LAR 15,02:46 3rd,— E.Mitchell right tackle to LAR 16 for -1 yards (V.Miller).
2021,Conference Championships,SUN,01/30,49ers,Rams,3rd Quarter,3,San Francisco 49ers,1,10,1,Touchdown,2nd & 11 at LAR 16,02:04 3rd Shotgun,"— J.Garoppolo pass deep left to G.Kittle for 16 yards, TOUCHDOWN."
2021,Conference Championships,SUN,01/30,49ers,Rams,3rd Quarter,3,San Francisco 49ers,1,11,1,Extra Point,,01:59 3rd,"— R.Gould extra point is GOOD, Center-T.Pepper, Holder-M.Wishnowsky."
2021,Conference Championships,SUN,01/30,49ers,Rams,4th Quarter,1,Los Angeles Rams,1,1,0,Kickoff from SF 35,,Kickoff,"— R.Gould kicks 65 yards from SF 35 to end zone, Touchback."
2021,Conference Championships,SUN,01/30,49ers,Rams,4th Quarter,1,Los Angeles Rams,1,2,0,22 Yard Pass,1st & 10 at LAR 25,01:59 3rd Shotgun,"— M.Stafford pass short right to C.Kupp to LAR 32 for 7 yards (A.Thomas). PENALTY on SF-A.Al-Shaair, Taunting, 15 yards, enforced at LAR 32."
2021,Conference Championships,SUN,01/30,49ers,Rams,4th Quarter,1,Los Angeles Rams,1,3,0,2 Yard Run,1st & 10 at LAR 47,01:29 3rd,— S.Michel up the middle to LAR 49 for 2 yards (F.Warner).
2021,Conference Championships,SUN,01/30,49ers,Rams,4th Quarter,1,Los Angeles Rams,1,4,0,11 Yard Pass,2nd & 8 at LAR 49,01:00 3rd Shotgun,— M.Stafford pass short left to C.Kupp pushed ob at SF 40 for 11 yards (K.Williams).
2021,Conference Championships,SUN,01/30,49ers,Rams,4th Quarter,1,Los Angeles Rams,1,5,0,Timeout,,00:19 3rd,— Timeout #2 by LAR at 00:19.
2021,Conference Championships,SUN,01/30,49ers,Rams,4th Quarter,1,Los Angeles Rams,1,6,0,20 Yard Pass,1st & 10 at SF 40,00:19 3rd,— M.Stafford pass short middle to K.Blanton to SF 20 for 20 yards (J.Ward; A.Thomas).
2021,Conference Championships,SUN,01/30,49ers,Rams,4th Quarter,1,Los Angeles Rams,1,7,0,9 Yard Pass,1st & 10 at SF 20,15:00 4th,— M.Stafford pass short right to K.Blanton to SF 11 for 9 yards (F.Warner).
2021,Conference Championships,SUN,01/30,49ers,Rams,4th Quarter,1,Los Angeles Rams,1,8,0,0 Yard Run,2nd & 1 at SF 11,14:19 4th,— S.Michel up the middle to SF 11 for no gain (E.Moseley).
2021,Conference Championships,SUN,01/30,49ers,Rams,4th Quarter,1,Los Angeles Rams,1,9,1,Touchdown,3rd & 1 at SF 11,13:35 4th Shotgun,"— M.Stafford pass short left to C.Kupp for 11 yards, TOUCHDOWN."
2021,Conference Championships,SUN,01/30,49ers,Rams,4th Quarter,1,Los Angeles Rams,1,10,1,Extra Point,,13:30 4th,"— M.Gay extra point is GOOD, Center-M.Orzech, Holder-J.Hekker."
2021,Conference Championships,SUN,01/30,49ers,Rams,4th Quarter,2,San Francisco 49ers,0,1,0,Kickoff from LAR 35,,Kickoff,— M.Gay kicks 62 yards from LAR 35 to SF 3. D.Samuel to SF 14 for 11 yards (B.Howell).
2021,Conference Championships,SUN,01/30,49ers,Rams,4th Quarter,2,San Francisco 49ers,0,2,0,21 Yard Pass,1st & 10 at SF 14,13:27 4th,— J.Garoppolo pass short middle to E.Mitchell to SF 35 for 21 yards (T.Reeder).
2021,Conference Championships,SUN,01/30,49ers,Rams,4th Quarter,2,San Francisco 49ers,0,3,0,Pass Incomplete,1st & 10 at SF 35,12:46 4th,— J.Garoppolo pass incomplete short left to B.Aiyuk.
2021,Conference Championships,SUN,01/30,49ers,Rams,4th Quarter,2,San Francisco 49ers,0,4,0,12 Yard Pass,2nd & 10 at SF 35,12:42 4th Shotgun,— J.Garoppolo pass short right to D.Samuel to SF 47 for 12 yards (J.Ramsey).
2021,Conference Championships,SUN,01/30,49ers,Rams,4th Quarter,2,San Francisco 49ers,0,5,0,9 Yard Run,1st & 10 at SF 47,12:02 4th Shotgun,"— E.Mitchell up the middle to LAR 44 for 9 yards (N.Scott, O.Okoronkwo)."
2021,Conference Championships,SUN,01/30,49ers,Rams,4th Quarter,2,San Francisco 49ers,0,6,0,-1 Yard Run,2nd & 1 at LAR 44,11:23 4th,— E.Mitchell up the middle to LAR 45 for -1 yards (E.Weddle).
2021,Conference Championships,SUN,01/30,49ers,Rams,4th Quarter,2,San Francisco 49ers,0,7,0,0 Yard Run,3rd & 2 at LAR 45,10:42 4th,"— T.Williams reported in as eligible. K.Juszczyk up the middle to LAR 45 for no gain (G.Gaines; A.Robinson). Los Angeles Rams challenged the runner was down by contact ruling, and the play was Upheld. The ruling on the field stands. (Timeout #3.)"
2021,Conference Championships,SUN,01/30,49ers,Rams,4th Quarter,2,San Francisco 49ers,0,8,0,-5 Yard Penalty,4th & 2 at LAR 45,10:01 4th Run formation,"— PENALTY on SF, Delay of Game, 5 yards, enforced at LAR 45 - No Play."
2021,Conference Championships,SUN,01/30,49ers,Rams,4th Quarter,2,San Francisco 49ers,0,9,0,Punt,4th & 7 at 50,10:01 4th,"— M.Wishnowsky punts 35 yards to LAR 15, Center-T.Pepper, fair catch by C.Kupp."
2021,Conference Championships,SUN,01/30,49ers,Rams,4th Quarter,3,Los Angeles Rams,1,1,0,Pass Incomplete,1st & 10 at LAR 15,09:55 4th,— C.Shelton reported in as eligible. M.Stafford pass incomplete deep middle to V.Jefferson [J.Willis].
2021,Conference Championships,SUN,01/30,49ers,Rams,4th Quarter,3,Los Angeles Rams,1,2,0,44 Yard Pass,2nd & 10 at LAR 15,09:47 4th Shotgun,"— M.Stafford pass deep left to O.Beckham to LAR 44 for 29 yards (J.Ward). PENALTY on SF-J.Ward, Unnecessary Roughness, 15 yards, enforced at LAR 44."
2021,Conference Championships,SUN,01/30,49ers,Rams,4th Quarter,3,Los Angeles Rams,1,3,0,0 Yard Run,1st & 10 at SF 41,09:23 4th,— C.Akers up the middle to SF 41 for no gain (J.Tartt; J.Willis).
2021,Conference Championships,SUN,01/30,49ers,Rams,4th Quarter,3,Los Angeles Rams,1,4,0,Pass Incomplete,2nd & 10 at SF 41,"08:55 4th No Huddle, Shotgun",— M.Stafford pass incomplete deep right to V.Jefferson.
2021,Conference Championships,SUN,01/30,49ers,Rams,4th Quarter,3,Los Angeles Rams,1,5,0,16 Yard Pass,3rd & 10 at SF 41,08:50 4th Shotgun,— M.Stafford pass short right to C.Kupp to SF 25 for 16 yards (J.Ward; T.Hufanga).
2021,Conference Championships,SUN,01/30,49ers,Rams,4th Quarter,3,Los Angeles Rams,1,6,0,Pass Incomplete,1st & 10 at SF 25,"08:24 4th No Huddle, Shotgun",— M.Stafford pass incomplete deep right to V.Jefferson.
2021,Conference Championships,SUN,01/30,49ers,Rams,4th Quarter,3,Los Angeles Rams,1,7,0,7 Yard Pass,2nd & 10 at SF 25,08:19 4th Shotgun,— M.Stafford pass short right to O.Beckham to SF 18 for 7 yards (A.Al-Shaair) [K.Williams].
2021,Conference Championships,SUN,01/30,49ers,Rams,4th Quarter,3,Los Angeles Rams,1,8,0,-4 Yard Pass,3rd & 3 at SF 18,07:34 4th Shotgun,— M.Stafford pass short right to S.Michel to SF 22 for -4 yards (F.Warner).
2021,Conference Championships,SUN,01/30,49ers,Rams,4th Quarter,3,Los Angeles Rams,1,9,1,Field Goal,4th & 7 at SF 22,06:53 4th,"— M.Gay 40 yard field goal is GOOD, Center-M.Orzech, Holder-J.Hekker."
2021,Conference Championships,SUN,01/30,49ers,Rams,4th Quarter,4,San Francisco 49ers,0,1,0,Kickoff from LAR 35,,Kickoff,"— M.Gay kicks 65 yards from LAR 35 to end zone, Touchback."
2021,Conference Championships,SUN,01/30,49ers,Rams,4th Quarter,4,San Francisco 49ers,0,2,0,Pass Incomplete,1st & 10 at SF 25,06:49 4th Shotgun,— J.Garoppolo pass incomplete short middle to G.Kittle [A.Donald].
2021,Conference Championships,SUN,01/30,49ers,Rams,4th Quarter,4,San Francisco 49ers,0,3,0,-5 Yard Penalty,2nd & 10 at SF 25,06:45 4th Shotgun,"— PENALTY on SF, Delay of Game, 5 yards, enforced at SF 25 - No Play."
2021,Conference Championships,SUN,01/30,49ers,Rams,4th Quarter,4,San Francisco 49ers,0,4,0,Pass Incomplete,2nd & 15 at SF 20,06:45 4th Shotgun,— J.Garoppolo pass incomplete short right to B.Aiyuk (J.Ramsey).
2021,Conference Championships,SUN,01/30,49ers,Rams,4th Quarter,4,San Francisco 49ers,0,5,0,Pass Incomplete,3rd & 15 at SF 20,06:37 4th Shotgun,— J.Garoppolo pass incomplete short left to T.Benjamin.
2021,Conference Championships,SUN,01/30,49ers,Rams,4th Quarter,4,San Francisco 49ers,0,6,0,Punt,4th & 15 at SF 20,06:32 4th,"— M.Wishnowsky punts 41 yards to LAR 39, Center-T.Pepper, fair catch by B.Powell."
2021,Conference Championships,SUN,01/30,49ers,Rams,4th Quarter,5,Los Angeles Rams,1,1,0,3 Yard Run,1st & 10 at LAR 39,06:26 4th,— C.Akers up the middle to LAR 42 for 3 yards (A.Al-Shaair).
2021,Conference Championships,SUN,01/30,49ers,Rams,4th Quarter,5,Los Angeles Rams,1,2,0,6 Yard Pass,2nd & 7 at LAR 42,05:40 4th Shotgun,— M.Stafford pass short right to V.Jefferson ran ob at LAR 48 for 6 yards.
2021,Conference Championships,SUN,01/30,49ers,Rams,4th Quarter,5,Los Angeles Rams,1,3,0,8 Yard Pass,3rd & 1 at LAR 48,05:18 4th Shotgun,— M.Stafford pass short right to K.Blanton to SF 44 for 8 yards (A.Thomas; A.Al-Shaair).
2021,Conference Championships,SUN,01/30,49ers,Rams,4th Quarter,5,Los Angeles Rams,1,4,0,1 Yard Run,1st & 10 at SF 44,04:39 4th,— S.Michel left tackle to SF 43 for 1 yard (E.Moseley).
2021,Conference Championships,SUN,01/30,49ers,Rams,4th Quarter,5,Los Angeles Rams,1,5,0,6 Yard Pass,2nd & 9 at SF 43,04:12 4th Shotgun,"— M.Stafford pass short left to O.Beckham to SF 37 for 6 yards (E.Moseley, K.Williams)."
2021,Conference Championships,SUN,01/30,49ers,Rams,4th Quarter,5,Los Angeles Rams,1,6,0,25 Yard Pass,3rd & 3 at SF 37,03:26 4th Shotgun,— M.Stafford pass short middle to C.Kupp to SF 12 for 25 yards (J.Ward).
2021,Conference Championships,SUN,01/30,49ers,Rams,4th Quarter,5,Los Angeles Rams,1,7,0,-1 Yard Run,1st & 10 at SF 12,02:38 4th,"— S.Michel up the middle to SF 13 for -1 yards (C.Omenihu, N.Bosa)."
2021,Conference Championships,SUN,01/30,49ers,Rams,4th Quarter,5,Los Angeles Rams,1,8,0,-7 Yard Sack,2nd & 11 at SF 13,02:00 4th Shotgun,— M.Stafford sacked at SF 20 for -7 yards (sack split by S.Ebukam and N.Bosa).
2021,Conference Championships,SUN,01/30,49ers,Rams,4th Quarter,5,Los Angeles Rams,1,9,0,Timeout,,01:55 4th,— Timeout #1 by SF at 01:55.
2021,Conference Championships,SUN,01/30,49ers,Rams,4th Quarter,5,Los Angeles Rams,1,10,0,8 Yard Pass,3rd & 18 at SF 20,01:55 4th Shotgun,"— M.Stafford pass short right to C.Kupp to SF 12 for 8 yards (F.Warner, J.Tartt)."
2021,Conference Championships,SUN,01/30,49ers,Rams,4th Quarter,5,Los Angeles Rams,1,11,0,Timeout,,01:49 4th,— Timeout #2 by SF at 01:49.
2021,Conference Championships,SUN,01/30,49ers,Rams,4th Quarter,5,Los Angeles Rams,1,12,1,Field Goal,4th & 10 at SF 12,01:49 4th,"— M.Gay 30 yard field goal is GOOD, Center-M.Orzech, Holder-J.Hekker."
2021,Conference Championships,SUN,01/30,49ers,Rams,4th Quarter,6,San Francisco 49ers,0,1,0,Kickoff from LAR 35,,Kickoff,"— M.Gay kicks 65 yards from LAR 35 to end zone, Touchback."
2021,Conference Championships,SUN,01/30,49ers,Rams,4th Quarter,6,San Francisco 49ers,0,2,0,Pass Incomplete,1st & 10 at SF 25,01:46 4th Shotgun,— J.Garoppolo pass incomplete short right to J.Hasty (G.Gaines).
2021,Conference Championships,SUN,01/30,49ers,Rams,4th Quarter,6,San Francisco 49ers,0,3,0,-3 Yard Pass,2nd & 10 at SF 25,01:42 4th Shotgun,— J.Garoppolo pass short left to J.Jennings to SF 22 for -3 yards (T.Howard).
2021,Conference Championships,SUN,01/30,49ers,Rams,4th Quarter,6,San Francisco 49ers,0,4,0,Interception,3rd & 13 at SF 22,"01:19 4th No Huddle, Shotgun",— J.Garoppolo pass short left intended for J.Hasty INTERCEPTED by T.Howard [A.Donald] at SF 19. T.Howard to SF 13 for 6 yards (T.Compton).
2021,Conference Championships,SUN,01/30,49ers,Rams,4th Quarter,7,Los Angeles Rams,0,1,0,-2 Yard Run,1st & 10 at SF 13,01:09 4th,— M.Stafford kneels to SF 15 for -2 yards.
2021,Conference Championships,SUN,01/30,49ers,Rams,4th Quarter,7,Los Angeles Rams,0,2,0,Timeout,,01:08 4th,— Timeout #3 by SF at 01:08.
2021,Conference Championships,SUN,01/30,49ers,Rams,4th Quarter,7,Los Angeles Rams,0,3,0,-2 Yard Run,2nd & 12 at SF 15,01:08 4th,— M.Stafford kneels to SF 17 for -2 yards.
2021,Conference Championships,SUN,01/30,49ers,Rams,4th Quarter,7,Los Angeles Rams,0,4,0,-2 Yard Run,3rd & 14 at SF 17,00:35 4th,— M.Stafford kneels to SF 19 for -2 yards.
