Season,Week,Day,Date,AwayTeam,HomeTeam,Quarter,DriveNumber,TeamWithPossession,IsScoringDrive,PlayNumberInDrive,IsScoringPlay,PlayOutcome,PlayStart,PlayTimeFormation,PlayDescription
2017,Conference Championships,SUN,01/21,Jaguars,Patriots,1st Quarter,1,New England Patriots,1,1,0,Kickoff from JAC 35,,Kickoff,"— J.Lambo kicks 65 yards from JAC 35 to end zone, Touchback. Patriots 14th conference title game appearance, ties Dallas for 3rd all-time (Pittsburgh 16 & SF 15). Patriots 7th-straight conference title game appearance, extends NFL record. NE Belichick 12th conference championship game & 38th postseason game as a head coach, extends NFL records."
2017,Conference Championships,SUN,01/21,Jaguars,Patriots,1st Quarter,1,New England Patriots,1,2,0,5 Yard Pass,1st & 10 at NE 25,15:00 1st Shotgun,"— T.Brady pass short right to D.Lewis to NE 30 for 5 yards (T.Smith). NE 12-Brady 36th career postseason game, extends his NFL record. NE 12-Brady 36th career postseason QB start, extends his NFL record."
2017,Conference Championships,SUN,01/21,Jaguars,Patriots,1st Quarter,1,New England Patriots,1,3,0,31 Yard Pass,2nd & 5 at NE 30,14:18 1st Shotgun,— T.Brady pass deep right to B.Cooks to JAC 39 for 31 yards (T.Smith).
2017,Conference Championships,SUN,01/21,Jaguars,Patriots,1st Quarter,1,New England Patriots,1,4,0,1 Yard Run,1st & 10 at JAC 39,"13:47 1st No Huddle, Shotgun",— T.Brady scrambles right end ran ob at JAC 38 for 1 yard.
2017,Conference Championships,SUN,01/21,Jaguars,Patriots,1st Quarter,1,New England Patriots,1,5,0,5 Yard Run,2nd & 9 at JAC 38,13:10 1st,— R.Burkhead left end to JAC 33 for 5 yards (M.Jack). reverse
2017,Conference Championships,SUN,01/21,Jaguars,Patriots,1st Quarter,1,New England Patriots,1,6,0,3 Yard Pass,3rd & 4 at JAC 33,12:33 1st Shotgun,— T.Brady pass short right to C.Hogan to JAC 30 for 3 yards (J.Ramsey).
2017,Conference Championships,SUN,01/21,Jaguars,Patriots,1st Quarter,1,New England Patriots,1,7,0,Timeout,,11:49 1st,— Timeout #1 by NE at 11:49.
2017,Conference Championships,SUN,01/21,Jaguars,Patriots,1st Quarter,1,New England Patriots,1,8,0,20 Yard Pass,4th & 1 at JAC 30,11:49 1st Shotgun,— T.Brady pass deep left to D.Amendola ran ob at JAC 10 for 20 yards.
2017,Conference Championships,SUN,01/21,Jaguars,Patriots,1st Quarter,1,New England Patriots,1,9,0,-2 Yard Pass,1st & 10 at JAC 10,11:21 1st Shotgun,— T.Brady pass short left to D.Lewis to JAC 12 for -2 yards (B.Church).
2017,Conference Championships,SUN,01/21,Jaguars,Patriots,1st Quarter,1,New England Patriots,1,10,0,0 Yard Pass,2nd & 12 at JAC 12,10:46 1st Shotgun,— T.Brady pass short left to D.Lewis to JAC 12 for no gain (T.Smith).
2017,Conference Championships,SUN,01/21,Jaguars,Patriots,1st Quarter,1,New England Patriots,1,11,0,-1 Yard Sack,3rd & 12 at JAC 12,10:02 1st Shotgun,— T.Brady sacked at JAC 13 for -1 yards (D.Fowler).
2017,Conference Championships,SUN,01/21,Jaguars,Patriots,1st Quarter,1,New England Patriots,1,12,1,Field Goal,4th & 13 at JAC 13,09:25 1st,"— S.Gostkowski 31 yard field goal is GOOD, Center-J.Cardona, Holder-R.Allen. NE 3-Gostkowski 24th consecutive postseason game with a point, ties Akers for 2nd all-time (Vinatieri 30). NE 3-Gostkowski 32nd career postseason FG, tied for 3rd all-time (Gary Anderson)."
2017,Conference Championships,SUN,01/21,Jaguars,Patriots,1st Quarter,2,Jacksonville Jaguars,0,1,0,Kickoff from NE 35,,Kickoff,— S.Gostkowski kicks 64 yards from NE 35 to JAC 1. C.Grant to JAC 26 for 25 yards (G.Grissom).
2017,Conference Championships,SUN,01/21,Jaguars,Patriots,1st Quarter,2,Jacksonville Jaguars,0,2,0,2 Yard Run,1st & 10 at JAC 26,09:14 1st,"— L.Fournette left tackle to JAC 28 for 2 yards (R.Jean Francois, K.Van Noy)."
2017,Conference Championships,SUN,01/21,Jaguars,Patriots,1st Quarter,2,Jacksonville Jaguars,0,3,0,8 Yard Pass,2nd & 8 at JAC 28,08:35 1st,— B.Bortles pass short right to L.Fournette to JAC 36 for 8 yards (M.Butler).
2017,Conference Championships,SUN,01/21,Jaguars,Patriots,1st Quarter,2,Jacksonville Jaguars,0,4,0,3 Yard Run,1st & 10 at JAC 36,07:48 1st,"— L.Fournette left tackle to JAC 39 for 3 yards (T.Flowers, P.Chung)."
2017,Conference Championships,SUN,01/21,Jaguars,Patriots,1st Quarter,2,Jacksonville Jaguars,0,5,0,5 Yard Pass,2nd & 7 at JAC 39,07:11 1st,— B.Bortles pass short right to L.Fournette pushed ob at JAC 44 for 5 yards (T.Flowers).
2017,Conference Championships,SUN,01/21,Jaguars,Patriots,1st Quarter,2,Jacksonville Jaguars,0,6,0,3 Yard Pass,3rd & 2 at JAC 44,06:31 1st Shotgun,— B.Bortles pass short right to A.Hurns pushed ob at JAC 47 for 3 yards (J.Harrison).
2017,Conference Championships,SUN,01/21,Jaguars,Patriots,1st Quarter,2,Jacksonville Jaguars,0,7,0,2 Yard Run,1st & 10 at JAC 47,06:01 1st,"— T.Yeldon left tackle to JAC 49 for 2 yards (R.Jean Francois, P.Chung)."
2017,Conference Championships,SUN,01/21,Jaguars,Patriots,1st Quarter,2,Jacksonville Jaguars,0,8,0,Pass Incomplete,2nd & 8 at JAC 49,05:20 1st Shotgun,— B.Bortles pass incomplete deep left to T.Yeldon (K.Van Noy) [T.Flowers].
2017,Conference Championships,SUN,01/21,Jaguars,Patriots,1st Quarter,2,Jacksonville Jaguars,0,9,0,Pass Incomplete,3rd & 8 at JAC 49,05:14 1st Shotgun,— B.Bortles pass incomplete short left to M.Lee (M.Butler).
2017,Conference Championships,SUN,01/21,Jaguars,Patriots,1st Quarter,2,Jacksonville Jaguars,0,10,0,Punt,4th & 8 at JAC 49,05:09 1st,"— B.Nortman punts 37 yards to NE 14, Center-C.Holba, fair catch by D.Amendola."
2017,Conference Championships,SUN,01/21,Jaguars,Patriots,1st Quarter,3,New England Patriots,0,1,0,11 Yard Pass,1st & 10 at NE 14,05:01 1st,— T.Brady pass short left to B.Cooks pushed ob at NE 25 for 11 yards (A.Bouye).
2017,Conference Championships,SUN,01/21,Jaguars,Patriots,1st Quarter,3,New England Patriots,0,2,0,4 Yard Run,1st & 10 at NE 25,04:40 1st Shotgun,— D.Lewis up the middle to NE 29 for 4 yards (A.Jones).
2017,Conference Championships,SUN,01/21,Jaguars,Patriots,1st Quarter,3,New England Patriots,0,3,0,3 Yard Run,2nd & 6 at NE 29,04:13 1st,— D.Amendola right end to NE 32 for 3 yards (T.Smith).
2017,Conference Championships,SUN,01/21,Jaguars,Patriots,1st Quarter,3,New England Patriots,0,4,0,2 Yard Run,3rd & 3 at NE 32,03:37 1st Shotgun,— J.White left tackle to NE 34 for 2 yards (A.Bouye).
2017,Conference Championships,SUN,01/21,Jaguars,Patriots,1st Quarter,3,New England Patriots,0,5,0,Punt,4th & 1 at NE 34,02:58 1st,"— R.Allen punts 42 yards to JAC 24, Center-J.Cardona, out of bounds."
2017,Conference Championships,SUN,01/21,Jaguars,Patriots,2nd Quarter,1,Jacksonville Jaguars,1,1,0,20 Yard Pass,1st & 10 at JAC 24,02:51 1st Shotgun,— B.Bortles pass short left to C.Grant to JAC 44 for 20 yards (D.Harmon).
2017,Conference Championships,SUN,01/21,Jaguars,Patriots,2nd Quarter,1,Jacksonville Jaguars,1,2,0,7 Yard Pass,1st & 10 at JAC 44,02:10 1st Shotgun,— B.Bortles pass short left to M.Lee to NE 49 for 7 yards (E.Roberts).
2017,Conference Championships,SUN,01/21,Jaguars,Patriots,2nd Quarter,1,Jacksonville Jaguars,1,3,0,6 Yard Run,2nd & 3 at NE 49,01:36 1st Shotgun,"— L.Fournette up the middle to NE 43 for 6 yards (E.Roberts, L.Guy)."
2017,Conference Championships,SUN,01/21,Jaguars,Patriots,2nd Quarter,1,Jacksonville Jaguars,1,4,0,4 Yard Run,1st & 10 at NE 43,01:01 1st,— L.Fournette up the middle to NE 39 for 4 yards (J.Harrison).
2017,Conference Championships,SUN,01/21,Jaguars,Patriots,2nd Quarter,1,Jacksonville Jaguars,1,5,0,11 Yard Pass,2nd & 6 at NE 39,00:23 1st,— B.Bortles pass short right to K.Cole to NE 28 for 11 yards (S.Gilmore).
2017,Conference Championships,SUN,01/21,Jaguars,Patriots,2nd Quarter,1,Jacksonville Jaguars,1,6,0,24 Yard Pass,1st & 10 at NE 28,15:00 2nd,— B.Bortles pass short right to C.Grant pushed ob at NE 4 for 24 yards (D.McCourty).
2017,Conference Championships,SUN,01/21,Jaguars,Patriots,2nd Quarter,1,Jacksonville Jaguars,1,7,1,Touchdown,1st & 4 at NE 4,14:22 2nd Shotgun,"— B.Bortles pass short right to M.Lewis for 4 yards, TOUCHDOWN."
2017,Conference Championships,SUN,01/21,Jaguars,Patriots,2nd Quarter,1,Jacksonville Jaguars,1,8,1,Extra Point,,14:15 2nd,"— J.Lambo extra point is GOOD, Center-C.Holba, Holder-B.Nortman."
2017,Conference Championships,SUN,01/21,Jaguars,Patriots,2nd Quarter,2,New England Patriots,0,1,0,Kickoff from JAC 35,,Kickoff,— J.Lambo kicks 63 yards from JAC 35 to NE 2. D.Lewis to NE 25 for 23 yards (C.Grant).
2017,Conference Championships,SUN,01/21,Jaguars,Patriots,2nd Quarter,2,New England Patriots,0,2,0,Pass Incomplete,1st & 10 at NE 25,14:07 2nd,— T.Brady pass incomplete short right to D.Lewis.
2017,Conference Championships,SUN,01/21,Jaguars,Patriots,2nd Quarter,2,New England Patriots,0,3,0,-1 Yard Run,2nd & 10 at NE 25,14:03 2nd Shotgun,"— D.Lewis up the middle to NE 24 for -1 yards (M.Dareus, C.Campbell)."
2017,Conference Championships,SUN,01/21,Jaguars,Patriots,2nd Quarter,2,New England Patriots,0,4,0,Pass Incomplete,3rd & 11 at NE 24,13:28 2nd Shotgun,— T.Brady pass incomplete deep middle to C.Hogan [Y.Ngakoue].
2017,Conference Championships,SUN,01/21,Jaguars,Patriots,2nd Quarter,2,New England Patriots,0,5,0,Punt,4th & 11 at NE 24,13:21 2nd,"— R.Allen punts 53 yards to JAC 23, Center-J.Cardona, fair catch by J.Mickens."
2017,Conference Championships,SUN,01/21,Jaguars,Patriots,2nd Quarter,3,Jacksonville Jaguars,1,1,0,-5 Yard Penalty,1st & 10 at JAC 23,13:13 2nd Shotgun,"— PENALTY on JAC-C.Robinson, False Start, 5 yards, enforced at JAC 23 - No Play."
2017,Conference Championships,SUN,01/21,Jaguars,Patriots,2nd Quarter,3,Jacksonville Jaguars,1,2,0,15 Yard Pass,1st & 15 at JAC 18,13:13 2nd Shotgun,— B.Bortles pass short left to C.Grant to JAC 33 for 15 yards (D.McCourty).
2017,Conference Championships,SUN,01/21,Jaguars,Patriots,2nd Quarter,3,Jacksonville Jaguars,1,3,0,27 Yard Pass,1st & 10 at JAC 33,12:34 2nd Shotgun,— B.Bortles pass deep right to A.Hurns pushed ob at NE 40 for 27 yards (D.McCourty).
2017,Conference Championships,SUN,01/21,Jaguars,Patriots,2nd Quarter,3,Jacksonville Jaguars,1,4,0,8 Yard Pass,1st & 10 at NE 40,11:55 2nd Shotgun,— B.Bortles pass short middle to A.Hurns to NE 32 for 8 yards (K.Van Noy; E.Roberts).
2017,Conference Championships,SUN,01/21,Jaguars,Patriots,2nd Quarter,3,Jacksonville Jaguars,1,5,0,Timeout,,11:08 2nd,— Timeout #1 by JAC at 11:08.
2017,Conference Championships,SUN,01/21,Jaguars,Patriots,2nd Quarter,3,Jacksonville Jaguars,1,6,0,0 Yard Run,2nd & 2 at NE 32,11:08 2nd Shotgun,"— L.Fournette right guard to NE 32 for no gain (R.Jean Francois, L.Guy)."
2017,Conference Championships,SUN,01/21,Jaguars,Patriots,2nd Quarter,3,Jacksonville Jaguars,1,7,0,4 Yard Run,3rd & 2 at NE 32,10:27 2nd,"— L.Fournette up the middle to NE 28 for 4 yards (E.Roberts, K.Van Noy)."
2017,Conference Championships,SUN,01/21,Jaguars,Patriots,2nd Quarter,3,Jacksonville Jaguars,1,8,0,13 Yard Run,1st & 10 at NE 28,09:55 2nd Shotgun,— L.Fournette right guard to NE 15 for 13 yards (S.Gilmore).
2017,Conference Championships,SUN,01/21,Jaguars,Patriots,2nd Quarter,3,Jacksonville Jaguars,1,9,0,-3 Yard Pass,1st & 10 at NE 15,09:15 2nd Shotgun,— B.Bortles pass short left to T.Yeldon to NE 18 for -3 yards (K.Van Noy).
2017,Conference Championships,SUN,01/21,Jaguars,Patriots,2nd Quarter,3,Jacksonville Jaguars,1,10,0,12 Yard Run,2nd & 13 at NE 18,08:35 2nd Shotgun,— T.Yeldon left end pushed ob at NE 6 for 12 yards (D.McCourty).
2017,Conference Championships,SUN,01/21,Jaguars,Patriots,2nd Quarter,3,Jacksonville Jaguars,1,11,0,2 Yard Run,3rd & 1 at NE 6,07:58 2nd,"— L.Fournette left guard to NE 4 for 2 yards (K.Van Noy, M.Butler)."
2017,Conference Championships,SUN,01/21,Jaguars,Patriots,2nd Quarter,3,Jacksonville Jaguars,1,12,1,Touchdown,1st & 4 at NE 4,07:11 2nd,"— L.Fournette up the middle for 4 yards, TOUCHDOWN."
2017,Conference Championships,SUN,01/21,Jaguars,Patriots,2nd Quarter,3,Jacksonville Jaguars,1,13,1,Extra Point,,07:06 2nd,"— J.Lambo extra point is GOOD, Center-C.Holba, Holder-B.Nortman."
2017,Conference Championships,SUN,01/21,Jaguars,Patriots,2nd Quarter,4,New England Patriots,0,1,0,Kickoff from JAC 35,,Kickoff,"— J.Lambo kicks 55 yards from JAC 35 to NE 10. D.Lewis to NE 21 for 11 yards (D.Payne). PENALTY on NE-M.Flowers, Offensive Holding, 10 yards, enforced at NE 21."
2017,Conference Championships,SUN,01/21,Jaguars,Patriots,2nd Quarter,4,New England Patriots,0,2,0,Pass Incomplete,1st & 10 at NE 11,07:00 2nd Shotgun,— T.Brady pass incomplete deep right to R.Gronkowski [M.Jackson].
2017,Conference Championships,SUN,01/21,Jaguars,Patriots,2nd Quarter,4,New England Patriots,0,3,0,21 Yard Pass,2nd & 10 at NE 11,06:54 2nd,"— T.Brady pass deep right to R.Gronkowski to NE 32 for 21 yards (J.Ramsey) [D.Fowler]. NE 87-Gronkowski 856 career postseason rec yds, most all-time by a TE (Dallas Clark, 847)."
2017,Conference Championships,SUN,01/21,Jaguars,Patriots,2nd Quarter,4,New England Patriots,0,4,0,Pass Incomplete,1st & 10 at NE 32,06:17 2nd,— T.Brady pass incomplete short left to R.Gronkowski.
2017,Conference Championships,SUN,01/21,Jaguars,Patriots,2nd Quarter,4,New England Patriots,0,5,0,Pass Incomplete,2nd & 10 at NE 32,06:12 2nd Shotgun,— T.Brady pass incomplete short middle to R.Burkhead (T.Smith).
2017,Conference Championships,SUN,01/21,Jaguars,Patriots,2nd Quarter,4,New England Patriots,0,6,0,-3 Yard Sack,3rd & 10 at NE 32,06:06 2nd Shotgun,— T.Brady sacked at NE 29 for -3 yards (D.Fowler).
2017,Conference Championships,SUN,01/21,Jaguars,Patriots,2nd Quarter,4,New England Patriots,0,7,0,Punt,4th & 13 at NE 29,05:32 2nd,"— R.Allen punts 46 yards to JAC 25, Center-J.Cardona, out of bounds."
2017,Conference Championships,SUN,01/21,Jaguars,Patriots,2nd Quarter,5,Jacksonville Jaguars,0,1,0,1 Yard Run,1st & 10 at JAC 25,05:26 2nd Shotgun,"— L.Fournette up the middle to JAC 26 for 1 yard (T.Flowers, R.Jean Francois)."
2017,Conference Championships,SUN,01/21,Jaguars,Patriots,2nd Quarter,5,Jacksonville Jaguars,0,2,0,1 Yard Run,2nd & 9 at JAC 26,04:51 2nd Shotgun,— L.Fournette up the middle to JAC 27 for 1 yard (M.Brown).
2017,Conference Championships,SUN,01/21,Jaguars,Patriots,2nd Quarter,5,Jacksonville Jaguars,0,3,0,26 Yard Pass,3rd & 8 at JAC 27,04:11 2nd Shotgun,— B.Bortles pass deep right to K.Cole pushed ob at NE 47 for 26 yards (M.Butler).
2017,Conference Championships,SUN,01/21,Jaguars,Patriots,2nd Quarter,5,Jacksonville Jaguars,0,4,0,-5 Yard Penalty,1st & 10 at NE 47,03:52 2nd,"— L.Fournette up the middle to NE 45 for 2 yards (K.Van Noy). PENALTY on JAC, Illegal Shift, 5 yards, enforced at NE 47 - No Play."
2017,Conference Championships,SUN,01/21,Jaguars,Patriots,2nd Quarter,5,Jacksonville Jaguars,0,5,0,4 Yard Run,1st & 15 at JAC 48,03:28 2nd Shotgun,"— T.Yeldon left guard to NE 48 for 4 yards (P.Chung, E.Roberts)."
2017,Conference Championships,SUN,01/21,Jaguars,Patriots,2nd Quarter,5,Jacksonville Jaguars,0,6,0,4 Yard Run,2nd & 11 at NE 48,02:43 2nd Shotgun,"— T.Yeldon up the middle to NE 44 for 4 yards (E.Lee, M.Butler)."
2017,Conference Championships,SUN,01/21,Jaguars,Patriots,2nd Quarter,5,Jacksonville Jaguars,0,7,0,Timeout,,02:23 2nd,— Timeout #2 by NE at 02:23.
2017,Conference Championships,SUN,01/21,Jaguars,Patriots,2nd Quarter,5,Jacksonville Jaguars,0,8,0,-5 Yard Penalty,3rd & 7 at NE 44,02:23 2nd Shotgun,"— B.Bortles pass short right to M.Lewis to NE 32 for 12 yards (P.Chung) [D.Wise]. PENALTY on JAC-B.Bortles, Delay of Game, 5 yards, enforced at NE 44 - No Play."
2017,Conference Championships,SUN,01/21,Jaguars,Patriots,2nd Quarter,5,Jacksonville Jaguars,0,9,0,-6 Yard Sack,3rd & 12 at NE 49,02:23 2nd Shotgun,"— B.Bortles sacked at JAC 45 for -6 yards (A.Butler). Penalty on JAC-C.Robinson, Offensive Holding, declined."
2017,Conference Championships,SUN,01/21,Jaguars,Patriots,2nd Quarter,5,Jacksonville Jaguars,0,10,0,Punt,4th & 18 at JAC 45,02:09 2nd,"— B.Nortman punts 40 yards to NE 15, Center-C.Holba, fair catch by D.Amendola."
2017,Conference Championships,SUN,01/21,Jaguars,Patriots,2nd Quarter,6,New England Patriots,1,1,0,2 Yard Run,1st & 10 at NE 15,02:02 2nd,— D.Lewis right guard to NE 17 for 2 yards (D.Fowler).
2017,Conference Championships,SUN,01/21,Jaguars,Patriots,2nd Quarter,6,New England Patriots,1,2,0,10 Yard Pass,2nd & 8 at NE 17,01:57 2nd Shotgun,— T.Brady pass short left to B.Cooks pushed ob at NE 27 for 10 yards (A.Bouye).
2017,Conference Championships,SUN,01/21,Jaguars,Patriots,2nd Quarter,6,New England Patriots,1,3,0,8 Yard Pass,1st & 10 at NE 27,01:52 2nd Shotgun,— T.Brady pass short left to D.Amendola to NE 35 for 8 yards (M.Jack).
2017,Conference Championships,SUN,01/21,Jaguars,Patriots,2nd Quarter,6,New England Patriots,1,4,0,5 Yard Pass,2nd & 2 at NE 35,"01:34 2nd No Huddle, Shotgun",— T.Brady pass short left to J.White pushed ob at NE 40 for 5 yards (T.Smith).
2017,Conference Championships,SUN,01/21,Jaguars,Patriots,2nd Quarter,6,New England Patriots,1,5,0,15 Yard Penalty,1st & 10 at NE 40,01:28 2nd Shotgun,"— T.Brady pass incomplete deep right to R.Gronkowski. NE-R.Gronkowski was injured during the play. He is Out. PENALTY on JAC-B.Church, Unnecessary Roughness, 15 yards, enforced at NE 40 - No Play."
2017,Conference Championships,SUN,01/21,Jaguars,Patriots,2nd Quarter,6,New England Patriots,1,6,0,32 Yard Penalty,1st & 10 at JAC 45,01:23 2nd Shotgun,"— T.Brady pass incomplete deep left to B.Cooks. PENALTY on JAC-A.Bouye, Defensive Pass Interference, 32 yards, enforced at JAC 45 - No Play."
2017,Conference Championships,SUN,01/21,Jaguars,Patriots,2nd Quarter,6,New England Patriots,1,7,0,12 Yard Pass,1st & 10 at JAC 13,01:17 2nd Shotgun,— T.Brady pass short left to B.Cooks to JAC 1 for 12 yards (A.Bouye).
2017,Conference Championships,SUN,01/21,Jaguars,Patriots,2nd Quarter,6,New England Patriots,1,8,1,Touchdown,1st & 1 at JAC 1,00:58 2nd No Huddle,"— J.White left guard for 1 yard, TOUCHDOWN."
2017,Conference Championships,SUN,01/21,Jaguars,Patriots,2nd Quarter,6,New England Patriots,1,9,1,Extra Point,,00:55 2nd,"— S.Gostkowski extra point is GOOD, Center-J.Cardona, Holder-R.Allen."
2017,Conference Championships,SUN,01/21,Jaguars,Patriots,2nd Quarter,7,Jacksonville Jaguars,0,1,0,Kickoff from NE 35,,Kickoff,"— S.Gostkowski kicks 65 yards from NE 35 to end zone, Touchback."
2017,Conference Championships,SUN,01/21,Jaguars,Patriots,2nd Quarter,7,Jacksonville Jaguars,0,2,0,-1 Yard Run,1st & 10 at JAC 25,00:55 2nd,— B.Bortles kneels to JAC 24 for -1 yards.
2017,Conference Championships,SUN,01/21,Jaguars,Patriots,2nd Quarter,7,Jacksonville Jaguars,0,3,0,-1 Yard Run,2nd & 11 at JAC 24,00:33 2nd,— B.Bortles kneels to JAC 23 for -1 yards.
2017,Conference Championships,SUN,01/21,Jaguars,Patriots,3rd Quarter,1,Jacksonville Jaguars,1,1,0,Kickoff from NE 35,,Kickoff,"— S.Gostkowski kicks 65 yards from NE 35 to end zone, Touchback."
2017,Conference Championships,SUN,01/21,Jaguars,Patriots,3rd Quarter,1,Jacksonville Jaguars,1,2,0,2 Yard Run,1st & 10 at JAC 25,15:00 3rd,"— L.Fournette left tackle to JAC 27 for 2 yards (J.Harrison, T.Flowers)."
2017,Conference Championships,SUN,01/21,Jaguars,Patriots,3rd Quarter,1,Jacksonville Jaguars,1,3,0,20 Yard Pass,2nd & 8 at JAC 27,14:23 3rd,— B.Bortles pass short right to T.Bohanon to JAC 47 for 20 yards (P.Chung).
2017,Conference Championships,SUN,01/21,Jaguars,Patriots,3rd Quarter,1,Jacksonville Jaguars,1,4,0,1 Yard Run,1st & 10 at JAC 47,13:41 3rd,— L.Fournette left end to JAC 48 for 1 yard (T.Flowers).
2017,Conference Championships,SUN,01/21,Jaguars,Patriots,3rd Quarter,1,Jacksonville Jaguars,1,5,0,1 Yard Run,2nd & 9 at JAC 48,13:00 3rd,"— L.Fournette right guard to JAC 49 for 1 yard (M.Butler, E.Lee)."
2017,Conference Championships,SUN,01/21,Jaguars,Patriots,3rd Quarter,1,Jacksonville Jaguars,1,6,0,9 Yard Pass,3rd & 8 at JAC 49,12:18 3rd Shotgun,"— B.Bortles pass short left to T.Yeldon to NE 42 for 9 yards (K.Van Noy, M.Flowers). JAC-C.Robinson was injured during the play. His return is Questionable."
2017,Conference Championships,SUN,01/21,Jaguars,Patriots,3rd Quarter,1,Jacksonville Jaguars,1,7,0,3 Yard Run,1st & 10 at NE 42,11:52 3rd,"— L.Fournette up the middle to NE 39 for 3 yards (L.Guy, K.Van Noy)."
2017,Conference Championships,SUN,01/21,Jaguars,Patriots,3rd Quarter,1,Jacksonville Jaguars,1,8,0,3 Yard Run,2nd & 7 at NE 39,11:13 3rd,"— L.Fournette left guard to NE 36 for 3 yards (L.Guy, T.Flowers)."
2017,Conference Championships,SUN,01/21,Jaguars,Patriots,3rd Quarter,1,Jacksonville Jaguars,1,9,0,Pass Incomplete,3rd & 4 at NE 36,10:33 3rd Shotgun,— B.Bortles pass incomplete short right to M.Lee (T.Flowers).
2017,Conference Championships,SUN,01/21,Jaguars,Patriots,3rd Quarter,1,Jacksonville Jaguars,1,10,1,Field Goal,4th & 4 at NE 36,10:28 3rd,"— J.Lambo 54 yard field goal is GOOD, Center-C.Holba, Holder-B.Nortman."
2017,Conference Championships,SUN,01/21,Jaguars,Patriots,3rd Quarter,2,New England Patriots,0,1,0,Kickoff from JAC 35,,Kickoff,"— J.Lambo kicks 65 yards from JAC 35 to end zone, Touchback."
2017,Conference Championships,SUN,01/21,Jaguars,Patriots,3rd Quarter,2,New England Patriots,0,2,0,5 Yard Run,1st & 10 at NE 25,10:23 3rd,— D.Lewis right guard to NE 30 for 5 yards (T.Smith).
2017,Conference Championships,SUN,01/21,Jaguars,Patriots,3rd Quarter,2,New England Patriots,0,3,0,Pass Incomplete,2nd & 5 at NE 30,09:51 3rd,— T.Brady pass incomplete deep middle to B.Cooks.
2017,Conference Championships,SUN,01/21,Jaguars,Patriots,3rd Quarter,2,New England Patriots,0,4,0,17 Yard Pass,3rd & 5 at NE 30,09:43 3rd Shotgun,— T.Brady pass short middle to C.Hogan to NE 47 for 17 yards (T.Smith).
2017,Conference Championships,SUN,01/21,Jaguars,Patriots,3rd Quarter,2,New England Patriots,0,5,0,Pass Incomplete,1st & 10 at NE 47,09:04 3rd,— T.Brady pass incomplete deep left to B.Cooks.
2017,Conference Championships,SUN,01/21,Jaguars,Patriots,3rd Quarter,2,New England Patriots,0,6,0,4 Yard Pass,2nd & 10 at NE 47,08:56 3rd,— T.Brady pass short right to D.Lewis pushed ob at JAC 49 for 4 yards (A.Jones).
2017,Conference Championships,SUN,01/21,Jaguars,Patriots,3rd Quarter,2,New England Patriots,0,7,0,2 Yard Pass,3rd & 6 at JAC 49,08:20 3rd Shotgun,— T.Brady pass short middle to J.White to JAC 47 for 2 yards (C.Campbell).
2017,Conference Championships,SUN,01/21,Jaguars,Patriots,3rd Quarter,2,New England Patriots,0,8,0,Punt,4th & 4 at JAC 47,07:39 3rd,"— R.Allen punts 37 yards to JAC 10, Center-J.Cardona, fair catch by D.Westbrook."
2017,Conference Championships,SUN,01/21,Jaguars,Patriots,3rd Quarter,3,Jacksonville Jaguars,0,1,0,Pass Incomplete,1st & 10 at JAC 10,07:31 3rd,— B.Bortles pass incomplete short right to M.Lee.
2017,Conference Championships,SUN,01/21,Jaguars,Patriots,3rd Quarter,3,Jacksonville Jaguars,0,2,0,-5 Yard Sack,2nd & 10 at JAC 10,07:26 3rd,— B.Bortles sacked at JAC 5 for -5 yards (L.Guy).
2017,Conference Championships,SUN,01/21,Jaguars,Patriots,3rd Quarter,3,Jacksonville Jaguars,0,3,0,3 Yard Run,3rd & 15 at JAC 5,06:47 3rd Shotgun,"— T.Yeldon left guard to JAC 8 for 3 yards (D.Wise, T.Flowers)."
2017,Conference Championships,SUN,01/21,Jaguars,Patriots,3rd Quarter,3,Jacksonville Jaguars,0,4,0,Punt,4th & 12 at JAC 8,06:15 3rd,"— B.Nortman punts 51 yards to NE 41, Center-C.Holba. D.Amendola to NE 46 for 5 yards (C.Grant, L.McCray)."
2017,Conference Championships,SUN,01/21,Jaguars,Patriots,3rd Quarter,4,New England Patriots,0,1,0,3 Yard Run,1st & 10 at NE 46,06:04 3rd,"— D.Lewis left guard to NE 49 for 3 yards (M.Dareus, M.Jack)."
2017,Conference Championships,SUN,01/21,Jaguars,Patriots,3rd Quarter,4,New England Patriots,0,2,0,4 Yard Pass,2nd & 7 at NE 49,"05:46 3rd No Huddle, Shotgun",— T.Brady pass short middle to D.Lewis to JAC 47 for 4 yards (P.Posluszny).
2017,Conference Championships,SUN,01/21,Jaguars,Patriots,3rd Quarter,4,New England Patriots,0,3,0,1 Yard Pass,3rd & 3 at JAC 47,"05:23 3rd No Huddle, Shotgun",— T.Brady pass short right to D.Lewis to JAC 46 for 1 yard (M.Jack).
2017,Conference Championships,SUN,01/21,Jaguars,Patriots,3rd Quarter,4,New England Patriots,0,4,0,Punt,4th & 2 at JAC 46,04:47 3rd,"— R.Allen punts 37 yards to JAC 9, Center-J.Cardona, fair catch by D.Westbrook."
2017,Conference Championships,SUN,01/21,Jaguars,Patriots,4th Quarter,1,Jacksonville Jaguars,1,1,0,0 Yard Run,1st & 10 at JAC 9,04:41 3rd,"— L.Fournette up the middle to JAC 9 for no gain (L.Guy, E.Roberts)."
2017,Conference Championships,SUN,01/21,Jaguars,Patriots,4th Quarter,1,Jacksonville Jaguars,1,2,0,7 Yard Run,2nd & 10 at JAC 9,04:04 3rd Shotgun,— L.Fournette left end to JAC 16 for 7 yards (S.Gilmore).
2017,Conference Championships,SUN,01/21,Jaguars,Patriots,4th Quarter,1,Jacksonville Jaguars,1,3,0,18 Yard Pass,3rd & 3 at JAC 16,03:21 3rd Shotgun,— B.Bortles pass short left to M.Lee pushed ob at JAC 34 for 18 yards (M.Butler).
2017,Conference Championships,SUN,01/21,Jaguars,Patriots,4th Quarter,1,Jacksonville Jaguars,1,4,0,15 Yard Pass,1st & 10 at JAC 34,02:48 3rd,— B.Bortles pass short right to A.Hurns to JAC 49 for 15 yards (E.Rowe). flea flicker handoff to 24-Yeldon and pitch back to 5-Bortles
2017,Conference Championships,SUN,01/21,Jaguars,Patriots,4th Quarter,1,Jacksonville Jaguars,1,5,0,2 Yard Run,1st & 10 at JAC 49,02:06 3rd,"— L.Fournette left guard to NE 49 for 2 yards (M.Brown, R.Jean Francois)."
2017,Conference Championships,SUN,01/21,Jaguars,Patriots,4th Quarter,1,Jacksonville Jaguars,1,6,0,8 Yard Pass,2nd & 8 at NE 49,01:28 3rd Shotgun,— B.Bortles pass short right to M.Lee to NE 41 for 8 yards (E.Rowe).
2017,Conference Championships,SUN,01/21,Jaguars,Patriots,4th Quarter,1,Jacksonville Jaguars,1,7,0,14 Yard Run,1st & 10 at NE 41,00:48 3rd Shotgun,— L.Fournette left end pushed ob at NE 27 for 14 yards (P.Chung). NE-T.Flowers was injured during the play.
2017,Conference Championships,SUN,01/21,Jaguars,Patriots,4th Quarter,1,Jacksonville Jaguars,1,8,0,Pass Incomplete,1st & 10 at NE 27,00:12 3rd,— B.Bortles pass incomplete short right to B.Koyack.
2017,Conference Championships,SUN,01/21,Jaguars,Patriots,4th Quarter,1,Jacksonville Jaguars,1,9,0,2 Yard Run,2nd & 10 at NE 27,00:05 3rd Shotgun,"— C.Grant right guard to NE 25 for 2 yards (K.Van Noy, D.Wise)."
2017,Conference Championships,SUN,01/21,Jaguars,Patriots,4th Quarter,1,Jacksonville Jaguars,1,10,0,Pass Incomplete,3rd & 8 at NE 25,15:00 4th Shotgun,— B.Bortles pass incomplete short left to M.Lee.
2017,Conference Championships,SUN,01/21,Jaguars,Patriots,4th Quarter,1,Jacksonville Jaguars,1,11,1,Field Goal,4th & 8 at NE 25,14:56 4th,"— J.Lambo 43 yard field goal is GOOD, Center-C.Holba, Holder-B.Nortman."
2017,Conference Championships,SUN,01/21,Jaguars,Patriots,4th Quarter,2,New England Patriots,0,1,0,Kickoff from JAC 35,,Kickoff,"— J.Lambo kicks 65 yards from JAC 35 to end zone, Touchback."
2017,Conference Championships,SUN,01/21,Jaguars,Patriots,4th Quarter,2,New England Patriots,0,2,0,2 Yard Run,1st & 10 at NE 25,14:52 4th,— D.Lewis left end to NE 27 for 2 yards (T.Smith).
2017,Conference Championships,SUN,01/21,Jaguars,Patriots,4th Quarter,2,New England Patriots,0,3,0,18 Yard Pass,2nd & 8 at NE 27,14:19 4th Shotgun,— T.Brady pass deep left to B.Cooks ran ob at NE 45 for 18 yards.
2017,Conference Championships,SUN,01/21,Jaguars,Patriots,4th Quarter,2,New England Patriots,0,4,0,Fumble,1st & 10 at NE 45,13:53 4th Shotgun,"— D.Amendola pass short left to D.Lewis to JAC 35 for 20 yards (M.Jack). FUMBLES (M.Jack), RECOVERED by JAC-M.Jack at JAC 33. backwards pass Brady to Amendola and then forward pass Amendola to Lewis The Replay Official reviewed the fumble ruling, and the play was Upheld. The ruling on the field stands."
2017,Conference Championships,SUN,01/21,Jaguars,Patriots,4th Quarter,3,Jacksonville Jaguars,0,1,0,2 Yard Run,1st & 10 at JAC 33,13:37 4th Shotgun,"— L.Fournette up the middle to JAC 35 for 2 yards (M.Brown, E.Lee)."
2017,Conference Championships,SUN,01/21,Jaguars,Patriots,4th Quarter,3,Jacksonville Jaguars,0,2,0,Pass Incomplete,2nd & 8 at JAC 35,13:04 4th Shotgun,— B.Bortles pass incomplete short middle to M.Lewis.
2017,Conference Championships,SUN,01/21,Jaguars,Patriots,4th Quarter,3,Jacksonville Jaguars,0,3,0,7 Yard Pass,3rd & 8 at JAC 35,13:00 4th Shotgun,"— B.Bortles pass short left to A.Hurns to JAC 42 for 7 yards (D.McCourty, E.Rowe)."
2017,Conference Championships,SUN,01/21,Jaguars,Patriots,4th Quarter,3,Jacksonville Jaguars,0,4,0,Punt,4th & 1 at JAC 42,12:11 4th,"— B.Nortman punts 43 yards to NE 15, Center-C.Holba, fair catch by D.Amendola."
2017,Conference Championships,SUN,01/21,Jaguars,Patriots,4th Quarter,4,New England Patriots,1,1,0,18 Yard Pass,1st & 10 at NE 15,12:03 4th Shotgun,— T.Brady pass deep left to B.Cooks to NE 33 for 18 yards (A.Bouye). NE 14-Cooks 1st career postseason 100-yard game.
2017,Conference Championships,SUN,01/21,Jaguars,Patriots,4th Quarter,4,New England Patriots,1,2,0,-8 Yard Sack,1st & 10 at NE 33,"11:35 4th No Huddle, Shotgun",— T.Brady sacked at NE 25 for -8 yards (M.Dareus).
2017,Conference Championships,SUN,01/21,Jaguars,Patriots,4th Quarter,4,New England Patriots,1,3,0,Pass Incomplete,2nd & 18 at NE 25,10:56 4th Shotgun,— T.Brady pass incomplete deep middle to C.Hogan.
2017,Conference Championships,SUN,01/21,Jaguars,Patriots,4th Quarter,4,New England Patriots,1,4,0,21 Yard Pass,3rd & 18 at NE 25,10:49 4th Shotgun,— T.Brady pass deep middle to D.Amendola to NE 46 for 21 yards (T.Gipson).
2017,Conference Championships,SUN,01/21,Jaguars,Patriots,4th Quarter,4,New England Patriots,1,5,0,31 Yard Pass,1st & 10 at NE 46,10:19 4th No Huddle,— T.Brady pass deep left to P.Dorsett to JAC 23 for 31 yards (M.Jack). flea flicker
2017,Conference Championships,SUN,01/21,Jaguars,Patriots,4th Quarter,4,New England Patriots,1,6,0,Pass Incomplete,1st & 10 at JAC 23,09:30 4th Shotgun,— T.Brady pass incomplete short middle to D.Amendola.
2017,Conference Championships,SUN,01/21,Jaguars,Patriots,4th Quarter,4,New England Patriots,1,7,0,14 Yard Pass,2nd & 10 at JAC 23,09:25 4th Shotgun,— T.Brady pass short left to D.Amendola to JAC 9 for 14 yards (A.Bouye).
2017,Conference Championships,SUN,01/21,Jaguars,Patriots,4th Quarter,4,New England Patriots,1,8,1,Touchdown,1st & 9 at JAC 9,08:53 4th Shotgun,"— T.Brady pass short left to D.Amendola for 9 yards, TOUCHDOWN."
2017,Conference Championships,SUN,01/21,Jaguars,Patriots,4th Quarter,4,New England Patriots,1,9,1,Extra Point,,08:44 4th,"— S.Gostkowski extra point is GOOD, Center-J.Cardona, Holder-R.Allen."
2017,Conference Championships,SUN,01/21,Jaguars,Patriots,4th Quarter,5,Jacksonville Jaguars,0,1,0,Kickoff from NE 35,,Kickoff,"— S.Gostkowski kicks 65 yards from NE 35 to JAC 0. C.Grant to JAC 16 for 16 yards (M.Slater, G.Grissom)."
2017,Conference Championships,SUN,01/21,Jaguars,Patriots,4th Quarter,5,Jacksonville Jaguars,0,2,0,1 Yard Run,1st & 10 at JAC 16,08:38 4th Shotgun,"— L.Fournette left tackle to JAC 17 for 1 yard (M.Brown, E.Roberts)."
2017,Conference Championships,SUN,01/21,Jaguars,Patriots,4th Quarter,5,Jacksonville Jaguars,0,3,0,20 Yard Pass,2nd & 9 at JAC 17,07:59 4th Shotgun,— B.Bortles pass short middle to A.Hurns to JAC 37 for 20 yards (D.McCourty).
2017,Conference Championships,SUN,01/21,Jaguars,Patriots,4th Quarter,5,Jacksonville Jaguars,0,4,0,1 Yard Run,1st & 10 at JAC 37,07:19 4th Shotgun,"— L.Fournette left tackle to JAC 38 for 1 yard (P.Chung, T.Flowers)."
2017,Conference Championships,SUN,01/21,Jaguars,Patriots,4th Quarter,5,Jacksonville Jaguars,0,5,0,Pass Incomplete,2nd & 9 at JAC 38,06:41 4th,— B.Bortles pass incomplete deep left to D.Westbrook (S.Gilmore).
2017,Conference Championships,SUN,01/21,Jaguars,Patriots,4th Quarter,5,Jacksonville Jaguars,0,6,0,Pass Incomplete,3rd & 9 at JAC 38,06:34 4th Shotgun,— B.Bortles pass incomplete short right to M.Lewis.
2017,Conference Championships,SUN,01/21,Jaguars,Patriots,4th Quarter,5,Jacksonville Jaguars,0,7,0,Punt,4th & 9 at JAC 38,06:30 4th,"— B.Nortman punts 43 yards to NE 19, Center-C.Holba, fair catch by D.Amendola."
2017,Conference Championships,SUN,01/21,Jaguars,Patriots,4th Quarter,6,New England Patriots,0,1,0,36 Yard Penalty,1st & 10 at NE 19,06:21 4th Shotgun,"— T.Brady pass incomplete deep left to B.Cooks. PENALTY on JAC-J.Ramsey, Defensive Pass Interference, 36 yards, enforced at NE 19 - No Play."
2017,Conference Championships,SUN,01/21,Jaguars,Patriots,4th Quarter,6,New England Patriots,0,2,0,Pass Incomplete,1st & 10 at JAC 45,06:15 4th Shotgun,— T.Brady pass incomplete deep left to J.White.
2017,Conference Championships,SUN,01/21,Jaguars,Patriots,4th Quarter,6,New England Patriots,0,3,0,Pass Incomplete,2nd & 10 at JAC 45,06:10 4th Shotgun,— T.Brady pass incomplete short middle to D.Amendola [M.Jack].
2017,Conference Championships,SUN,01/21,Jaguars,Patriots,4th Quarter,6,New England Patriots,0,4,0,Pass Incomplete,3rd & 10 at JAC 45,06:06 4th Shotgun,— T.Brady pass incomplete short left to J.White (T.Smith).
2017,Conference Championships,SUN,01/21,Jaguars,Patriots,4th Quarter,6,New England Patriots,0,5,0,Punt,4th & 10 at JAC 45,06:00 4th,"— R.Allen punts 35 yards to JAC 10, Center-J.Cardona, fair catch by D.Westbrook."
2017,Conference Championships,SUN,01/21,Jaguars,Patriots,4th Quarter,7,Jacksonville Jaguars,0,1,0,-1 Yard Run,1st & 10 at JAC 10,05:53 4th Shotgun,— L.Fournette up the middle to JAC 9 for -1 yards (P.Chung).
2017,Conference Championships,SUN,01/21,Jaguars,Patriots,4th Quarter,7,Jacksonville Jaguars,0,2,0,Pass Incomplete,2nd & 11 at JAC 9,05:23 4th,— B.Bortles pass incomplete deep left to A.Hurns (E.Rowe).
2017,Conference Championships,SUN,01/21,Jaguars,Patriots,4th Quarter,7,Jacksonville Jaguars,0,3,0,Pass Incomplete,3rd & 11 at JAC 9,05:13 4th Shotgun,— B.Bortles pass incomplete short middle to K.Cole [T.Flowers].
2017,Conference Championships,SUN,01/21,Jaguars,Patriots,4th Quarter,7,Jacksonville Jaguars,0,4,0,Punt,4th & 11 at JAC 9,05:10 4th,"— B.Nortman punts 41 yards to 50, Center-C.Holba. D.Amendola to JAC 30 for 20 yards (D.Smoot)."
2017,Conference Championships,SUN,01/21,Jaguars,Patriots,4th Quarter,8,New England Patriots,1,1,0,15 Yard Pass,1st & 10 at JAC 30,04:58 4th Shotgun,— T.Brady pass short left to J.White to JAC 15 for 15 yards (M.Dareus).
2017,Conference Championships,SUN,01/21,Jaguars,Patriots,4th Quarter,8,New England Patriots,1,2,0,8 Yard Pass,1st & 10 at JAC 15,04:19 4th Shotgun,— T.Brady pass short middle to D.Amendola to JAC 7 for 8 yards (M.Jack). JAC-M.Jack was injured during the play.
2017,Conference Championships,SUN,01/21,Jaguars,Patriots,4th Quarter,8,New England Patriots,1,3,0,2 Yard Run,2nd & 2 at JAC 7,03:57 4th,"— T.Brady up the middle to JAC 5 for 2 yards (P.Posluszny, M.Dareus). JAC-M.Dareus was injured during the play."
2017,Conference Championships,SUN,01/21,Jaguars,Patriots,4th Quarter,8,New England Patriots,1,4,0,1 Yard Run,1st & 5 at JAC 5,03:29 4th Shotgun,— J.White left guard to JAC 4 for 1 yard (C.Campbell).
2017,Conference Championships,SUN,01/21,Jaguars,Patriots,4th Quarter,8,New England Patriots,1,5,1,Touchdown,2nd & 4 at JAC 4,02:56 4th,"— T.Brady pass short left to D.Amendola for 4 yards, TOUCHDOWN. NE 12-Brady 22nd career postseason game with 2 pass TD, extends his NFL record (Favre, 15)."
2017,Conference Championships,SUN,01/21,Jaguars,Patriots,4th Quarter,8,New England Patriots,1,6,1,Extra Point,,02:48 4th,"— S.Gostkowski extra point is GOOD, Center-J.Cardona, Holder-R.Allen."
2017,Conference Championships,SUN,01/21,Jaguars,Patriots,4th Quarter,9,Jacksonville Jaguars,0,1,0,Kickoff from NE 35,,Kickoff,"— S.Gostkowski kicks 65 yards from NE 35 to end zone, Touchback."
2017,Conference Championships,SUN,01/21,Jaguars,Patriots,4th Quarter,9,Jacksonville Jaguars,0,2,0,8 Yard Pass,1st & 10 at JAC 25,02:48 4th Shotgun,— B.Bortles pass short middle to M.Lee to JAC 33 for 8 yards (S.Gilmore).
2017,Conference Championships,SUN,01/21,Jaguars,Patriots,4th Quarter,9,Jacksonville Jaguars,0,3,0,29 Yard Pass,2nd & 2 at JAC 33,"02:24 4th No Huddle, Shotgun",— B.Bortles pass deep left to D.Westbrook pushed ob at NE 38 for 29 yards (S.Gilmore) [T.Flowers].
2017,Conference Championships,SUN,01/21,Jaguars,Patriots,4th Quarter,9,Jacksonville Jaguars,0,4,0,Pass Incomplete,1st & 10 at NE 38,02:12 4th Shotgun,— B.Bortles pass incomplete deep left to L.Fournette.
2017,Conference Championships,SUN,01/21,Jaguars,Patriots,4th Quarter,9,Jacksonville Jaguars,0,5,0,-9 Yard Sack,2nd & 10 at NE 38,02:07 4th Shotgun,"— B.Bortles sacked at NE 45 for -7 yards (K.Van Noy). FUMBLES (K.Van Noy) [J.Harrison], recovered by JAC-C.Robinson at NE 47. C.Robinson to NE 47 for no gain (T.Flowers)."
2017,Conference Championships,SUN,01/21,Jaguars,Patriots,4th Quarter,9,Jacksonville Jaguars,0,6,0,4 Yard Pass,3rd & 19 at NE 47,02:00 4th Shotgun,— B.Bortles pass short right to J.O'Shaughnessy pushed ob at NE 43 for 4 yards (E.Rowe).
2017,Conference Championships,SUN,01/21,Jaguars,Patriots,4th Quarter,9,Jacksonville Jaguars,0,7,0,Pass Incomplete,4th & 15 at NE 43,01:53 4th Shotgun,— B.Bortles pass incomplete deep right to D.Westbrook (S.Gilmore) [T.Flowers].
2017,Conference Championships,SUN,01/21,Jaguars,Patriots,4th Quarter,10,New England Patriots,0,1,0,-3 Yard Run,1st & 10 at NE 43,01:47 4th,— D.Lewis left tackle to NE 40 for -3 yards (M.Jackson).
2017,Conference Championships,SUN,01/21,Jaguars,Patriots,4th Quarter,10,New England Patriots,0,2,0,Timeout,,01:42 4th,— Timeout #1 by JAC at 01:42.
2017,Conference Championships,SUN,01/21,Jaguars,Patriots,4th Quarter,10,New England Patriots,0,3,0,4 Yard Run,2nd & 13 at NE 40,01:42 4th,— D.Lewis right guard to NE 44 for 4 yards (A.Jones).
2017,Conference Championships,SUN,01/21,Jaguars,Patriots,4th Quarter,10,New England Patriots,0,4,0,Timeout,,01:38 4th,— Timeout #2 by JAC at 01:38.
2017,Conference Championships,SUN,01/21,Jaguars,Patriots,4th Quarter,10,New England Patriots,0,5,0,18 Yard Run,3rd & 9 at NE 44,01:38 4th,— D.Lewis left end to JAC 38 for 18 yards (P.Posluszny).
2017,Conference Championships,SUN,01/21,Jaguars,Patriots,4th Quarter,10,New England Patriots,0,6,0,Timeout,,01:30 4th,— Timeout #3 by JAC at 01:30.
2017,Conference Championships,SUN,01/21,Jaguars,Patriots,4th Quarter,10,New England Patriots,0,7,0,-1 Yard Run,1st & 10 at JAC 38,01:30 4th,— T.Brady kneels to JAC 39 for -1 yards.
2017,Conference Championships,SUN,01/21,Jaguars,Patriots,4th Quarter,10,New England Patriots,0,8,0,-1 Yard Run,2nd & 11 at JAC 39,00:51 4th,— T.Brady kneels to JAC 40 for -1 yards.
2017,Conference Championships,SUN,01/21,Jaguars,Patriots,4th Quarter,10,New England Patriots,0,9,0,-1 Yard Run,3rd & 12 at JAC 40,00:23 4th,— T.Brady kneels to JAC 41 for -1 yards.
2017,Conference Championships,SUN,01/21,Vikings,Eagles,1st Quarter,1,Minnesota Vikings,1,1,0,Kickoff from PHI 35,,Kickoff,"— J.Elliott kicks 65 yards from PHI 35 to end zone, Touchback."
2017,Conference Championships,SUN,01/21,Vikings,Eagles,1st Quarter,1,Minnesota Vikings,1,2,0,6 Yard Run,1st & 10 at MIN 25,15:00 1st,— L.Murray up the middle to MIN 31 for 6 yards (F.Cox).
2017,Conference Championships,SUN,01/21,Vikings,Eagles,1st Quarter,1,Minnesota Vikings,1,3,0,2 Yard Run,2nd & 4 at MIN 31,14:24 1st,— L.Murray left tackle to MIN 33 for 2 yards (J.Mills).
2017,Conference Championships,SUN,01/21,Vikings,Eagles,1st Quarter,1,Minnesota Vikings,1,4,0,2 Yard Run,3rd & 2 at MIN 33,13:46 1st Shotgun,— J.McKinnon up the middle to MIN 35 for 2 yards (N.Bradham).
2017,Conference Championships,SUN,01/21,Vikings,Eagles,1st Quarter,1,Minnesota Vikings,1,5,0,11 Yard Pass,1st & 10 at MIN 35,13:02 1st Shotgun,— C.Keenum pass short left to L.Murray pushed ob at MIN 46 for 11 yards (M.Kendricks).
2017,Conference Championships,SUN,01/21,Vikings,Eagles,1st Quarter,1,Minnesota Vikings,1,6,0,3 Yard Run,1st & 10 at MIN 46,12:28 1st,— L.Murray left end to MIN 49 for 3 yards (N.Goode).
2017,Conference Championships,SUN,01/21,Vikings,Eagles,1st Quarter,1,Minnesota Vikings,1,7,0,12 Yard Pass,2nd & 7 at MIN 49,11:55 1st,— C.Keenum pass short left to A.Thielen ran ob at PHI 39 for 12 yards (R.Darby).
2017,Conference Championships,SUN,01/21,Vikings,Eagles,1st Quarter,1,Minnesota Vikings,1,8,0,10 Yard Run,1st & 10 at PHI 39,11:21 1st Shotgun,— J.McKinnon left end pushed ob at PHI 29 for 10 yards (R.Darby).
2017,Conference Championships,SUN,01/21,Vikings,Eagles,1st Quarter,1,Minnesota Vikings,1,9,0,4 Yard Run,1st & 10 at PHI 29,10:59 1st Shotgun,— J.McKinnon left end to PHI 25 for 4 yards (R.Darby).
2017,Conference Championships,SUN,01/21,Vikings,Eagles,1st Quarter,1,Minnesota Vikings,1,10,1,Touchdown,2nd & 6 at PHI 25,10:20 1st Shotgun,"— C.Keenum pass deep left to K.Rudolph for 25 yards, TOUCHDOWN."
2017,Conference Championships,SUN,01/21,Vikings,Eagles,1st Quarter,1,Minnesota Vikings,1,11,1,Extra Point,,10:14 1st,"— K.Forbath extra point is GOOD, Center-J.Overbaugh, Holder-R.Quigley."
2017,Conference Championships,SUN,01/21,Vikings,Eagles,1st Quarter,2,Philadelphia Eagles,0,1,0,Kickoff from MIN 35,,Kickoff,"— K.Forbath kicks 65 yards from MIN 35 to end zone, Touchback."
2017,Conference Championships,SUN,01/21,Vikings,Eagles,1st Quarter,2,Philadelphia Eagles,0,2,0,11 Yard Pass,1st & 10 at PHI 25,10:14 1st Shotgun,— N.Foles pass short right to N.Agholor to PHI 36 for 11 yards (T.Newman).
2017,Conference Championships,SUN,01/21,Vikings,Eagles,1st Quarter,2,Philadelphia Eagles,0,3,0,Pass Incomplete,1st & 10 at PHI 36,09:36 1st Shotgun,— N.Foles pass incomplete deep right to T.Smith (T.Waynes).
2017,Conference Championships,SUN,01/21,Vikings,Eagles,1st Quarter,2,Philadelphia Eagles,0,4,0,6 Yard Pass,2nd & 10 at PHI 36,09:28 1st Shotgun,— N.Foles pass short left to N.Agholor to PHI 42 for 6 yards (A.Sendejo).
2017,Conference Championships,SUN,01/21,Vikings,Eagles,1st Quarter,2,Philadelphia Eagles,0,5,0,Pass Incomplete,3rd & 4 at PHI 42,08:46 1st Shotgun,— N.Foles pass incomplete deep right to T.Burton.
2017,Conference Championships,SUN,01/21,Vikings,Eagles,1st Quarter,2,Philadelphia Eagles,0,6,0,Punt,4th & 4 at PHI 42,08:40 1st,"— D.Jones punts 44 yards to MIN 14, Center-R.Lovato, fair catch by M.Sherels. PENALTY on PHI-S.Gibson, Fair Catch Interference, 15 yards, enforced at MIN 14."
2017,Conference Championships,SUN,01/21,Vikings,Eagles,1st Quarter,3,Minnesota Vikings,1,1,0,Pass Incomplete,1st & 10 at MIN 29,08:29 1st Shotgun,— C.Keenum pass incomplete short left to S.Diggs (R.Darby).
2017,Conference Championships,SUN,01/21,Vikings,Eagles,1st Quarter,3,Minnesota Vikings,1,2,0,0 Yard Run,2nd & 10 at MIN 29,08:24 1st Shotgun,— J.McKinnon left tackle to MIN 29 for no gain (F.Cox).
2017,Conference Championships,SUN,01/21,Vikings,Eagles,1st Quarter,3,Minnesota Vikings,1,3,0,12 Yard Pass,3rd & 10 at MIN 29,07:45 1st Shotgun,— C.Keenum pass short left to S.Diggs ran ob at MIN 41 for 12 yards.
2017,Conference Championships,SUN,01/21,Vikings,Eagles,1st Quarter,3,Minnesota Vikings,1,4,0,2 Yard Run,1st & 10 at MIN 41,07:15 1st,— L.Murray left guard to MIN 43 for 2 yards (F.Cox).
2017,Conference Championships,SUN,01/21,Vikings,Eagles,1st Quarter,3,Minnesota Vikings,1,5,0,Pass Incomplete,2nd & 8 at MIN 43,06:47 1st Shotgun,— C.Keenum pass incomplete short left to S.Diggs. MIN-S.Diggs was injured during the play.
2017,Conference Championships,SUN,01/21,Vikings,Eagles,1st Quarter,3,Minnesota Vikings,1,6,1,Touchdown,3rd & 8 at MIN 43,06:42 1st Shotgun,"— C.Keenum pass short right intended for A.Thielen INTERCEPTED by P.Robinson (C.Long) at 50. P.Robinson for 50 yards, TOUCHDOWN. Quarterback's arm hit by #56 Chris Long."
2017,Conference Championships,SUN,01/21,Vikings,Eagles,1st Quarter,4,Minnesota Vikings,0,1,0,Kickoff from PHI 35,,Kickoff,"— J.Elliott kicks 65 yards from PHI 35 to end zone, Touchback."
2017,Conference Championships,SUN,01/21,Vikings,Eagles,1st Quarter,4,Minnesota Vikings,0,2,0,4 Yard Run,1st & 10 at MIN 25,06:26 1st,— L.Murray right tackle to MIN 29 for 4 yards (M.Jenkins; N.Goode).
2017,Conference Championships,SUN,01/21,Vikings,Eagles,1st Quarter,4,Minnesota Vikings,0,3,0,Pass Incomplete,2nd & 6 at MIN 29,05:50 1st Shotgun,— C.Keenum pass incomplete short right to K.Rudolph [C.Long].
2017,Conference Championships,SUN,01/21,Vikings,Eagles,1st Quarter,4,Minnesota Vikings,0,4,0,1 Yard Pass,3rd & 6 at MIN 29,05:47 1st Shotgun,— C.Keenum pass short right to S.Diggs to MIN 30 for 1 yard (M.Jenkins).
2017,Conference Championships,SUN,01/21,Vikings,Eagles,1st Quarter,4,Minnesota Vikings,0,5,0,Punt,4th & 5 at MIN 30,05:05 1st,"— R.Quigley punts 45 yards to PHI 25, Center-J.Overbaugh, fair catch by K.Barner."
2017,Conference Championships,SUN,01/21,Vikings,Eagles,2nd Quarter,1,Philadelphia Eagles,1,1,0,13 Yard Run,1st & 10 at PHI 25,04:57 1st Shotgun,— J.Ajayi left end to PHI 38 for 13 yards (D.Hunter).
2017,Conference Championships,SUN,01/21,Vikings,Eagles,2nd Quarter,1,Philadelphia Eagles,1,2,0,7 Yard Run,1st & 10 at PHI 38,04:15 1st Shotgun,— J.Ajayi up the middle to PHI 45 for 7 yards (T.Johnson).
2017,Conference Championships,SUN,01/21,Vikings,Eagles,2nd Quarter,1,Philadelphia Eagles,1,3,0,8 Yard Pass,2nd & 3 at PHI 45,03:35 1st,— N.Foles pass short right to A.Jeffery to MIN 47 for 8 yards (X.Rhodes) [L.Joseph].
2017,Conference Championships,SUN,01/21,Vikings,Eagles,2nd Quarter,1,Philadelphia Eagles,1,4,0,0 Yard Run,1st & 10 at MIN 47,02:57 1st,— N.Agholor left end pushed ob at MIN 47 for no gain (A.Barr).
2017,Conference Championships,SUN,01/21,Vikings,Eagles,2nd Quarter,1,Philadelphia Eagles,1,5,0,Pass Incomplete,2nd & 10 at MIN 47,02:26 1st,— N.Foles pass incomplete short middle to B.Celek (E.Kendricks) [E.Griffen].
2017,Conference Championships,SUN,01/21,Vikings,Eagles,2nd Quarter,1,Philadelphia Eagles,1,6,0,11 Yard Pass,3rd & 10 at MIN 47,02:18 1st Shotgun,— N.Foles pass short middle to Z.Ertz to MIN 36 for 11 yards (M.Alexander).
2017,Conference Championships,SUN,01/21,Vikings,Eagles,2nd Quarter,1,Philadelphia Eagles,1,7,0,8 Yard Pass,1st & 10 at MIN 36,01:36 1st Shotgun,— N.Foles pass short middle to Z.Ertz to MIN 28 for 8 yards (H.Smith).
2017,Conference Championships,SUN,01/21,Vikings,Eagles,2nd Quarter,1,Philadelphia Eagles,1,8,0,2 Yard Run,2nd & 2 at MIN 28,01:03 1st,— L.Blount right tackle to MIN 26 for 2 yards (A.Barr; D.Hunter).
2017,Conference Championships,SUN,01/21,Vikings,Eagles,2nd Quarter,1,Philadelphia Eagles,1,9,0,9 Yard Pass,1st & 10 at MIN 26,00:17 1st Shotgun,— N.Foles pass short right to A.Jeffery to MIN 17 for 9 yards (X.Rhodes).
2017,Conference Championships,SUN,01/21,Vikings,Eagles,2nd Quarter,1,Philadelphia Eagles,1,10,0,0 Yard Run,2nd & 1 at MIN 17,15:00 2nd,— J.Ajayi up the middle to MIN 17 for no gain (T.Johnson).
2017,Conference Championships,SUN,01/21,Vikings,Eagles,2nd Quarter,1,Philadelphia Eagles,1,11,0,6 Yard Pass,3rd & 1 at MIN 17,14:15 2nd Shotgun,— N.Foles pass short right to Z.Ertz pushed ob at MIN 11 for 6 yards (H.Smith).
2017,Conference Championships,SUN,01/21,Vikings,Eagles,2nd Quarter,1,Philadelphia Eagles,1,12,1,Touchdown,1st & 10 at MIN 11,13:42 2nd,"— L.Blount right tackle for 11 yards, TOUCHDOWN."
2017,Conference Championships,SUN,01/21,Vikings,Eagles,2nd Quarter,1,Philadelphia Eagles,1,13,1,Extra Point,,13:37 2nd,"— J.Elliott extra point is GOOD, Center-R.Lovato, Holder-D.Jones."
2017,Conference Championships,SUN,01/21,Vikings,Eagles,2nd Quarter,2,Minnesota Vikings,0,1,0,Kickoff from PHI 35,,Kickoff,"— J.Elliott kicks 65 yards from PHI 35 to end zone, Touchback."
2017,Conference Championships,SUN,01/21,Vikings,Eagles,2nd Quarter,2,Minnesota Vikings,0,2,0,1 Yard Run,1st & 10 at MIN 25,13:37 2nd,"— L.Murray right end to MIN 26 for 1 yard (M.Kendricks, V.Curry)."
2017,Conference Championships,SUN,01/21,Vikings,Eagles,2nd Quarter,2,Minnesota Vikings,0,3,0,7 Yard Pass,2nd & 9 at MIN 26,12:56 2nd Shotgun,— C.Keenum pass short right to S.Diggs to MIN 33 for 7 yards (J.Mills) [V.Curry].
2017,Conference Championships,SUN,01/21,Vikings,Eagles,2nd Quarter,2,Minnesota Vikings,0,4,0,Pass Incomplete,3rd & 2 at MIN 33,12:11 2nd Shotgun,— C.Keenum pass incomplete short left to J.McKinnon.
2017,Conference Championships,SUN,01/21,Vikings,Eagles,2nd Quarter,2,Minnesota Vikings,0,5,0,Punt,4th & 2 at MIN 33,12:07 2nd,"— R.Quigley punts 47 yards to PHI 20, Center-J.Overbaugh. K.Barner to PHI 30 for 10 yards (A.Harris)."
2017,Conference Championships,SUN,01/21,Vikings,Eagles,2nd Quarter,3,Philadelphia Eagles,0,1,0,2 Yard Run,1st & 10 at PHI 30,11:54 2nd,— L.Blount up the middle to PHI 32 for 2 yards (L.Joseph).
2017,Conference Championships,SUN,01/21,Vikings,Eagles,2nd Quarter,3,Philadelphia Eagles,0,2,0,Pass Incomplete,2nd & 8 at PHI 32,11:15 2nd Shotgun,— N.Foles pass incomplete short right to N.Agholor.
2017,Conference Championships,SUN,01/21,Vikings,Eagles,2nd Quarter,3,Philadelphia Eagles,0,3,0,15 Yard Pass,3rd & 8 at PHI 32,11:12 2nd Shotgun,— N.Foles pass short right to Z.Ertz to PHI 47 for 15 yards (A.Sendejo).
2017,Conference Championships,SUN,01/21,Vikings,Eagles,2nd Quarter,3,Philadelphia Eagles,0,4,0,3 Yard Run,1st & 10 at PHI 47,10:38 2nd Shotgun,— J.Ajayi up the middle to 50 for 3 yards (A.Sendejo).
2017,Conference Championships,SUN,01/21,Vikings,Eagles,2nd Quarter,3,Philadelphia Eagles,0,5,0,Pass Incomplete,2nd & 7 at 50,10:10 2nd Shotgun,— N.Foles pass incomplete right (E.Kendricks).
2017,Conference Championships,SUN,01/21,Vikings,Eagles,2nd Quarter,3,Philadelphia Eagles,0,6,0,-6 Yard Sack,3rd & 7 at 50,10:05 2nd Shotgun,— N.Foles sacked at PHI 44 for -6 yards (D.Hunter).
2017,Conference Championships,SUN,01/21,Vikings,Eagles,2nd Quarter,3,Philadelphia Eagles,0,7,0,Punt,4th & 13 at PHI 44,09:27 2nd,"— D.Jones punts 41 yards to MIN 15, Center-R.Lovato, fair catch by M.Sherels."
2017,Conference Championships,SUN,01/21,Vikings,Eagles,2nd Quarter,4,Minnesota Vikings,0,1,0,2 Yard Run,1st & 10 at MIN 15,09:19 2nd,— J.McKinnon left tackle to MIN 17 for 2 yards (R.Darby).
2017,Conference Championships,SUN,01/21,Vikings,Eagles,2nd Quarter,4,Minnesota Vikings,0,2,0,22 Yard Pass,2nd & 8 at MIN 17,08:44 2nd Shotgun,— C.Keenum pass deep right to S.Diggs to MIN 39 for 22 yards (M.Jenkins).
2017,Conference Championships,SUN,01/21,Vikings,Eagles,2nd Quarter,4,Minnesota Vikings,0,3,0,Pass Incomplete,1st & 10 at MIN 39,08:03 2nd Shotgun,— C.Keenum pass incomplete short right.
2017,Conference Championships,SUN,01/21,Vikings,Eagles,2nd Quarter,4,Minnesota Vikings,0,4,0,4 Yard Run,2nd & 10 at MIN 39,07:54 2nd,— J.Wright left end to MIN 43 for 4 yards (M.Kendricks).
2017,Conference Championships,SUN,01/21,Vikings,Eagles,2nd Quarter,4,Minnesota Vikings,0,5,0,8 Yard Pass,3rd & 6 at MIN 43,07:08 2nd Shotgun,— C.Keenum pass short right to S.Diggs ran ob at PHI 49 for 8 yards (J.Mills).
2017,Conference Championships,SUN,01/21,Vikings,Eagles,2nd Quarter,4,Minnesota Vikings,0,6,0,12 Yard Pass,1st & 10 at PHI 49,06:36 2nd,— C.Keenum pass short left to A.Thielen to PHI 37 for 12 yards (R.Darby).
2017,Conference Championships,SUN,01/21,Vikings,Eagles,2nd Quarter,4,Minnesota Vikings,0,7,0,3 Yard Run,1st & 10 at PHI 37,05:57 2nd,— J.McKinnon left tackle to PHI 34 for 3 yards (C.Long).
2017,Conference Championships,SUN,01/21,Vikings,Eagles,2nd Quarter,4,Minnesota Vikings,0,8,0,13 Yard Pass,2nd & 7 at PHI 34,05:21 2nd Shotgun,— C.Keenum pass short left to J.McKinnon to PHI 21 for 13 yards (C.Long).
2017,Conference Championships,SUN,01/21,Vikings,Eagles,2nd Quarter,4,Minnesota Vikings,0,9,0,1 Yard Run,1st & 10 at PHI 21,04:49 2nd No Huddle,— J.McKinnon left end to PHI 20 for 1 yard (M.Kendricks; B.Allen).
2017,Conference Championships,SUN,01/21,Vikings,Eagles,2nd Quarter,4,Minnesota Vikings,0,10,0,4 Yard Pass,2nd & 9 at PHI 20,04:07 2nd Shotgun,— C.Keenum pass short left to J.McKinnon to PHI 16 for 4 yards (M.Kendricks).
2017,Conference Championships,SUN,01/21,Vikings,Eagles,2nd Quarter,4,Minnesota Vikings,0,11,0,Fumble,3rd & 5 at PHI 16,03:25 2nd Shotgun,"— C.Keenum sacked at PHI 25 for -9 yards (D.Barnett). FUMBLES (D.Barnett) [D.Barnett], RECOVERED by PHI-C.Long at PHI 24. C.Long to PHI 24 for no gain (R.Hill)."
2017,Conference Championships,SUN,01/21,Vikings,Eagles,2nd Quarter,5,Philadelphia Eagles,1,1,0,2 Yard Pass,1st & 10 at PHI 24,03:16 2nd,— N.Foles pass short right to J.Ajayi to PHI 26 for 2 yards (M.Alexander; L.Joseph).
2017,Conference Championships,SUN,01/21,Vikings,Eagles,2nd Quarter,5,Philadelphia Eagles,1,2,0,2 Yard Run,2nd & 8 at PHI 26,02:34 2nd Shotgun,— L.Blount left end to PHI 28 for 2 yards (D.Hunter).
2017,Conference Championships,SUN,01/21,Vikings,Eagles,2nd Quarter,5,Philadelphia Eagles,1,3,0,8 Yard Pass,3rd & 6 at PHI 28,02:00 2nd Shotgun,— N.Foles pass short left to C.Clement pushed ob at PHI 36 for 8 yards (A.Sendejo).
2017,Conference Championships,SUN,01/21,Vikings,Eagles,2nd Quarter,5,Philadelphia Eagles,1,4,0,11 Yard Pass,1st & 10 at PHI 36,"01:54 2nd No Huddle, Shotgun",— N.Foles pass short right to T.Smith to PHI 47 for 11 yards (E.Kendricks).
2017,Conference Championships,SUN,01/21,Vikings,Eagles,2nd Quarter,5,Philadelphia Eagles,1,5,0,Pass Incomplete,1st & 10 at PHI 47,"01:32 2nd No Huddle, Shotgun",— N.Foles pass incomplete deep left to T.Smith.
2017,Conference Championships,SUN,01/21,Vikings,Eagles,2nd Quarter,5,Philadelphia Eagles,1,6,0,Pass Incomplete,2nd & 10 at PHI 47,01:25 2nd Shotgun,— N.Foles pass incomplete short left to M.Hollins [E.Griffen].
2017,Conference Championships,SUN,01/21,Vikings,Eagles,2nd Quarter,5,Philadelphia Eagles,1,7,1,Touchdown,3rd & 10 at PHI 47,01:18 2nd Shotgun,"— N.Foles pass deep right to A.Jeffery for 53 yards, TOUCHDOWN."
2017,Conference Championships,SUN,01/21,Vikings,Eagles,2nd Quarter,5,Philadelphia Eagles,1,8,1,Extra Point,,01:09 2nd,"— J.Elliott extra point is GOOD, Center-R.Lovato, Holder-D.Jones."
2017,Conference Championships,SUN,01/21,Vikings,Eagles,2nd Quarter,6,Minnesota Vikings,0,1,0,Kickoff from PHI 35,,Kickoff,"— J.Elliott kicks 65 yards from PHI 35 to end zone, Touchback."
2017,Conference Championships,SUN,01/21,Vikings,Eagles,2nd Quarter,6,Minnesota Vikings,0,2,0,2 Yard Pass,1st & 10 at MIN 25,01:09 2nd Shotgun,— C.Keenum pass short right to J.McKinnon pushed ob at MIN 27 for 2 yards (C.Graham).
2017,Conference Championships,SUN,01/21,Vikings,Eagles,2nd Quarter,6,Minnesota Vikings,0,3,0,5 Yard Pass,2nd & 8 at MIN 27,01:04 2nd Shotgun,— C.Keenum pass short right to J.McKinnon pushed ob at MIN 32 for 5 yards (C.Graham).
2017,Conference Championships,SUN,01/21,Vikings,Eagles,2nd Quarter,6,Minnesota Vikings,0,4,0,11 Yard Pass,3rd & 3 at MIN 32,00:58 2nd Shotgun,— C.Keenum pass short middle to J.Wright to MIN 43 for 11 yards (C.Graham).
2017,Conference Championships,SUN,01/21,Vikings,Eagles,2nd Quarter,6,Minnesota Vikings,0,5,0,Timeout,,00:54 2nd,— Timeout #1 by MIN at 00:54.
2017,Conference Championships,SUN,01/21,Vikings,Eagles,2nd Quarter,6,Minnesota Vikings,0,6,0,4 Yard Pass,1st & 10 at MIN 43,00:54 2nd Shotgun,— C.Keenum pass short right to J.McKinnon pushed ob at MIN 47 for 4 yards (C.Graham).
2017,Conference Championships,SUN,01/21,Vikings,Eagles,2nd Quarter,6,Minnesota Vikings,0,7,0,Pass Incomplete,2nd & 6 at MIN 47,00:48 2nd Shotgun,— C.Keenum pass incomplete short right to S.Diggs.
2017,Conference Championships,SUN,01/21,Vikings,Eagles,2nd Quarter,6,Minnesota Vikings,0,8,0,Pass Incomplete,3rd & 6 at MIN 47,00:44 2nd Shotgun,— C.Keenum pass incomplete short right to K.Rudolph [C.Long].
2017,Conference Championships,SUN,01/21,Vikings,Eagles,2nd Quarter,6,Minnesota Vikings,0,9,0,Punt,4th & 6 at MIN 47,00:38 2nd,"— R.Quigley punts 53 yards to end zone, Center-J.Overbaugh, Touchback."
2017,Conference Championships,SUN,01/21,Vikings,Eagles,2nd Quarter,7,Philadelphia Eagles,1,1,0,11 Yard Pass,1st & 10 at PHI 20,00:29 2nd Shotgun,— N.Foles pass short left to J.Ajayi ran ob at PHI 31 for 11 yards (H.Smith).
2017,Conference Championships,SUN,01/21,Vikings,Eagles,2nd Quarter,7,Philadelphia Eagles,1,2,0,36 Yard Pass,1st & 10 at PHI 31,00:23 2nd Shotgun,— N.Foles pass deep left to Z.Ertz ran ob at MIN 33 for 36 yards.
2017,Conference Championships,SUN,01/21,Vikings,Eagles,2nd Quarter,7,Philadelphia Eagles,1,3,0,13 Yard Pass,1st & 10 at MIN 33,00:15 2nd Shotgun,— N.Foles pass short left to J.Ajayi to MIN 20 for 13 yards (H.Smith).
2017,Conference Championships,SUN,01/21,Vikings,Eagles,2nd Quarter,7,Philadelphia Eagles,1,4,0,Timeout,,00:04 2nd,— Timeout #1 by PHI at 00:04.
2017,Conference Championships,SUN,01/21,Vikings,Eagles,2nd Quarter,7,Philadelphia Eagles,1,5,1,Field Goal,1st & 10 at MIN 20,00:04 2nd,"— J.Elliott 38 yard field goal is GOOD, Center-R.Lovato, Holder-D.Jones."
2017,Conference Championships,SUN,01/21,Vikings,Eagles,3rd Quarter,1,Philadelphia Eagles,1,1,0,Kickoff from MIN 35,,Kickoff,"— K.Forbath kicks 65 yards from MIN 35 to end zone, Touchback."
2017,Conference Championships,SUN,01/21,Vikings,Eagles,3rd Quarter,1,Philadelphia Eagles,1,2,0,4 Yard Pass,1st & 10 at PHI 25,15:00 3rd Shotgun,— N.Foles pass short left to T.Smith to PHI 29 for 4 yards (T.Waynes).
2017,Conference Championships,SUN,01/21,Vikings,Eagles,3rd Quarter,1,Philadelphia Eagles,1,3,0,6 Yard Pass,2nd & 6 at PHI 29,14:26 3rd Shotgun,— N.Foles pass short left to T.Smith to PHI 35 for 6 yards (T.Waynes).
2017,Conference Championships,SUN,01/21,Vikings,Eagles,3rd Quarter,1,Philadelphia Eagles,1,4,0,3 Yard Run,1st & 10 at PHI 35,13:47 3rd Shotgun,— J.Ajayi up the middle to PHI 38 for 3 yards (T.Newman).
2017,Conference Championships,SUN,01/21,Vikings,Eagles,3rd Quarter,1,Philadelphia Eagles,1,5,0,10 Yard Pass,2nd & 7 at PHI 38,13:07 3rd Shotgun,— N.Foles pass short left to A.Jeffery to PHI 48 for 10 yards (H.Smith) [A.Barr].
2017,Conference Championships,SUN,01/21,Vikings,Eagles,3rd Quarter,1,Philadelphia Eagles,1,6,0,5 Yard Run,1st & 10 at PHI 48,12:22 3rd Shotgun,— J.Ajayi up the middle to MIN 47 for 5 yards (A.Barr; L.Joseph).
2017,Conference Championships,SUN,01/21,Vikings,Eagles,3rd Quarter,1,Philadelphia Eagles,1,7,0,-1 Yard Run,2nd & 5 at MIN 47,11:41 3rd,— L.Blount up the middle to MIN 48 for -1 yards (T.Newman).
2017,Conference Championships,SUN,01/21,Vikings,Eagles,3rd Quarter,1,Philadelphia Eagles,1,8,0,7 Yard Pass,3rd & 6 at MIN 48,10:57 3rd Shotgun,— N.Foles pass short right to T.Smith to MIN 41 for 7 yards (A.Harris).
2017,Conference Championships,SUN,01/21,Vikings,Eagles,3rd Quarter,1,Philadelphia Eagles,1,9,1,Touchdown,1st & 10 at MIN 41,10:13 3rd,"— N.Foles pass deep left to T.Smith for 41 yards, TOUCHDOWN."
2017,Conference Championships,SUN,01/21,Vikings,Eagles,3rd Quarter,1,Philadelphia Eagles,1,10,1,Extra Point,,10:05 3rd,"— J.Elliott extra point is GOOD, Center-R.Lovato, Holder-D.Jones."
2017,Conference Championships,SUN,01/21,Vikings,Eagles,3rd Quarter,2,Minnesota Vikings,0,1,0,Kickoff from PHI 35,,Kickoff,"— J.Elliott kicks 65 yards from PHI 35 to end zone, Touchback."
2017,Conference Championships,SUN,01/21,Vikings,Eagles,3rd Quarter,2,Minnesota Vikings,0,2,0,0 Yard Pass,1st & 10 at MIN 25,10:05 3rd Shotgun,— C.Keenum pass short right to L.Murray to MIN 25 for no gain (P.Robinson).
2017,Conference Championships,SUN,01/21,Vikings,Eagles,3rd Quarter,2,Minnesota Vikings,0,3,0,13 Yard Pass,2nd & 10 at MIN 25,09:27 3rd Shotgun,— C.Keenum pass short left to J.McKinnon to MIN 38 for 13 yards (R.Darby; R.McLeod).
2017,Conference Championships,SUN,01/21,Vikings,Eagles,3rd Quarter,2,Minnesota Vikings,0,4,0,9 Yard Run,1st & 10 at MIN 38,08:48 3rd Shotgun,— J.McKinnon up the middle to MIN 47 for 9 yards (R.McLeod).
2017,Conference Championships,SUN,01/21,Vikings,Eagles,3rd Quarter,2,Minnesota Vikings,0,5,0,2 Yard Run,2nd & 1 at MIN 47,"08:21 3rd No Huddle, Shotgun",— J.McKinnon left end to MIN 49 for 2 yards (M.Kendricks).
2017,Conference Championships,SUN,01/21,Vikings,Eagles,3rd Quarter,2,Minnesota Vikings,0,6,0,33 Yard Pass,1st & 10 at MIN 49,07:53 3rd No Huddle,— C.Keenum pass deep left to J.Wright ran ob at PHI 18 for 33 yards.
2017,Conference Championships,SUN,01/21,Vikings,Eagles,3rd Quarter,2,Minnesota Vikings,0,7,0,Pass Incomplete,1st & 10 at PHI 18,07:28 3rd Shotgun,— C.Keenum pass incomplete short left to A.Thielen (R.Darby).
2017,Conference Championships,SUN,01/21,Vikings,Eagles,3rd Quarter,2,Minnesota Vikings,0,8,0,Pass Incomplete,2nd & 10 at PHI 18,07:22 3rd Shotgun,— C.Keenum pass incomplete short right to J.Wright [B.Graham]. MIN-P.Elflein was injured during the play.
2017,Conference Championships,SUN,01/21,Vikings,Eagles,3rd Quarter,2,Minnesota Vikings,0,9,0,11 Yard Pass,3rd & 10 at PHI 18,07:18 3rd Shotgun,— C.Keenum pass short middle to J.McKinnon to PHI 7 for 11 yards (D.Barnett).
2017,Conference Championships,SUN,01/21,Vikings,Eagles,3rd Quarter,2,Minnesota Vikings,0,10,0,Pass Incomplete,1st & 7 at PHI 7,06:41 3rd Shotgun,— C.Keenum pass incomplete short right to J.Wright (J.Mills).
2017,Conference Championships,SUN,01/21,Vikings,Eagles,3rd Quarter,2,Minnesota Vikings,0,11,0,Pass Incomplete,2nd & 7 at PHI 7,06:35 3rd Shotgun,— C.Keenum pass incomplete short left to A.Thielen.
2017,Conference Championships,SUN,01/21,Vikings,Eagles,3rd Quarter,2,Minnesota Vikings,0,12,0,Pass Incomplete,3rd & 7 at PHI 7,06:31 3rd Shotgun,— C.Keenum pass incomplete short right to A.Thielen.
2017,Conference Championships,SUN,01/21,Vikings,Eagles,3rd Quarter,2,Minnesota Vikings,0,13,0,Pass Incomplete,4th & 7 at PHI 7,06:27 3rd Shotgun,"— C.Keenum pass short left to A.Thielen for 7 yards, TOUCHDOWN. The Replay Official reviewed the pass completion ruling, and the play was REVERSED. (Shotgun) C.Keenum pass incomplete short left to A.Thielen."
2017,Conference Championships,SUN,01/21,Vikings,Eagles,4th Quarter,1,Philadelphia Eagles,1,1,0,4 Yard Run,1st & 10 at PHI 8,06:21 3rd,— J.Ajayi right end to PHI 12 for 4 yards (E.Kendricks).
2017,Conference Championships,SUN,01/21,Vikings,Eagles,4th Quarter,1,Philadelphia Eagles,1,2,0,2 Yard Run,2nd & 6 at PHI 12,05:38 3rd Shotgun,— J.Ajayi left end to PHI 14 for 2 yards (B.Robison; J.Johnson).
2017,Conference Championships,SUN,01/21,Vikings,Eagles,4th Quarter,1,Philadelphia Eagles,1,3,0,6 Yard Pass,3rd & 4 at PHI 14,05:00 3rd,— N.Foles pass short middle to Z.Ertz to PHI 20 for 6 yards (A.Harris).
2017,Conference Championships,SUN,01/21,Vikings,Eagles,4th Quarter,1,Philadelphia Eagles,1,4,0,4 Yard Run,1st & 10 at PHI 20,04:19 3rd Shotgun,— J.Ajayi right tackle to PHI 24 for 4 yards (E.Kendricks).
2017,Conference Championships,SUN,01/21,Vikings,Eagles,4th Quarter,1,Philadelphia Eagles,1,5,0,1 Yard Run,2nd & 6 at PHI 24,03:36 3rd Shotgun,— J.Ajayi up the middle to PHI 25 for 1 yard (D.Hunter).
2017,Conference Championships,SUN,01/21,Vikings,Eagles,4th Quarter,1,Philadelphia Eagles,1,6,0,42 Yard Pass,3rd & 5 at PHI 25,02:51 3rd Shotgun,— N.Foles pass deep right to N.Agholor pushed ob at MIN 33 for 42 yards (T.Waynes; A.Harris).
2017,Conference Championships,SUN,01/21,Vikings,Eagles,4th Quarter,1,Philadelphia Eagles,1,7,0,-2 Yard Run,1st & 10 at MIN 33,02:11 3rd,— J.Ajayi left end to MIN 35 for -2 yards (D.Hunter).
2017,Conference Championships,SUN,01/21,Vikings,Eagles,4th Quarter,1,Philadelphia Eagles,1,8,0,12 Yard Pass,2nd & 12 at MIN 35,01:29 3rd Shotgun,— N.Foles pass short middle to T.Burton to MIN 23 for 12 yards (A.Harris).
2017,Conference Championships,SUN,01/21,Vikings,Eagles,4th Quarter,1,Philadelphia Eagles,1,9,0,18 Yard Run,1st & 10 at MIN 23,00:40 3rd Shotgun,"— C.Clement right end pushed ob at MIN 9 for 14 yards (E.Kendricks). PENALTY on MIN-S.Weatherly, Illegal Use of Hands, 4 yards, enforced at MIN 9."
2017,Conference Championships,SUN,01/21,Vikings,Eagles,4th Quarter,1,Philadelphia Eagles,1,10,0,3 Yard Run,1st & 5 at MIN 5,00:16 3rd Shotgun,— J.Ajayi up the middle to MIN 2 for 3 yards (A.Harris).
2017,Conference Championships,SUN,01/21,Vikings,Eagles,4th Quarter,1,Philadelphia Eagles,1,11,0,-3 Yard Run,2nd & 2 at MIN 2,15:00 4th,— J.Ajayi up the middle to MIN 5 for -3 yards (L.Joseph).
2017,Conference Championships,SUN,01/21,Vikings,Eagles,4th Quarter,1,Philadelphia Eagles,1,12,1,Touchdown,3rd & 5 at MIN 5,14:15 4th Shotgun,"— N.Foles pass short middle to A.Jeffery for 5 yards, TOUCHDOWN."
2017,Conference Championships,SUN,01/21,Vikings,Eagles,4th Quarter,1,Philadelphia Eagles,1,13,1,Extra Point,,14:10 4th,"— J.Elliott extra point is GOOD, Center-R.Lovato, Holder-D.Jones. PENALTY on MIN-A.Barr, Unnecessary Roughness, 15 yards, enforced between downs."
2017,Conference Championships,SUN,01/21,Vikings,Eagles,4th Quarter,2,Minnesota Vikings,0,1,0,Kickoff from 50,,Kickoff,"— J.Elliott kicks 50 yards from 50 to end zone, Touchback. PENALTY on PHI-J.Watkins, Unnecessary Roughness, 15 yards, enforced at MIN 25."
2017,Conference Championships,SUN,01/21,Vikings,Eagles,4th Quarter,2,Minnesota Vikings,0,2,0,5 Yard Pass,1st & 10 at MIN 40,14:10 4th Shotgun,— C.Keenum pass short middle to S.Diggs to MIN 45 for 5 yards (N.Bradham).
2017,Conference Championships,SUN,01/21,Vikings,Eagles,4th Quarter,2,Minnesota Vikings,0,3,0,7 Yard Pass,2nd & 5 at MIN 45,"13:44 4th No Huddle, Shotgun",— C.Keenum pass short right to J.Wright to PHI 48 for 7 yards (N.Bradham).
2017,Conference Championships,SUN,01/21,Vikings,Eagles,4th Quarter,2,Minnesota Vikings,0,4,0,Pass Incomplete,1st & 10 at PHI 48,"13:20 4th No Huddle, Shotgun",— C.Keenum pass incomplete short right to K.Rudolph.
2017,Conference Championships,SUN,01/21,Vikings,Eagles,4th Quarter,2,Minnesota Vikings,0,5,0,Pass Incomplete,2nd & 10 at PHI 48,13:17 4th Shotgun,— C.Keenum pass incomplete short right to L.Treadwell (C.Long).
2017,Conference Championships,SUN,01/21,Vikings,Eagles,4th Quarter,2,Minnesota Vikings,0,6,0,8 Yard Run,3rd & 10 at PHI 48,13:12 4th Shotgun,— C.Keenum scrambles right end to PHI 40 for 8 yards (V.Curry).
2017,Conference Championships,SUN,01/21,Vikings,Eagles,4th Quarter,2,Minnesota Vikings,0,7,0,Timeout,,12:33 4th,— Timeout #1 by MIN at 12:33.
2017,Conference Championships,SUN,01/21,Vikings,Eagles,4th Quarter,2,Minnesota Vikings,0,8,0,Pass Incomplete,4th & 2 at PHI 40,12:33 4th Shotgun,— C.Keenum pass incomplete short right to S.Diggs [F.Cox].
2017,Conference Championships,SUN,01/21,Vikings,Eagles,4th Quarter,3,Philadelphia Eagles,0,1,0,4 Yard Run,1st & 10 at PHI 40,12:29 4th Shotgun,— J.Ajayi right end to PHI 44 for 4 yards (E.Kendricks).
2017,Conference Championships,SUN,01/21,Vikings,Eagles,4th Quarter,3,Philadelphia Eagles,0,2,0,-10 Yard Penalty,2nd & 6 at PHI 44,11:46 4th Shotgun,"— L.Blount up the middle to PHI 48 for 4 yards (H.Smith). PENALTY on PHI-B.Celek, Offensive Holding, 10 yards, enforced at PHI 44 - No Play."
2017,Conference Championships,SUN,01/21,Vikings,Eagles,4th Quarter,3,Philadelphia Eagles,0,3,0,5 Yard Pass,2nd & 16 at PHI 34,11:18 4th Shotgun,— N.Foles pass short right to Z.Ertz to PHI 39 for 5 yards (J.Johnson).
2017,Conference Championships,SUN,01/21,Vikings,Eagles,4th Quarter,3,Philadelphia Eagles,0,4,0,Timeout,,10:30 4th,— Timeout #1 by PHI at 10:30.
2017,Conference Championships,SUN,01/21,Vikings,Eagles,4th Quarter,3,Philadelphia Eagles,0,5,0,6 Yard Pass,3rd & 11 at PHI 39,10:30 4th Shotgun,— N.Foles pass short left to Z.Ertz to PHI 45 for 6 yards (E.Griffen).
2017,Conference Championships,SUN,01/21,Vikings,Eagles,4th Quarter,3,Philadelphia Eagles,0,6,0,Punt,4th & 5 at PHI 45,09:45 4th,"— D.Jones punts 45 yards to MIN 10, Center-R.Lovato, fair catch by M.Sherels."
2017,Conference Championships,SUN,01/21,Vikings,Eagles,4th Quarter,4,Minnesota Vikings,0,1,0,4 Yard Pass,1st & 10 at MIN 10,09:39 4th Shotgun,— C.Keenum pass short left to A.Thielen to MIN 14 for 4 yards (M.Kendricks; R.Darby).
2017,Conference Championships,SUN,01/21,Vikings,Eagles,4th Quarter,4,Minnesota Vikings,0,2,0,7 Yard Run,2nd & 6 at MIN 14,"09:19 4th No Huddle, Shotgun",— J.McKinnon up the middle to MIN 21 for 7 yards (M.Kendricks).
2017,Conference Championships,SUN,01/21,Vikings,Eagles,4th Quarter,4,Minnesota Vikings,0,3,0,7 Yard Pass,1st & 10 at MIN 21,"08:58 4th No Huddle, Shotgun",— C.Keenum pass short right to J.McKinnon to MIN 28 for 7 yards (N.Bradham).
2017,Conference Championships,SUN,01/21,Vikings,Eagles,4th Quarter,4,Minnesota Vikings,0,4,0,5 Yard Pass,2nd & 3 at MIN 28,"08:32 4th No Huddle, Shotgun",— C.Keenum pass short left to J.McKinnon to MIN 33 for 5 yards (D.Vaeao) [F.Cox].
2017,Conference Championships,SUN,01/21,Vikings,Eagles,4th Quarter,4,Minnesota Vikings,0,5,0,12 Yard Pass,1st & 10 at MIN 33,"08:10 4th No Huddle, Shotgun",— C.Keenum pass short middle to J.McKinnon ran ob at MIN 45 for 12 yards.
2017,Conference Championships,SUN,01/21,Vikings,Eagles,4th Quarter,4,Minnesota Vikings,0,6,0,Pass Incomplete,1st & 10 at MIN 45,07:34 4th Shotgun,— C.Keenum pass incomplete deep right [V.Curry].
2017,Conference Championships,SUN,01/21,Vikings,Eagles,4th Quarter,4,Minnesota Vikings,0,7,0,1 Yard Pass,2nd & 10 at MIN 45,07:28 4th Shotgun,— C.Keenum pass short right to S.Diggs to MIN 46 for 1 yard (P.Robinson).
2017,Conference Championships,SUN,01/21,Vikings,Eagles,4th Quarter,4,Minnesota Vikings,0,8,0,14 Yard Pass,3rd & 9 at MIN 46,"06:57 4th No Huddle, Shotgun",— C.Keenum pass short middle to S.Diggs to PHI 40 for 14 yards (C.Graham).
2017,Conference Championships,SUN,01/21,Vikings,Eagles,4th Quarter,4,Minnesota Vikings,0,9,0,25 Yard Pass,1st & 10 at PHI 40,"06:34 4th No Huddle, Shotgun","— C.Keenum pass short middle to J.McKinnon to PHI 30 for 10 yards (M.Jenkins). PENALTY on PHI-N.Bradham, Face Mask (15 Yards), 15 yards, enforced at PHI 30."
2017,Conference Championships,SUN,01/21,Vikings,Eagles,4th Quarter,4,Minnesota Vikings,0,10,0,Pass Incomplete,1st & 10 at PHI 15,06:04 4th Shotgun,— C.Keenum pass incomplete short left to J.Wright.
2017,Conference Championships,SUN,01/21,Vikings,Eagles,4th Quarter,4,Minnesota Vikings,0,11,0,Interception,2nd & 10 at PHI 15,05:59 4th Shotgun,— C.Keenum pass short left intended for A.Thielen INTERCEPTED by C.Graham (R.Darby) at PHI 7. C.Graham ran ob at PHI 7 for no gain (A.Thielen).
2017,Conference Championships,SUN,01/21,Vikings,Eagles,4th Quarter,5,Philadelphia Eagles,0,1,0,2 Yard Run,1st & 10 at PHI 7,05:52 4th,— J.Ajayi up the middle to PHI 9 for 2 yards (E.Kendricks).
2017,Conference Championships,SUN,01/21,Vikings,Eagles,4th Quarter,5,Philadelphia Eagles,0,2,0,9 Yard Run,2nd & 8 at PHI 9,05:10 4th Shotgun,— J.Ajayi left end to PHI 18 for 9 yards (T.Newman). MIN-A.Barr was injured during the play.
2017,Conference Championships,SUN,01/21,Vikings,Eagles,4th Quarter,5,Philadelphia Eagles,0,3,0,16 Yard Run,1st & 10 at PHI 18,04:24 4th,— J.Ajayi left end pushed ob at PHI 34 for 16 yards (A.Harris).
2017,Conference Championships,SUN,01/21,Vikings,Eagles,4th Quarter,5,Philadelphia Eagles,0,4,0,2 Yard Run,1st & 10 at PHI 34,04:16 4th,— J.Ajayi right end to PHI 36 for 2 yards (L.Joseph).
2017,Conference Championships,SUN,01/21,Vikings,Eagles,4th Quarter,5,Philadelphia Eagles,0,5,0,5 Yard Run,2nd & 8 at PHI 36,03:31 4th,— L.Blount left guard to PHI 41 for 5 yards (H.Smith).
2017,Conference Championships,SUN,01/21,Vikings,Eagles,4th Quarter,5,Philadelphia Eagles,0,6,0,Timeout,,02:43 4th,— Timeout #2 by PHI at 02:43.
2017,Conference Championships,SUN,01/21,Vikings,Eagles,4th Quarter,5,Philadelphia Eagles,0,7,0,6 Yard Run,3rd & 3 at PHI 41,02:43 4th Shotgun,— C.Clement up the middle to PHI 47 for 6 yards (E.Griffen).
2017,Conference Championships,SUN,01/21,Vikings,Eagles,4th Quarter,5,Philadelphia Eagles,0,8,0,-1 Yard Run,1st & 10 at PHI 47,02:00 4th,— N.Sudfeld kneels to PHI 46 for -1 yards.
2017,Conference Championships,SUN,01/21,Vikings,Eagles,4th Quarter,5,Philadelphia Eagles,0,9,0,-2 Yard Run,2nd & 11 at PHI 46,01:19 4th,— N.Sudfeld kneels to PHI 44 for -2 yards.
2017,Conference Championships,SUN,01/21,Vikings,Eagles,4th Quarter,5,Philadelphia Eagles,0,10,0,-1 Yard Run,3rd & 13 at PHI 44,00:35 4th,— N.Sudfeld kneels to PHI 43 for -1 yards.
