Season,Week,Day,Date,AwayTeam,HomeTeam,Quarter,DriveNumber,TeamWithPossession,IsScoringDrive,PlayNumberInDrive,IsScoringPlay,PlayOutcome,PlayStart,PlayTimeFormation,PlayDescription
2017,Hall Of Fame,THU,08/03,Cardinals,Cowboys,1st Quarter,1,Arizona Cardinals,1,1,0,Kickoff from DAL 35,,Kickoff,"— S.Irwin-Hill kicks 65 yards from DAL 35 to end zone, Touchback."
2017,Hall Of Fame,THU,08/03,Cardinals,Cowboys,1st Quarter,1,Arizona Cardinals,1,2,0,13 Yard Pass,1st & 10 at ARI 25,15:00 1st,— B.Gabbert pass short right to I.Momah to ARI 38 for 13 yards (J.Heath).
2017,Hall Of Fame,THU,08/03,Cardinals,Cowboys,1st Quarter,1,Arizona Cardinals,1,3,0,2 Yard Run,1st & 10 at ARI 38,14:19 1st,— K.Williams right tackle to ARI 40 for 2 yards (D.Wilson; D.Moore).
2017,Hall Of Fame,THU,08/03,Cardinals,Cowboys,1st Quarter,1,Arizona Cardinals,1,4,0,3 Yard Run,2nd & 8 at ARI 40,13:53 1st,— K.Williams right guard to ARI 43 for 3 yards (B.Jones).
2017,Hall Of Fame,THU,08/03,Cardinals,Cowboys,1st Quarter,1,Arizona Cardinals,1,5,0,35 Yard Pass,3rd & 5 at ARI 43,13:12 1st Shotgun,— B.Gabbert pass deep middle to B.Golden to DAL 22 for 35 yards (J.Heath).
2017,Hall Of Fame,THU,08/03,Cardinals,Cowboys,1st Quarter,1,Arizona Cardinals,1,6,0,3 Yard Run,1st & 10 at DAL 22,12:40 1st No Huddle,— K.Williams right tackle to DAL 19 for 3 yards (K.Wilber).
2017,Hall Of Fame,THU,08/03,Cardinals,Cowboys,1st Quarter,1,Arizona Cardinals,1,7,0,9 Yard Pass,2nd & 7 at DAL 19,12:05 1st,— B.Gabbert pass short middle to I.Momah to DAL 10 for 9 yards (B.Jones).
2017,Hall Of Fame,THU,08/03,Cardinals,Cowboys,1st Quarter,1,Arizona Cardinals,1,8,0,5 Yard Run,1st & 10 at DAL 10,11:30 1st,— K.Williams right guard to DAL 5 for 5 yards (D.Moore; K.Wilber).
2017,Hall Of Fame,THU,08/03,Cardinals,Cowboys,1st Quarter,1,Arizona Cardinals,1,9,1,Touchdown,2nd & 5 at DAL 5,10:52 1st,"— K.Williams left tackle for 5 yards, TOUCHDOWN."
2017,Hall Of Fame,THU,08/03,Cardinals,Cowboys,1st Quarter,1,Arizona Cardinals,1,10,1,Extra Point,,10:46 1st,"— R.Leone extra point is GOOD, Center-A.Brewer, Holder-M.Wile."
2017,Hall Of Fame,THU,08/03,Cardinals,Cowboys,1st Quarter,2,Dallas Cowboys,0,1,0,Kickoff from ARI 35,,Kickoff,— R.Leone kicks 51 yards from ARI 35 to DAL 14. K.Smith to DAL 26 for 12 yards (H.Reddick).
2017,Hall Of Fame,THU,08/03,Cardinals,Cowboys,1st Quarter,2,Dallas Cowboys,0,2,0,Pass Incomplete,1st & 10 at DAL 26,10:40 1st,— K.Moore pass incomplete short left to K.Smith (K.Martin).
2017,Hall Of Fame,THU,08/03,Cardinals,Cowboys,1st Quarter,2,Dallas Cowboys,0,3,0,2 Yard Run,2nd & 10 at DAL 26,10:36 1st,— D.McFadden right guard to DAL 28 for 2 yards (O.Pierre).
2017,Hall Of Fame,THU,08/03,Cardinals,Cowboys,1st Quarter,2,Dallas Cowboys,0,4,0,6 Yard Pass,3rd & 8 at DAL 28,10:00 1st Shotgun,— K.Moore pass short middle to A.Jones to DAL 34 for 6 yards (B.Baker).
2017,Hall Of Fame,THU,08/03,Cardinals,Cowboys,1st Quarter,2,Dallas Cowboys,0,5,0,Punt,4th & 2 at DAL 34,09:29 1st,"— S.Irwin-Hill punts 45 yards to ARI 21, Center-Z.Wood, out of bounds. PENALTY on DAL-K.Frazier, Unnecessary Roughness, 15 yards, enforced at ARI 21."
2017,Hall Of Fame,THU,08/03,Cardinals,Cowboys,1st Quarter,3,Arizona Cardinals,1,1,0,-2 Yard Sack,1st & 10 at ARI 36,09:20 1st,— B.Gabbert sacked at ARI 34 for -2 yards (A.Brown).
2017,Hall Of Fame,THU,08/03,Cardinals,Cowboys,1st Quarter,3,Arizona Cardinals,1,2,0,0 Yard Run,2nd & 12 at ARI 34,08:36 1st Shotgun,— A.Ellington left tackle to ARI 34 for no gain (B.Jones).
2017,Hall Of Fame,THU,08/03,Cardinals,Cowboys,1st Quarter,3,Arizona Cardinals,1,3,0,20 Yard Pass,3rd & 12 at ARI 34,07:55 1st Shotgun,— B.Gabbert pass deep right to T.Niklas to DAL 46 for 20 yards (B.Jones).
2017,Hall Of Fame,THU,08/03,Cardinals,Cowboys,1st Quarter,3,Arizona Cardinals,1,4,0,4 Yard Pass,1st & 10 at DAL 46,07:17 1st,— B.Gabbert pass short right to J.Nelson to DAL 42 for 4 yards (A.Brown).
2017,Hall Of Fame,THU,08/03,Cardinals,Cowboys,1st Quarter,3,Arizona Cardinals,1,5,0,26 Yard Pass,2nd & 6 at DAL 42,06:43 1st,— B.Gabbert pass deep middle to I.Momah to DAL 16 for 26 yards (J.Lotulelei).
2017,Hall Of Fame,THU,08/03,Cardinals,Cowboys,1st Quarter,3,Arizona Cardinals,1,6,0,13 Yard Run,1st & 10 at DAL 16,06:02 1st Shotgun,— A.Ellington right tackle to DAL 3 for 13 yards (K.Wilber).
2017,Hall Of Fame,THU,08/03,Cardinals,Cowboys,1st Quarter,3,Arizona Cardinals,1,7,0,Extra Point No Good,,05:18 1st,"— R.Leone extra point is GOOD, Center-A.Brewer, Holder-M.Wile. PENALTY on DAL-J.Ivie, Illegal Formation, 1 yard, enforced at DAL 2 - No Play."
2017,Hall Of Fame,THU,08/03,Cardinals,Cowboys,1st Quarter,3,Arizona Cardinals,1,8,0,Penalty,,05:18 1st,"— (Pass formation) TWO-POINT CONVERSION ATTEMPT. B.Gabbert pass to J.Nelson is incomplete. ATTEMPT FAILS. PENALTY on DAL, Defensive Pass Interference, 0 yards, enforced at DAL 1 - No Play."
2017,Hall Of Fame,THU,08/03,Cardinals,Cowboys,1st Quarter,3,Arizona Cardinals,1,9,0,2 Point Conversion,,05:18 1st,— (Run formation) TWO-POINT CONVERSION ATTEMPT. B.Gabbert rushes up the middle. ATTEMPT SUCCEEDS.
2017,Hall Of Fame,THU,08/03,Cardinals,Cowboys,1st Quarter,4,Dallas Cowboys,1,1,0,Kickoff from ARI 35,,Kickoff,"— R.Leone kicks 58 yards from ARI 35 to DAL 7. L.Lenoir to DAL 21 for 14 yards (B.Williams). PENALTY on DAL-L.McFadden, Offensive Holding, 10 yards, enforced at DAL 21."
2017,Hall Of Fame,THU,08/03,Cardinals,Cowboys,1st Quarter,4,Dallas Cowboys,1,2,0,8 Yard Pass,1st & 10 at DAL 11,05:12 1st,— K.Moore pass short left to K.Smith to DAL 19 for 8 yards (S.Wright).
2017,Hall Of Fame,THU,08/03,Cardinals,Cowboys,1st Quarter,4,Dallas Cowboys,1,3,0,-4 Yard Run,2nd & 2 at DAL 19,04:28 1st,— D.McFadden right tackle to DAL 15 for -4 yards (I.Gallon).
2017,Hall Of Fame,THU,08/03,Cardinals,Cowboys,1st Quarter,4,Dallas Cowboys,1,4,0,14 Yard Pass,3rd & 6 at DAL 15,03:46 1st Shotgun,"— K.Moore pass short right to B.Jarwin to DAL 29 for 14 yards (B.Baker). Penalty on ARI-B.Williams, Illegal Use of Hands, declined."
2017,Hall Of Fame,THU,08/03,Cardinals,Cowboys,1st Quarter,4,Dallas Cowboys,1,5,0,46 Yard Pass,1st & 10 at DAL 29,03:21 1st,— K.Moore pass deep right to B.Butler to ARI 25 for 46 yards (J.Ford).
2017,Hall Of Fame,THU,08/03,Cardinals,Cowboys,1st Quarter,4,Dallas Cowboys,1,6,0,-4 Yard Run,1st & 10 at ARI 25,02:59 1st,— D.McFadden right tackle to ARI 29 for -4 yards (B.Baker; J.Jones).
2017,Hall Of Fame,THU,08/03,Cardinals,Cowboys,1st Quarter,4,Dallas Cowboys,1,7,0,3 Yard Pass,2nd & 14 at ARI 29,02:17 1st Shotgun,— K.Moore pass short right to K.Smith to ARI 26 for 3 yards (K.Martin; H.Reddick).
2017,Hall Of Fame,THU,08/03,Cardinals,Cowboys,1st Quarter,4,Dallas Cowboys,1,8,1,Touchdown,3rd & 11 at ARI 26,01:32 1st Shotgun,"— K.Moore pass deep right to R.Gathers for 26 yards, TOUCHDOWN."
2017,Hall Of Fame,THU,08/03,Cardinals,Cowboys,1st Quarter,4,Dallas Cowboys,1,9,1,Extra Point,,01:24 1st,"— S.Irwin-Hill extra point is GOOD, Center-Z.Wood, Holder-L.McCown."
2017,Hall Of Fame,THU,08/03,Cardinals,Cowboys,2nd Quarter,1,Arizona Cardinals,0,1,1,Touchdown,1st & 3 at DAL 3,05:25 1st,"— A.Ellington left guard for 3 yards, TOUCHDOWN."
2017,Hall Of Fame,THU,08/03,Cardinals,Cowboys,2nd Quarter,1,Arizona Cardinals,0,2,0,Kickoff from DAL 35,,Kickoff,— S.Irwin-Hill kicks 72 yards from DAL 35 to ARI -7. T.Logan to ARI 36 for 43 yards (S.Seamster).
2017,Hall Of Fame,THU,08/03,Cardinals,Cowboys,2nd Quarter,1,Arizona Cardinals,0,3,0,1 Yard Run,1st & 10 at ARI 36,01:17 1st Shotgun,— B.Gabbert left end to ARI 37 for 1 yard (B.Jones). QB Rush
2017,Hall Of Fame,THU,08/03,Cardinals,Cowboys,2nd Quarter,1,Arizona Cardinals,0,4,0,29 Yard Pass,2nd & 9 at ARI 37,00:47 1st,— B.Gabbert pass deep right to J.Ross to DAL 34 for 29 yards (C.Awuzie).
2017,Hall Of Fame,THU,08/03,Cardinals,Cowboys,2nd Quarter,1,Arizona Cardinals,0,5,0,1 Yard Run,1st & 10 at DAL 34,00:09 1st,— A.Ellington left tackle to DAL 33 for 1 yard (W.Baron; J.Heath).
2017,Hall Of Fame,THU,08/03,Cardinals,Cowboys,2nd Quarter,1,Arizona Cardinals,0,6,0,4 Yard Pass,2nd & 9 at DAL 33,15:00 2nd,— B.Gabbert pass short left to A.Ellington to DAL 29 for 4 yards (J.Lotulelei) [W.Baron].
2017,Hall Of Fame,THU,08/03,Cardinals,Cowboys,2nd Quarter,1,Arizona Cardinals,0,7,0,-12 Yard Sack,3rd & 5 at DAL 29,14:15 2nd Shotgun,— B.Gabbert sacked at DAL 41 for -12 yards (D.Wilson).
2017,Hall Of Fame,THU,08/03,Cardinals,Cowboys,2nd Quarter,1,Arizona Cardinals,0,8,0,Punt,4th & 17 at DAL 41,13:33 2nd,"— M.Wile punts 29 yards to DAL 12, Center-A.Brewer, fair catch by L.Lenoir."
2017,Hall Of Fame,THU,08/03,Cardinals,Cowboys,2nd Quarter,2,Dallas Cowboys,1,1,0,4 Yard Run,1st & 10 at DAL 12,13:27 2nd,— A.Morris right tackle to DAL 16 for 4 yards (Z.Gooden; K.Martin).
2017,Hall Of Fame,THU,08/03,Cardinals,Cowboys,2nd Quarter,2,Dallas Cowboys,1,2,0,7 Yard Run,2nd & 6 at DAL 16,12:49 2nd,— A.Morris left guard to DAL 23 for 7 yards (K.Martin; R.Nkemdiche).
2017,Hall Of Fame,THU,08/03,Cardinals,Cowboys,2nd Quarter,2,Dallas Cowboys,1,3,0,Pass Incomplete,1st & 10 at DAL 23,12:11 2nd,— K.Moore pass incomplete deep left to B.Butler.
2017,Hall Of Fame,THU,08/03,Cardinals,Cowboys,2nd Quarter,2,Dallas Cowboys,1,4,0,25 Yard Run,2nd & 10 at DAL 23,12:07 2nd Shotgun,— A.Morris right guard to DAL 48 for 25 yards (I.Gallon; J.Ford).
2017,Hall Of Fame,THU,08/03,Cardinals,Cowboys,2nd Quarter,2,Dallas Cowboys,1,5,0,1 Yard Run,1st & 10 at DAL 48,11:24 2nd,— A.Morris left guard to DAL 49 for 1 yard (A.Bazzie).
2017,Hall Of Fame,THU,08/03,Cardinals,Cowboys,2nd Quarter,2,Dallas Cowboys,1,6,0,Pass Incomplete,2nd & 9 at DAL 49,10:46 2nd,— K.Moore pass incomplete deep left to B.Butler (B.Williams).
2017,Hall Of Fame,THU,08/03,Cardinals,Cowboys,2nd Quarter,2,Dallas Cowboys,1,7,0,32 Yard Pass,3rd & 9 at DAL 49,10:41 2nd Shotgun,— K.Moore pass deep left to B.Butler to ARI 19 for 32 yards (B.Williams).
2017,Hall Of Fame,THU,08/03,Cardinals,Cowboys,2nd Quarter,2,Dallas Cowboys,1,8,0,1 Yard Run,1st & 10 at ARI 19,09:57 2nd,— A.Morris right guard to ARI 18 for 1 yard (Z.Gooden).
2017,Hall Of Fame,THU,08/03,Cardinals,Cowboys,2nd Quarter,2,Dallas Cowboys,1,9,0,9 Yard Penalty,2nd & 9 at ARI 18,09:21 2nd Shotgun,"— K.Moore pass incomplete deep left to N.Brown [N.Capi]. PENALTY on ARI-B.Williams, Defensive Pass Interference, 9 yards, enforced at ARI 18 - No Play."
2017,Hall Of Fame,THU,08/03,Cardinals,Cowboys,2nd Quarter,2,Dallas Cowboys,1,10,0,4 Yard Run,1st & 9 at ARI 9,09:17 2nd,— A.Morris left guard to ARI 5 for 4 yards (B.Baker; J.Ford).
2017,Hall Of Fame,THU,08/03,Cardinals,Cowboys,2nd Quarter,2,Dallas Cowboys,1,11,0,0 Yard Run,2nd & 5 at ARI 5,08:36 2nd,— A.Morris left guard to ARI 5 for no gain (H.Reddick; R.Gunter).
2017,Hall Of Fame,THU,08/03,Cardinals,Cowboys,2nd Quarter,2,Dallas Cowboys,1,12,0,Pass Incomplete,3rd & 5 at ARI 5,08:01 2nd Shotgun,— K.Moore pass incomplete short right to R.Gathers.
2017,Hall Of Fame,THU,08/03,Cardinals,Cowboys,2nd Quarter,2,Dallas Cowboys,1,13,1,Field Goal,4th & 5 at ARI 5,07:55 2nd Field Goal formation,"— S.Irwin-Hill 23 yard field goal is GOOD, Center-Z.Wood, Holder-L.McCown."
2017,Hall Of Fame,THU,08/03,Cardinals,Cowboys,2nd Quarter,3,Arizona Cardinals,0,1,0,Kickoff from DAL 35,,Kickoff,"— S.Irwin-Hill kicks 58 yards from DAL 35 to ARI 7, out of bounds."
2017,Hall Of Fame,THU,08/03,Cardinals,Cowboys,2nd Quarter,3,Arizona Cardinals,0,2,0,0 Yard Run,1st & 10 at ARI 40,07:51 2nd,— A.Ellington left guard to ARI 40 for no gain (J.Jones; C.Tapper).
2017,Hall Of Fame,THU,08/03,Cardinals,Cowboys,2nd Quarter,3,Arizona Cardinals,0,3,0,Pass Incomplete,2nd & 10 at ARI 40,07:10 2nd,— B.Gabbert pass incomplete short left to M.Bundy.
2017,Hall Of Fame,THU,08/03,Cardinals,Cowboys,2nd Quarter,3,Arizona Cardinals,0,4,0,Pass Incomplete,3rd & 10 at ARI 40,07:04 2nd Shotgun,— B.Gabbert pass incomplete short middle to A.Ellington.
2017,Hall Of Fame,THU,08/03,Cardinals,Cowboys,2nd Quarter,3,Arizona Cardinals,0,5,0,Punt,4th & 10 at ARI 40,07:03 2nd Punt formation,"— M.Wile punts 40 yards to DAL 20, Center-A.Brewer, fair catch by L.Lenoir."
2017,Hall Of Fame,THU,08/03,Cardinals,Cowboys,2nd Quarter,4,Dallas Cowboys,0,1,0,-10 Yard Penalty,1st & 10 at DAL 20,06:55 2nd Shotgun,"— K.Moore pass incomplete short left to N.Brown. PENALTY on DAL-E.Cleary, Offensive Holding, 10 yards, enforced at DAL 20 - No Play."
2017,Hall Of Fame,THU,08/03,Cardinals,Cowboys,2nd Quarter,4,Dallas Cowboys,0,2,0,10 Yard Run,1st & 20 at DAL 10,06:51 2nd,"— R.Smith right guard to DAL 15 for 5 yards (D.Hayes). PENALTY on ARI-R.Gunter, Defensive Holding, 5 yards, enforced at DAL 15."
2017,Hall Of Fame,THU,08/03,Cardinals,Cowboys,2nd Quarter,4,Dallas Cowboys,0,3,0,20 Yard Pass,1st & 10 at DAL 20,06:32 2nd,— K.Moore pass short left to A.Jones to DAL 40 for 20 yards (B.Baker; J.Ford).
2017,Hall Of Fame,THU,08/03,Cardinals,Cowboys,2nd Quarter,4,Dallas Cowboys,0,4,0,2 Yard Run,1st & 10 at DAL 40,06:02 2nd,— R.Smith left guard to DAL 42 for 2 yards (B.Baker; R.Gunter).
2017,Hall Of Fame,THU,08/03,Cardinals,Cowboys,2nd Quarter,4,Dallas Cowboys,0,5,0,4 Yard Pass,2nd & 8 at DAL 42,05:19 2nd Shotgun,— K.Moore pass short left to K.Smith to DAL 46 for 4 yards (A.Bazzie; S.Wright).
2017,Hall Of Fame,THU,08/03,Cardinals,Cowboys,2nd Quarter,4,Dallas Cowboys,0,6,0,4 Yard Pass,3rd & 4 at DAL 46,04:35 2nd Shotgun,— K.Moore pass short middle to B.Jarwin to 50 for 4 yards (Z.Gooden).
2017,Hall Of Fame,THU,08/03,Cardinals,Cowboys,2nd Quarter,4,Dallas Cowboys,0,7,0,-5 Yard Run,1st & 10 at 50,03:55 2nd,"— R.Smith right tackle to ARI 45 for 5 yards (B.Williams). PENALTY on DAL-A.Jones, Offensive Holding, 10 yards, enforced at ARI 45."
2017,Hall Of Fame,THU,08/03,Cardinals,Cowboys,2nd Quarter,4,Dallas Cowboys,0,8,0,5 Yard Penalty,1st & 15 at DAL 45,03:26 2nd Shotgun,"— K.Moore pass incomplete short left to A.Jones. PENALTY on ARI-D.Hayes, Defensive Holding, 5 yards, enforced at DAL 45 - No Play."
2017,Hall Of Fame,THU,08/03,Cardinals,Cowboys,2nd Quarter,4,Dallas Cowboys,0,9,0,5 Yard Run,1st & 10 at 50,03:21 2nd,— R.Smith left guard to ARI 45 for 5 yards (A.Bazzie).
2017,Hall Of Fame,THU,08/03,Cardinals,Cowboys,2nd Quarter,4,Dallas Cowboys,0,10,0,14 Yard Pass,2nd & 5 at ARI 45,02:40 2nd,— K.Moore pass short right to B.Brown ran ob at ARI 31 for 14 yards [A.Bazzie].
2017,Hall Of Fame,THU,08/03,Cardinals,Cowboys,2nd Quarter,4,Dallas Cowboys,0,11,0,5 Yard Pass,1st & 10 at ARI 31,02:14 2nd,— K.Moore pass short middle to R.Smith to ARI 26 for 5 yards (S.Wright; Z.Gooden).
2017,Hall Of Fame,THU,08/03,Cardinals,Cowboys,2nd Quarter,4,Dallas Cowboys,0,12,0,7 Yard Run,2nd & 5 at ARI 26,02:00 2nd,— R.Smith left guard to ARI 19 for 7 yards (J.Ford).
2017,Hall Of Fame,THU,08/03,Cardinals,Cowboys,2nd Quarter,4,Dallas Cowboys,0,13,0,1 Yard Run,1st & 10 at ARI 19,01:27 2nd Shotgun,— R.Smith left guard to ARI 18 for 1 yard (A.Bazzie).
2017,Hall Of Fame,THU,08/03,Cardinals,Cowboys,2nd Quarter,4,Dallas Cowboys,0,14,0,Interception,2nd & 9 at ARI 18,"00:59 2nd No Huddle, Shotgun",— K.Moore pass intended for N.Brown INTERCEPTED by B.Williams at ARI -4. Touchback.
2017,Hall Of Fame,THU,08/03,Cardinals,Cowboys,2nd Quarter,5,Arizona Cardinals,0,1,0,Penalty,1st & 10 at ARI 20,00:54 2nd Shotgun,"— B.Gabbert pass short middle to I.Momah to ARI 34 for 14 yards (J.Lotulelei). Penalty on DAL-J.Ivie, Illegal Use of Hands, offsetting, enforced at ARI 20 - No Play. Penalty on ARI-I.Momah, Offensive Pass Interference, offsetting."
2017,Hall Of Fame,THU,08/03,Cardinals,Cowboys,2nd Quarter,5,Arizona Cardinals,0,2,0,18 Yard Pass,1st & 10 at ARI 20,00:42 2nd Shotgun,— B.Gabbert pass to M.Bundy to ARI 38 for 18 yards (C.Awuzie).
2017,Hall Of Fame,THU,08/03,Cardinals,Cowboys,2nd Quarter,5,Arizona Cardinals,0,3,0,Timeout,,00:42 2nd,— Timeout #1 by ARI at 00:42.
2017,Hall Of Fame,THU,08/03,Cardinals,Cowboys,2nd Quarter,5,Arizona Cardinals,0,4,0,11 Yard Pass,1st & 10 at ARI 38,00:42 2nd Shotgun,— B.Gabbert pass short middle to A.Ellington to ARI 49 for 11 yards (J.Jones).
2017,Hall Of Fame,THU,08/03,Cardinals,Cowboys,2nd Quarter,5,Arizona Cardinals,0,5,0,2 Yard Run,1st & 10 at ARI 49,"00:22 2nd No Huddle, Shotgun",— B.Gabbert scrambles right end to DAL 49 for 2 yards (J.Jones).
2017,Hall Of Fame,THU,08/03,Cardinals,Cowboys,2nd Quarter,5,Arizona Cardinals,0,6,0,16 Yard Pass,2nd & 8 at DAL 49,00:16 2nd Shotgun,— B.Gabbert pass short middle to M.Bundy to DAL 33 for 16 yards (L.McFadden).
2017,Hall Of Fame,THU,08/03,Cardinals,Cowboys,2nd Quarter,5,Arizona Cardinals,0,7,0,Timeout,,00:10 2nd,— Timeout #2 by ARI at 00:10.
2017,Hall Of Fame,THU,08/03,Cardinals,Cowboys,2nd Quarter,5,Arizona Cardinals,0,8,0,Pass Incomplete,1st & 10 at DAL 33,00:10 2nd Shotgun,— B.Gabbert pass incomplete short left to K.Hogan (C.Awuzie).
2017,Hall Of Fame,THU,08/03,Cardinals,Cowboys,2nd Quarter,5,Arizona Cardinals,0,9,0,Field Goal No Good,2nd & 10 at DAL 33,00:06 2nd Field Goal formation,"— R.Leone 51 yard field goal is No Good, Wide Left, Center-A.Brewer, Holder-M.Wile."
2017,Hall Of Fame,THU,08/03,Cardinals,Cowboys,2nd Quarter,6,Dallas Cowboys,0,1,0,-1 Yard Run,1st & 10 at DAL 41,00:02 2nd,— K.Moore kneels to DAL 40 for -1 yards.
2017,Hall Of Fame,THU,08/03,Cardinals,Cowboys,3rd Quarter,1,Dallas Cowboys,1,1,0,Kickoff from ARI 35,,Kickoff,"— M.Wile kicks 65 yards from ARI 35 to end zone, Touchback."
2017,Hall Of Fame,THU,08/03,Cardinals,Cowboys,3rd Quarter,1,Dallas Cowboys,1,2,0,Pass Incomplete,1st & 10 at DAL 25,15:00 3rd,— C.Rush pass incomplete short right to B.Brown.
2017,Hall Of Fame,THU,08/03,Cardinals,Cowboys,3rd Quarter,1,Dallas Cowboys,1,3,0,3 Yard Run,2nd & 10 at DAL 25,14:55 3rd,— R.Smith left end to DAL 28 for 3 yards (A.Bazzie).
2017,Hall Of Fame,THU,08/03,Cardinals,Cowboys,3rd Quarter,1,Dallas Cowboys,1,4,0,22 Yard Penalty,3rd & 7 at DAL 28,14:14 3rd Shotgun,"— C.Rush pass incomplete deep right to L.Lenoir. PENALTY on ARI-R.Lewis, Defensive Pass Interference, 22 yards, enforced at DAL 28 - No Play. Penalty on ARI-A.Bazzie, Defensive Offside, declined."
2017,Hall Of Fame,THU,08/03,Cardinals,Cowboys,3rd Quarter,1,Dallas Cowboys,1,5,0,5 Yard Run,1st & 10 at 50,14:14 3rd,— R.Smith left guard to ARI 45 for 5 yards (R.Gunter).
2017,Hall Of Fame,THU,08/03,Cardinals,Cowboys,3rd Quarter,1,Dallas Cowboys,1,6,0,7 Yard Pass,2nd & 5 at ARI 45,13:37 3rd,— C.Rush pass short left to B.Brown to ARI 38 for 7 yards (D.Gray).
2017,Hall Of Fame,THU,08/03,Cardinals,Cowboys,3rd Quarter,1,Dallas Cowboys,1,7,0,17 Yard Pass,1st & 10 at ARI 38,13:03 3rd,— C.Rush pass short right to R.Gathers to ARI 21 for 17 yards (T.Johnson) [B.Baker].
2017,Hall Of Fame,THU,08/03,Cardinals,Cowboys,3rd Quarter,1,Dallas Cowboys,1,8,0,2 Yard Run,1st & 10 at ARI 21,12:21 3rd,— R.Smith right guard to ARI 19 for 2 yards (O.Pierre).
2017,Hall Of Fame,THU,08/03,Cardinals,Cowboys,3rd Quarter,1,Dallas Cowboys,1,9,0,5 Yard Run,2nd & 8 at ARI 19,11:43 3rd,— R.Smith right tackle to ARI 14 for 5 yards (X.Williams).
2017,Hall Of Fame,THU,08/03,Cardinals,Cowboys,3rd Quarter,1,Dallas Cowboys,1,10,0,Pass Incomplete,3rd & 3 at ARI 14,10:59 3rd Shotgun,— C.Rush pass incomplete short right to B.Brown (R.Lewis).
2017,Hall Of Fame,THU,08/03,Cardinals,Cowboys,3rd Quarter,1,Dallas Cowboys,1,11,1,Touchdown,4th & 3 at ARI 14,10:54 3rd Shotgun,"— C.Rush pass short middle to U.Nwachukwu for 14 yards, TOUCHDOWN."
2017,Hall Of Fame,THU,08/03,Cardinals,Cowboys,3rd Quarter,1,Dallas Cowboys,1,12,1,Extra Point,,10:48 3rd,"— S.Irwin-Hill extra point is GOOD, Center-Z.Wood, Holder-L.McCown."
2017,Hall Of Fame,THU,08/03,Cardinals,Cowboys,3rd Quarter,2,Arizona Cardinals,0,1,0,Kickoff from DAL 35,,Kickoff,"— S.Irwin-Hill kicks 65 yards from DAL 35 to end zone, Touchback."
2017,Hall Of Fame,THU,08/03,Cardinals,Cowboys,3rd Quarter,2,Arizona Cardinals,0,2,0,2 Yard Run,1st & 10 at ARI 25,10:48 3rd Shotgun,— E.Penny right guard to ARI 27 for 2 yards (J.Lotulelei).
2017,Hall Of Fame,THU,08/03,Cardinals,Cowboys,3rd Quarter,2,Arizona Cardinals,0,3,0,Pass Incomplete,2nd & 8 at ARI 27,10:12 3rd,— T.Knight pass incomplete short right to C.Williams.
2017,Hall Of Fame,THU,08/03,Cardinals,Cowboys,3rd Quarter,2,Arizona Cardinals,0,4,0,4 Yard Run,3rd & 8 at ARI 27,10:05 3rd Shotgun,"— T.Knight scrambles left end to ARI 31 for 4 yards (D.Thomas). Penalty on ARI-D.Munyer, Offensive Holding, declined."
2017,Hall Of Fame,THU,08/03,Cardinals,Cowboys,3rd Quarter,2,Arizona Cardinals,0,5,0,Punt,4th & 9 at ARI 26,09:46 3rd,"— R.Leone punts 52 yards to DAL 22, Center-A.Brewer. L.Lenoir to DAL 27 for 5 yards (A.Brewer)."
2017,Hall Of Fame,THU,08/03,Cardinals,Cowboys,3rd Quarter,3,Dallas Cowboys,0,1,0,0 Yard Run,1st & 10 at DAL 27,09:35 3rd,— R.Hillman left guard to DAL 27 for no gain (X.Williams).
2017,Hall Of Fame,THU,08/03,Cardinals,Cowboys,3rd Quarter,3,Dallas Cowboys,0,2,0,3 Yard Run,2nd & 10 at DAL 27,08:59 3rd,— R.Hillman right guard to DAL 30 for 3 yards (I.Gallon; A.Bazzie).
2017,Hall Of Fame,THU,08/03,Cardinals,Cowboys,3rd Quarter,3,Dallas Cowboys,0,3,0,Pass Incomplete,3rd & 7 at DAL 30,08:24 3rd Shotgun,— C.Rush pass incomplete short right to B.Brown (B.Baker).
2017,Hall Of Fame,THU,08/03,Cardinals,Cowboys,3rd Quarter,3,Dallas Cowboys,0,4,0,Punt,4th & 7 at DAL 30,08:21 3rd Punt formation,"— S.Irwin-Hill punts 40 yards to ARI 30, Center-Z.Wood. T.Logan to ARI 40 for 10 yards (S.Irwin-Hill). PENALTY on ARI-M.Bundy, Illegal Block Above the Waist, 10 yards, enforced at ARI 40."
2017,Hall Of Fame,THU,08/03,Cardinals,Cowboys,3rd Quarter,4,Arizona Cardinals,1,1,0,2 Yard Run,1st & 10 at ARI 30,08:08 3rd,— E.Penny right end to ARI 32 for 2 yards (K.Frazier).
2017,Hall Of Fame,THU,08/03,Cardinals,Cowboys,3rd Quarter,4,Arizona Cardinals,1,2,0,2 Yard Run,2nd & 8 at ARI 32,07:32 3rd,— T.Knight right end to ARI 34 for 2 yards (D.Leslie).
2017,Hall Of Fame,THU,08/03,Cardinals,Cowboys,3rd Quarter,4,Arizona Cardinals,1,3,0,19 Yard Pass,3rd & 6 at ARI 34,06:57 3rd Shotgun,— T.Knight pass short left to C.Williams to DAL 47 for 19 yards (J.Jones).
2017,Hall Of Fame,THU,08/03,Cardinals,Cowboys,3rd Quarter,4,Arizona Cardinals,1,4,0,3 Yard Run,1st & 10 at DAL 47,06:23 3rd,— E.Penny right guard to DAL 44 for 3 yards (J.Jones).
2017,Hall Of Fame,THU,08/03,Cardinals,Cowboys,3rd Quarter,4,Arizona Cardinals,1,5,0,17 Yard Penalty,2nd & 7 at DAL 44,05:47 3rd,"— T.Knight pass incomplete short right to C.Agudosi. PENALTY on DAL-S.Seamster, Defensive Pass Interference, 17 yards, enforced at DAL 44 - No Play."
2017,Hall Of Fame,THU,08/03,Cardinals,Cowboys,3rd Quarter,4,Arizona Cardinals,1,6,0,4 Yard Run,1st & 10 at DAL 27,05:43 3rd,"— E.Penny left guard to DAL 23 for 4 yards (J.Jones). Dallas challenged the runner was down by contact ruling, and the play was Upheld. The ruling on the field was confirmed. (Timeout #1.)"
2017,Hall Of Fame,THU,08/03,Cardinals,Cowboys,3rd Quarter,4,Arizona Cardinals,1,7,0,3 Yard Run,2nd & 6 at DAL 23,05:10 3rd,— E.Penny left tackle to DAL 20 for 3 yards (J.Carrell; J.Ivie).
2017,Hall Of Fame,THU,08/03,Cardinals,Cowboys,3rd Quarter,4,Arizona Cardinals,1,8,0,-2 Yard Run,3rd & 3 at DAL 20,04:34 3rd,— E.Penny left end to DAL 22 for -2 yards (K.Frazier).
2017,Hall Of Fame,THU,08/03,Cardinals,Cowboys,3rd Quarter,4,Arizona Cardinals,1,9,1,Field Goal,4th & 5 at DAL 22,03:54 3rd Field Goal formation,"— M.Wile 40 yard field goal is GOOD, Center-A.Brewer, Holder-R.Leone. Penalty on DAL-S.Seamster, Neutral Zone Infraction, declined."
2017,Hall Of Fame,THU,08/03,Cardinals,Cowboys,3rd Quarter,5,Dallas Cowboys,0,1,0,Kickoff from ARI 35,,Kickoff,"— M.Wile kicks 65 yards from ARI 35 to end zone, Touchback."
2017,Hall Of Fame,THU,08/03,Cardinals,Cowboys,3rd Quarter,5,Dallas Cowboys,0,2,0,16 Yard Pass,1st & 10 at DAL 25,03:50 3rd,— C.Rush pass short right to R.Gathers to DAL 41 for 16 yards (J.Ford).
2017,Hall Of Fame,THU,08/03,Cardinals,Cowboys,3rd Quarter,5,Dallas Cowboys,0,3,0,1 Yard Run,1st & 10 at DAL 41,03:19 3rd,— R.Smith right guard to DAL 42 for 1 yard (P.Anau).
2017,Hall Of Fame,THU,08/03,Cardinals,Cowboys,3rd Quarter,5,Dallas Cowboys,0,4,0,8 Yard Pass,2nd & 9 at DAL 42,02:42 3rd Shotgun,— C.Rush pass short middle to R.Smith to 50 for 8 yards (I.Gallon; T.Johnson) [N.Capi].
2017,Hall Of Fame,THU,08/03,Cardinals,Cowboys,3rd Quarter,5,Dallas Cowboys,0,5,0,1 Yard Run,3rd & 1 at 50,02:12 3rd,— R.Smith right guard to ARI 49 for 1 yard (I.Gallon; P.Anau).
2017,Hall Of Fame,THU,08/03,Cardinals,Cowboys,3rd Quarter,5,Dallas Cowboys,0,6,0,Pass Incomplete,1st & 10 at ARI 49,01:34 3rd Shotgun,— C.Rush pass incomplete deep right to L.Lenoir.
2017,Hall Of Fame,THU,08/03,Cardinals,Cowboys,3rd Quarter,5,Dallas Cowboys,0,7,0,5 Yard Run,2nd & 10 at ARI 49,01:29 3rd,— R.Smith left tackle to ARI 44 for 5 yards (J.Ford).
2017,Hall Of Fame,THU,08/03,Cardinals,Cowboys,3rd Quarter,5,Dallas Cowboys,0,8,0,-5 Yard Penalty,3rd & 5 at ARI 44,00:51 3rd Shotgun,"— PENALTY on DAL-R.Gathers, False Start, 5 yards, enforced at ARI 44 - No Play."
2017,Hall Of Fame,THU,08/03,Cardinals,Cowboys,3rd Quarter,5,Dallas Cowboys,0,9,0,Pass Incomplete,3rd & 10 at ARI 49,00:33 3rd Shotgun,— C.Rush pass incomplete short left to R.Smith [N.Capi].
2017,Hall Of Fame,THU,08/03,Cardinals,Cowboys,3rd Quarter,5,Dallas Cowboys,0,10,0,Punt,4th & 10 at ARI 49,00:29 3rd,"— S.Irwin-Hill punts 43 yards to ARI 6, Center-Z.Wood, downed by DAL-K.Frazier."
2017,Hall Of Fame,THU,08/03,Cardinals,Cowboys,4th Quarter,1,Arizona Cardinals,0,1,0,2 Yard Run,1st & 10 at ARI 6,00:19 3rd,— E.Penny right guard to ARI 8 for 2 yards (J.Jones).
2017,Hall Of Fame,THU,08/03,Cardinals,Cowboys,4th Quarter,1,Arizona Cardinals,0,2,0,5 Yard Pass,2nd & 8 at ARI 8,15:00 4th,— T.Knight pass short left to G.Christian to ARI 13 for 5 yards (K.Gilchrist).
2017,Hall Of Fame,THU,08/03,Cardinals,Cowboys,4th Quarter,1,Arizona Cardinals,0,3,0,Pass Incomplete,3rd & 3 at ARI 13,14:21 4th Shotgun,— T.Knight pass incomplete short right to K.Hogan.
2017,Hall Of Fame,THU,08/03,Cardinals,Cowboys,4th Quarter,1,Arizona Cardinals,0,4,0,Punt,4th & 3 at ARI 13,14:19 4th,"— R.Leone punts 41 yards to DAL 46, Center-A.Brewer. L.Lenoir to ARI 45 for 9 yards (I.Momah; J.Ford)."
2017,Hall Of Fame,THU,08/03,Cardinals,Cowboys,4th Quarter,2,Dallas Cowboys,1,1,0,Pass Incomplete,1st & 10 at ARI 45,14:10 4th Shotgun,— C.Rush pass incomplete short right [N.Capi].
2017,Hall Of Fame,THU,08/03,Cardinals,Cowboys,4th Quarter,2,Dallas Cowboys,1,2,0,5 Yard Penalty,2nd & 10 at ARI 45,14:00 4th,"— PENALTY on ARI-X.Williams, Encroachment, 5 yards, enforced at ARI 45 - No Play."
2017,Hall Of Fame,THU,08/03,Cardinals,Cowboys,4th Quarter,2,Dallas Cowboys,1,3,0,3 Yard Run,2nd & 5 at ARI 40,14:00 4th Shotgun,— R.Hillman right guard to ARI 37 for 3 yards (O.Pierre; N.Capi).
2017,Hall Of Fame,THU,08/03,Cardinals,Cowboys,4th Quarter,2,Dallas Cowboys,1,4,0,12 Yard Run,3rd & 2 at ARI 37,13:24 4th Shotgun,— C.Rush right guard to ARI 25 for 12 yards (J.Ford).
2017,Hall Of Fame,THU,08/03,Cardinals,Cowboys,4th Quarter,2,Dallas Cowboys,1,5,0,-10 Yard Penalty,1st & 10 at ARI 25,12:42 4th,"— R.Hillman right tackle to ARI 23 for 2 yards (A.Bazzie). PENALTY on DAL-N.Theaker, Offensive Holding, 10 yards, enforced at ARI 25 - No Play."
2017,Hall Of Fame,THU,08/03,Cardinals,Cowboys,4th Quarter,2,Dallas Cowboys,1,6,0,13 Yard Pass,1st & 20 at ARI 35,12:15 4th,— C.Rush pass short left to A.Jones to ARI 22 for 13 yards (D.Hayes; I.Gallon).
2017,Hall Of Fame,THU,08/03,Cardinals,Cowboys,4th Quarter,2,Dallas Cowboys,1,7,0,-3 Yard Run,2nd & 7 at ARI 22,11:39 4th,— R.Hillman right guard to ARI 25 for -3 yards (A.Bazzie).
2017,Hall Of Fame,THU,08/03,Cardinals,Cowboys,4th Quarter,2,Dallas Cowboys,1,8,0,Pass Incomplete,3rd & 10 at ARI 25,10:58 4th Shotgun,— C.Rush pass incomplete deep right to A.Jones (J.Carter).
2017,Hall Of Fame,THU,08/03,Cardinals,Cowboys,4th Quarter,2,Dallas Cowboys,1,9,0,Timeout,,10:53 4th,— Timeout #2 by DAL at 10:53.
2017,Hall Of Fame,THU,08/03,Cardinals,Cowboys,4th Quarter,2,Dallas Cowboys,1,10,1,Field Goal,4th & 10 at ARI 25,10:53 4th,"— S.Irwin-Hill 43 yard field goal is GOOD, Center-Z.Wood, Holder-L.McCown."
2017,Hall Of Fame,THU,08/03,Cardinals,Cowboys,4th Quarter,3,Arizona Cardinals,0,1,0,Kickoff from DAL 35,,Kickoff,— S.Irwin-Hill kicks 71 yards from DAL 35 to ARI -6. T.Logan to ARI 22 for 28 yards (J.Lotulelei).
2017,Hall Of Fame,THU,08/03,Cardinals,Cowboys,4th Quarter,3,Arizona Cardinals,0,2,0,16 Yard Run,1st & 10 at ARI 22,10:45 4th,— T.Logan right guard to ARI 38 for 16 yards (J.Showers).
2017,Hall Of Fame,THU,08/03,Cardinals,Cowboys,4th Quarter,3,Arizona Cardinals,0,3,0,4 Yard Run,1st & 10 at ARI 38,10:15 4th,— T.Logan left guard to ARI 42 for 4 yards (W.Baron).
2017,Hall Of Fame,THU,08/03,Cardinals,Cowboys,4th Quarter,3,Arizona Cardinals,0,4,0,Pass Incomplete,2nd & 6 at ARI 42,09:32 4th,— T.Knight pass incomplete short right to C.Hubert.
2017,Hall Of Fame,THU,08/03,Cardinals,Cowboys,4th Quarter,3,Arizona Cardinals,0,5,0,15 Yard Penalty,3rd & 6 at ARI 42,09:27 4th Shotgun,"— T.Knight pass incomplete short right to K.Hogan [L.Neal]. PENALTY on DAL-L.Neal, Face Mask (15 Yards), 15 yards, enforced at ARI 42 - No Play."
2017,Hall Of Fame,THU,08/03,Cardinals,Cowboys,4th Quarter,3,Arizona Cardinals,0,6,0,Pass Incomplete,1st & 10 at DAL 43,09:20 4th,— T.Knight pass incomplete deep left to L.Clark.
2017,Hall Of Fame,THU,08/03,Cardinals,Cowboys,4th Quarter,3,Arizona Cardinals,0,7,0,25 Yard Pass,2nd & 10 at DAL 43,09:15 4th Shotgun,— T.Knight pass deep left to K.Hogan to DAL 18 for 25 yards (M.White). QB scramble out of pocket before pass
2017,Hall Of Fame,THU,08/03,Cardinals,Cowboys,4th Quarter,3,Arizona Cardinals,0,8,0,2 Yard Run,1st & 10 at DAL 18,08:32 4th,— T.Logan right guard to DAL 16 for 2 yards (K.Gilchrist).
2017,Hall Of Fame,THU,08/03,Cardinals,Cowboys,4th Quarter,3,Arizona Cardinals,0,9,0,2 Yard Run,2nd & 8 at DAL 16,07:49 4th Shotgun,— T.Logan right tackle to DAL 14 for 2 yards (K.Gilchrist).
2017,Hall Of Fame,THU,08/03,Cardinals,Cowboys,4th Quarter,3,Arizona Cardinals,0,10,0,Pass Incomplete,3rd & 6 at DAL 14,07:10 4th Shotgun,— T.Knight pass incomplete short right to T.Logan.
2017,Hall Of Fame,THU,08/03,Cardinals,Cowboys,4th Quarter,3,Arizona Cardinals,0,11,0,Field Goal No Good,4th & 6 at DAL 14,07:07 4th,"— M.Wile 32 yard field goal is No Good, Wide Left, Center-A.Brewer, Holder-R.Leone."
2017,Hall Of Fame,THU,08/03,Cardinals,Cowboys,4th Quarter,4,Dallas Cowboys,0,1,0,2 Yard Run,1st & 10 at DAL 22,07:03 4th,— R.Hillman right guard to DAL 24 for 2 yards (I.Gallon).
2017,Hall Of Fame,THU,08/03,Cardinals,Cowboys,4th Quarter,4,Dallas Cowboys,0,2,0,0 Yard Run,2nd & 8 at DAL 24,06:21 4th Shotgun,— R.Hillman left tackle to DAL 24 for no gain (N.Capi).
2017,Hall Of Fame,THU,08/03,Cardinals,Cowboys,4th Quarter,4,Dallas Cowboys,0,3,0,Pass Incomplete,3rd & 8 at DAL 24,05:42 4th Shotgun,— C.Rush pass incomplete short right to B.Brown [N.Capi].
2017,Hall Of Fame,THU,08/03,Cardinals,Cowboys,4th Quarter,4,Dallas Cowboys,0,4,0,Punt,4th & 8 at DAL 24,05:37 4th,"— S.Irwin-Hill punts 36 yards to ARI 40, Center-Z.Wood, fair catch by J.Ross."
2017,Hall Of Fame,THU,08/03,Cardinals,Cowboys,4th Quarter,5,Arizona Cardinals,0,1,0,Pass Incomplete,1st & 10 at ARI 40,05:30 4th,— T.Knight pass incomplete deep left to C.Hubert [K.Gilchrist].
2017,Hall Of Fame,THU,08/03,Cardinals,Cowboys,4th Quarter,5,Arizona Cardinals,0,2,0,0 Yard Run,2nd & 10 at ARI 40,05:23 4th Shotgun,— E.Penny right guard to ARI 40 for no gain (R.Ash).
2017,Hall Of Fame,THU,08/03,Cardinals,Cowboys,4th Quarter,5,Arizona Cardinals,0,3,0,Pass Incomplete,3rd & 10 at ARI 40,04:44 4th Shotgun,— T.Knight pass incomplete deep right to L.Clark.
2017,Hall Of Fame,THU,08/03,Cardinals,Cowboys,4th Quarter,5,Arizona Cardinals,0,4,0,Punt,4th & 10 at ARI 40,04:37 4th,"— R.Leone punts 35 yards to DAL 25, Center-A.Brewer, downed by ARI-C.Williams."
2017,Hall Of Fame,THU,08/03,Cardinals,Cowboys,4th Quarter,6,Dallas Cowboys,0,1,0,Pass Incomplete,1st & 10 at DAL 25,04:26 4th,— C.Rush pass incomplete to K.Smith.
2017,Hall Of Fame,THU,08/03,Cardinals,Cowboys,4th Quarter,6,Dallas Cowboys,0,2,0,3 Yard Run,2nd & 10 at DAL 25,04:23 4th,— R.Smith left guard to DAL 28 for 3 yards (I.Gallon).
2017,Hall Of Fame,THU,08/03,Cardinals,Cowboys,4th Quarter,6,Dallas Cowboys,0,3,0,11 Yard Run,3rd & 7 at DAL 28,03:40 4th Shotgun,— C.Rush scrambles left guard to DAL 39 for 11 yards (J.Ford).
2017,Hall Of Fame,THU,08/03,Cardinals,Cowboys,4th Quarter,6,Dallas Cowboys,0,4,0,-4 Yard Run,1st & 10 at DAL 39,02:53 4th,— R.Smith left tackle to DAL 35 for -4 yards (P.Tasini).
2017,Hall Of Fame,THU,08/03,Cardinals,Cowboys,4th Quarter,6,Dallas Cowboys,0,5,0,Timeout,,02:48 4th,— Timeout #1 by ARI at 02:48.
2017,Hall Of Fame,THU,08/03,Cardinals,Cowboys,4th Quarter,6,Dallas Cowboys,0,6,0,12 Yard Pass,2nd & 14 at DAL 35,02:48 4th Shotgun,— C.Rush pass short left to R.Smith to DAL 47 for 12 yards (T.Johnson).
2017,Hall Of Fame,THU,08/03,Cardinals,Cowboys,4th Quarter,6,Dallas Cowboys,0,7,0,Timeout,,02:08 4th,— Timeout #2 by ARI at 02:08.
2017,Hall Of Fame,THU,08/03,Cardinals,Cowboys,4th Quarter,6,Dallas Cowboys,0,8,0,1 Yard Pass,3rd & 2 at DAL 47,02:08 4th Shotgun,— C.Rush pass short left to C.Hamlett to DAL 48 for 1 yard (I.Gallon).
2017,Hall Of Fame,THU,08/03,Cardinals,Cowboys,4th Quarter,6,Dallas Cowboys,0,9,0,6 Yard Run,4th & 1 at DAL 48,02:00 4th,"— R.Smith right end to ARI 36 for 16 yards (A.Bazzie). PENALTY on DAL-B.Brown, Illegal Block Above the Waist, 10 yards, enforced at ARI 36."
2017,Hall Of Fame,THU,08/03,Cardinals,Cowboys,4th Quarter,6,Dallas Cowboys,0,10,0,0 Yard Run,1st & 10 at ARI 46,01:52 4th,"— R.Smith left tackle to ARI 46 for no gain (S.Wright). Penalty on DAL-R.Carter, Offensive Holding, declined."
2017,Hall Of Fame,THU,08/03,Cardinals,Cowboys,4th Quarter,6,Dallas Cowboys,0,11,0,5 Yard Penalty,2nd & 10 at ARI 46,01:47 4th Shotgun,"— PENALTY on ARI, Defensive 12 On-field, 5 yards, enforced at ARI 46 - No Play."
2017,Hall Of Fame,THU,08/03,Cardinals,Cowboys,4th Quarter,6,Dallas Cowboys,0,12,0,2 Yard Run,2nd & 5 at ARI 41,01:47 4th,— R.Smith right guard to ARI 39 for 2 yards (D.Moala).
2017,Hall Of Fame,THU,08/03,Cardinals,Cowboys,4th Quarter,6,Dallas Cowboys,0,13,0,Timeout,,01:41 4th,— Timeout #3 by ARI at 01:41.
2017,Hall Of Fame,THU,08/03,Cardinals,Cowboys,4th Quarter,6,Dallas Cowboys,0,14,0,-1 Yard Pass,3rd & 3 at ARI 39,01:41 4th Shotgun,— C.Rush pass short left to B.Brown to ARI 40 for -1 yards (R.Lewis).
2017,Hall Of Fame,THU,08/03,Cardinals,Cowboys,4th Quarter,6,Dallas Cowboys,0,15,0,Punt,4th & 4 at ARI 40,00:50 4th,"— S.Irwin-Hill punts 20 yards to ARI 20, Center-Z.Wood, downed by DAL-B.Jarwin."
2017,Hall Of Fame,THU,08/03,Cardinals,Cowboys,4th Quarter,7,Arizona Cardinals,0,1,0,6 Yard Run,1st & 10 at ARI 20,00:43 4th Shotgun,— T.Knight scrambles up the middle to ARI 26 for 6 yards (J.Jones).
2017,Hall Of Fame,THU,08/03,Cardinals,Cowboys,4th Quarter,7,Arizona Cardinals,0,2,0,Pass Incomplete,2nd & 4 at ARI 26,00:29 4th,— T.Knight spiked the ball to stop the clock.
2017,Hall Of Fame,THU,08/03,Cardinals,Cowboys,4th Quarter,7,Arizona Cardinals,0,3,0,9 Yard Pass,3rd & 4 at ARI 26,00:28 4th Shotgun,— T.Knight pass short middle to R.Seals-Jones to ARI 35 for 9 yards (J.Jones).
2017,Hall Of Fame,THU,08/03,Cardinals,Cowboys,4th Quarter,7,Arizona Cardinals,0,4,0,Pass Incomplete,1st & 10 at ARI 35,00:15 4th,— T.Knight spiked the ball to stop the clock.
2017,Hall Of Fame,THU,08/03,Cardinals,Cowboys,4th Quarter,7,Arizona Cardinals,0,5,0,10 Yard Pass,2nd & 10 at ARI 35,00:14 4th Shotgun,— T.Knight pass short right to C.Agudosi to ARI 45 for 10 yards (D.Thomas).
