Season,Week,Day,Date,AwayTeam,HomeTeam,Quarter,DriveNumber,TeamWithPossession,IsScoringDrive,PlayNumberInDrive,IsScoringPlay,PlayOutcome,PlayStart,PlayTimeFormation,PlayDescription
2019,Super Bowl,SUN,02/02,49ers,Chiefs,1st Quarter,1,Kansas City Chiefs,0,1,0,Kickoff from SF 35,,Kickoff,— M.Wishnowsky kicks 68 yards from SF 35 to KC -3. M.Hardman to KC 26 for 29 yards (J.Ward; D.Reed Jr.).
2019,Super Bowl,SUN,02/02,49ers,Chiefs,1st Quarter,1,Kansas City Chiefs,0,2,0,7 Yard Run,1st & 10 at KC 26,14:54 1st Shotgun,— Dam.Williams right end to KC 33 for 7 yards (D.Greenlaw).
2019,Super Bowl,SUN,02/02,49ers,Chiefs,1st Quarter,1,Kansas City Chiefs,0,3,0,Pass Incomplete,2nd & 3 at KC 33,14:12 1st Shotgun,— P.Mahomes pass incomplete short left to Dam.Williams (N.Bosa).
2019,Super Bowl,SUN,02/02,49ers,Chiefs,1st Quarter,1,Kansas City Chiefs,0,4,0,Pass Incomplete,3rd & 3 at KC 33,14:08 1st Shotgun,— P.Mahomes pass incomplete short right to Dam.Williams.
2019,Super Bowl,SUN,02/02,49ers,Chiefs,1st Quarter,1,Kansas City Chiefs,0,5,0,Punt,4th & 3 at KC 33,14:05 1st Punt formation,"— D.Colquitt punts 49 yards to SF 18, Center-J.Winchester. R.James Jr. MUFFS catch, and recovers at SF 18. R.James Jr. to SF 18 for no gain (B.Pringle)."
2019,Super Bowl,SUN,02/02,49ers,Chiefs,1st Quarter,2,San Francisco 49ers,1,1,0,-1 Yard Run,1st & 10 at SF 18,13:55 1st,— T.Coleman right end to SF 17 for -1 yards (D.Nnadi).
2019,Super Bowl,SUN,02/02,49ers,Chiefs,1st Quarter,2,San Francisco 49ers,1,2,0,11 Yard Pass,2nd & 11 at SF 17,13:18 1st,— J.Garoppolo pass short left to G.Kittle to SF 28 for 11 yards (D.Sorensen).
2019,Super Bowl,SUN,02/02,49ers,Chiefs,1st Quarter,2,San Francisco 49ers,1,3,0,32 Yard Run,1st & 10 at SF 28,12:33 1st Shotgun,— D.Samuel right end pushed ob at KC 40 for 32 yards (T.Mathieu).
2019,Super Bowl,SUN,02/02,49ers,Chiefs,1st Quarter,2,San Francisco 49ers,1,4,0,7 Yard Run,1st & 10 at KC 40,11:51 1st Shotgun,— T.Coleman left end to KC 33 for 7 yards (D.Wilson; C.Ward).
2019,Super Bowl,SUN,02/02,49ers,Chiefs,1st Quarter,2,San Francisco 49ers,1,5,0,1 Yard Run,2nd & 3 at KC 33,11:09 1st,— T.Coleman left guard to KC 32 for 1 yard (R.Ragland).
2019,Super Bowl,SUN,02/02,49ers,Chiefs,1st Quarter,2,San Francisco 49ers,1,6,0,7 Yard Run,3rd & 2 at KC 32,10:27 1st Shotgun,— D.Samuel scrambles left guard to KC 25 for 7 yards (A.Hitchens).
2019,Super Bowl,SUN,02/02,49ers,Chiefs,1st Quarter,2,San Francisco 49ers,1,7,0,2 Yard Pass,1st & 10 at KC 25,09:38 1st,— J.Garoppolo pass short middle to R.Mostert to KC 23 for 2 yards (M.Pennel; T.Suggs).
2019,Super Bowl,SUN,02/02,49ers,Chiefs,1st Quarter,2,San Francisco 49ers,1,8,0,-2 Yard Pass,2nd & 8 at KC 23,08:57 1st Shotgun,"— J.Garoppolo pass short right to D.Samuel to KC 25 for -2 yards (B.Breeland, A.Hitchens)."
2019,Super Bowl,SUN,02/02,49ers,Chiefs,1st Quarter,2,San Francisco 49ers,1,9,0,5 Yard Penalty,3rd & 10 at KC 25,08:12 1st Shotgun,"— J.Garoppolo pass incomplete short middle to J.Wilson. PENALTY on KC-T.Kpassagnon, Defensive Offside, 5 yards, enforced at KC 25 - No Play."
2019,Super Bowl,SUN,02/02,49ers,Chiefs,1st Quarter,2,San Francisco 49ers,1,10,0,Pass Incomplete,3rd & 5 at KC 20,08:07 1st Shotgun,— J.Garoppolo pass incomplete short left to G.Kittle.
2019,Super Bowl,SUN,02/02,49ers,Chiefs,1st Quarter,2,San Francisco 49ers,1,11,1,Field Goal,4th & 5 at KC 20,08:02 1st Field Goal formation,"— R.Gould 38 yard field goal is GOOD, Center-K.Nelson, Holder-M.Wishnowsky."
2019,Super Bowl,SUN,02/02,49ers,Chiefs,1st Quarter,3,Kansas City Chiefs,1,1,0,Kickoff from SF 35,,Kickoff,"— M.Wishnowsky kicks 65 yards from SF 35 to end zone, Touchback."
2019,Super Bowl,SUN,02/02,49ers,Chiefs,1st Quarter,3,Kansas City Chiefs,1,2,0,9 Yard Pass,1st & 10 at KC 25,07:57 1st Shotgun,— P.Mahomes pass short right to T.Hill to KC 34 for 9 yards (J.Ward; F.Warner).
2019,Super Bowl,SUN,02/02,49ers,Chiefs,1st Quarter,3,Kansas City Chiefs,1,3,0,2 Yard Run,2nd & 1 at KC 34,07:18 1st Shotgun,— Dam.Williams left guard to KC 36 for 2 yards (N.Bosa; D.Buckner).
2019,Super Bowl,SUN,02/02,49ers,Chiefs,1st Quarter,3,Kansas City Chiefs,1,4,0,8 Yard Pass,1st & 10 at KC 36,06:45 1st Shotgun,— P.Mahomes pass short right to T.Hill to KC 44 for 8 yards (J.Ward; K.Williams).
2019,Super Bowl,SUN,02/02,49ers,Chiefs,1st Quarter,3,Kansas City Chiefs,1,5,0,Pass Incomplete,2nd & 2 at KC 44,06:03 1st Shotgun,"— P.Mahomes pass incomplete short right to Dam.Williams. Penalty on KC-E.Fisher, Ineligible Downfield Pass, declined."
2019,Super Bowl,SUN,02/02,49ers,Chiefs,1st Quarter,3,Kansas City Chiefs,1,6,0,5 Yard Run,3rd & 2 at KC 44,05:57 1st Shotgun,— Dam.Williams left guard to KC 49 for 5 yards (F.Warner).
2019,Super Bowl,SUN,02/02,49ers,Chiefs,1st Quarter,3,Kansas City Chiefs,1,7,0,9 Yard Pass,1st & 10 at KC 49,05:22 1st Shotgun,— P.Mahomes pass short middle to T.Kelce to SF 42 for 9 yards (J.Tartt).
2019,Super Bowl,SUN,02/02,49ers,Chiefs,1st Quarter,3,Kansas City Chiefs,1,8,0,14 Yard Run,2nd & 1 at SF 42,04:48 1st,— Dam.Williams right guard to SF 28 for 14 yards (R.Sherman).
2019,Super Bowl,SUN,02/02,49ers,Chiefs,1st Quarter,3,Kansas City Chiefs,1,9,0,3 Yard Pass,1st & 10 at SF 28,04:07 1st Shotgun,— P.Mahomes pass short middle to T.Hill pushed ob at SF 25 for 3 yards (F.Warner).
2019,Super Bowl,SUN,02/02,49ers,Chiefs,1st Quarter,3,Kansas City Chiefs,1,10,0,11 Yard Pass,2nd & 7 at SF 25,03:32 1st Shotgun,"— P.Mahomes pass short middle to T.Kelce to SF 14 for 11 yards (J.Ward). Penalty on SF-E.Mitchell, Defensive Offside, declined."
2019,Super Bowl,SUN,02/02,49ers,Chiefs,1st Quarter,3,Kansas City Chiefs,1,11,0,-1 Yard Sack,1st & 10 at SF 14,03:08 1st Shotgun,— P.Mahomes sacked at SF 15 for -1 yards (sack split by D.Buckner and E.Mitchell).
2019,Super Bowl,SUN,02/02,49ers,Chiefs,1st Quarter,3,Kansas City Chiefs,1,12,0,Pass Incomplete,2nd & 11 at SF 15,02:27 1st Shotgun,— P.Mahomes pass incomplete short right to T.Hill.
2019,Super Bowl,SUN,02/02,49ers,Chiefs,1st Quarter,3,Kansas City Chiefs,1,13,0,10 Yard Run,3rd & 11 at SF 15,02:22 1st Shotgun,"— P.Mahomes scrambles right end to SF 3 for 12 yards (J.Ward). FUMBLES (J.Ward), ball out of bounds at SF 5. SF-J.Ward was injured during the play. His return is Questionable."
2019,Super Bowl,SUN,02/02,49ers,Chiefs,1st Quarter,3,Kansas City Chiefs,1,14,0,4 Yard Run,4th & 1 at SF 5,01:57 1st,— Direct snap to Dam.Williams. Dam.Williams up the middle to SF 1 for 4 yards (J.Tartt).
2019,Super Bowl,SUN,02/02,49ers,Chiefs,1st Quarter,3,Kansas City Chiefs,1,15,0,0 Yard Run,1st & 1 at SF 1,01:14 1st Shotgun,— D.Thompson left guard to SF 1 for no gain (A.Armstead).
2019,Super Bowl,SUN,02/02,49ers,Chiefs,1st Quarter,3,Kansas City Chiefs,1,16,1,Touchdown,2nd & 1 at SF 1,00:36 1st,"— C.Erving reported in as eligible. P.Mahomes right end for 1 yard, TOUCHDOWN."
2019,Super Bowl,SUN,02/02,49ers,Chiefs,1st Quarter,3,Kansas City Chiefs,1,17,1,Extra Point,,00:31 1st,"— H.Butker extra point is GOOD, Center-J.Winchester, Holder-D.Colquitt."
2019,Super Bowl,SUN,02/02,49ers,Chiefs,2nd Quarter,1,San Francisco 49ers,0,1,0,Kickoff from KC 35,,Kickoff,"— H.Butker kicks 65 yards from KC 35 to end zone, Touchback."
2019,Super Bowl,SUN,02/02,49ers,Chiefs,2nd Quarter,1,San Francisco 49ers,0,2,0,18 Yard Pass,1st & 10 at SF 25,00:31 1st,— J.Garoppolo pass deep right to E.Sanders to SF 43 for 18 yards (B.Breeland).
2019,Super Bowl,SUN,02/02,49ers,Chiefs,2nd Quarter,1,San Francisco 49ers,0,3,0,-2 Yard Pass,1st & 10 at SF 43,15:00 2nd,— J.Garoppolo pass short right to D.Samuel to SF 41 for -2 yards (B.Breeland).
2019,Super Bowl,SUN,02/02,49ers,Chiefs,2nd Quarter,1,San Francisco 49ers,0,4,0,Interception,2nd & 12 at SF 41,14:15 2nd Shotgun,— J.Garoppolo pass deep right intended for D.Samuel INTERCEPTED by B.Breeland [M.Pennel] at KC 43. B.Breeland ran ob at KC 44 for 1 yard.
2019,Super Bowl,SUN,02/02,49ers,Chiefs,2nd Quarter,2,Kansas City Chiefs,1,1,0,28 Yard Pass,1st & 10 at KC 44,14:08 2nd,— P.Mahomes pass deep left to S.Watkins to SF 28 for 28 yards (E.Moseley) [N.Bosa].
2019,Super Bowl,SUN,02/02,49ers,Chiefs,2nd Quarter,2,Kansas City Chiefs,1,2,0,-5 Yard Penalty,1st & 10 at SF 28,13:26 2nd Shotgun,"— PENALTY on KC-L.Duvernay-Tardif, False Start, 5 yards, enforced at SF 28 - No Play."
2019,Super Bowl,SUN,02/02,49ers,Chiefs,2nd Quarter,2,Kansas City Chiefs,1,3,0,5 Yard Penalty,1st & 15 at SF 33,13:07 2nd Shotgun,"— PENALTY on SF-S.Thomas, Neutral Zone Infraction, 5 yards, enforced at SF 33 - No Play."
2019,Super Bowl,SUN,02/02,49ers,Chiefs,2nd Quarter,2,Kansas City Chiefs,1,4,0,2 Yard Pass,1st & 10 at SF 28,13:03 2nd Shotgun,— P.Mahomes pass short left to M.Hardman to SF 26 for 2 yards (D.Greenlaw).
2019,Super Bowl,SUN,02/02,49ers,Chiefs,2nd Quarter,2,Kansas City Chiefs,1,5,0,3 Yard Run,2nd & 8 at SF 26,12:30 2nd,— Dam.Williams up the middle to SF 23 for 3 yards (N.Bosa).
2019,Super Bowl,SUN,02/02,49ers,Chiefs,2nd Quarter,2,Kansas City Chiefs,1,6,0,4 Yard Pass,3rd & 5 at SF 23,11:49 2nd Shotgun,— P.Mahomes pass short middle to S.Watkins to SF 19 for 4 yards (E.Moseley).
2019,Super Bowl,SUN,02/02,49ers,Chiefs,2nd Quarter,2,Kansas City Chiefs,1,7,0,3 Yard Run,4th & 1 at SF 19,11:04 2nd Shotgun,— Dam.Williams right end ran ob at SF 16 for 3 yards (J.Tartt).
2019,Super Bowl,SUN,02/02,49ers,Chiefs,2nd Quarter,2,Kansas City Chiefs,1,8,0,Pass Incomplete,1st & 10 at SF 16,10:29 2nd Shotgun,— P.Mahomes pass incomplete deep right to Dam.Williams.
2019,Super Bowl,SUN,02/02,49ers,Chiefs,2nd Quarter,2,Kansas City Chiefs,1,9,0,3 Yard Run,2nd & 10 at SF 16,10:23 2nd Shotgun,— Dam.Williams right tackle to SF 13 for 3 yards (D.Buckner).
2019,Super Bowl,SUN,02/02,49ers,Chiefs,2nd Quarter,2,Kansas City Chiefs,1,10,0,Pass Incomplete,3rd & 7 at SF 13,09:41 2nd Shotgun,— P.Mahomes pass incomplete short middle to D.Thompson (T.Moore).
2019,Super Bowl,SUN,02/02,49ers,Chiefs,2nd Quarter,2,Kansas City Chiefs,1,11,1,Field Goal,4th & 7 at SF 13,09:36 2nd Field Goal formation,"— H.Butker 31 yard field goal is GOOD, Center-J.Winchester, Holder-D.Colquitt."
2019,Super Bowl,SUN,02/02,49ers,Chiefs,2nd Quarter,3,San Francisco 49ers,1,1,0,Kickoff from KC 35,,Kickoff,— H.Butker kicks 58 yards from KC 35 to SF 7. R.James Jr. to SF 20 for 13 yards (D.O'Daniel).
2019,Super Bowl,SUN,02/02,49ers,Chiefs,2nd Quarter,3,San Francisco 49ers,1,2,0,1 Yard Run,1st & 10 at SF 20,09:26 2nd,— R.Mostert right tackle to SF 21 for 1 yard (A.Hitchens; D.Nnadi).
2019,Super Bowl,SUN,02/02,49ers,Chiefs,2nd Quarter,3,San Francisco 49ers,1,3,0,9 Yard Run,2nd & 9 at SF 21,08:42 2nd,— R.Mostert left end pushed ob at SF 30 for 9 yards (A.Hitchens; T.Mathieu).
2019,Super Bowl,SUN,02/02,49ers,Chiefs,2nd Quarter,3,San Francisco 49ers,1,4,0,16 Yard Pass,1st & 10 at SF 30,08:09 2nd Shotgun,— J.Garoppolo pass short middle to D.Samuel to SF 46 for 16 yards (T.Mathieu).
2019,Super Bowl,SUN,02/02,49ers,Chiefs,2nd Quarter,3,San Francisco 49ers,1,5,0,11 Yard Run,1st & 10 at SF 46,07:19 2nd Shotgun,— R.Mostert right tackle to KC 43 for 11 yards (B.Breeland).
2019,Super Bowl,SUN,02/02,49ers,Chiefs,2nd Quarter,3,San Francisco 49ers,1,6,0,17 Yard Run,1st & 10 at KC 43,06:41 2nd,— T.Coleman left tackle to KC 26 for 17 yards (T.Mathieu).
2019,Super Bowl,SUN,02/02,49ers,Chiefs,2nd Quarter,3,San Francisco 49ers,1,7,0,11 Yard Pass,1st & 10 at KC 26,05:55 2nd Shotgun,— J.Garoppolo pass short middle to D.Samuel to KC 15 for 11 yards (B.Breeland; D.Sorensen).
2019,Super Bowl,SUN,02/02,49ers,Chiefs,2nd Quarter,3,San Francisco 49ers,1,8,1,Touchdown,1st & 10 at KC 15,05:13 2nd,"— J.Garoppolo pass short right to K.Juszczyk for 15 yards, TOUCHDOWN."
2019,Super Bowl,SUN,02/02,49ers,Chiefs,2nd Quarter,3,San Francisco 49ers,1,9,1,Extra Point,,05:05 2nd,"— R.Gould extra point is GOOD, Center-K.Nelson, Holder-M.Wishnowsky."
2019,Super Bowl,SUN,02/02,49ers,Chiefs,2nd Quarter,4,Kansas City Chiefs,0,1,0,Kickoff from SF 35,,Kickoff,— M.Wishnowsky kicks 60 yards from SF 35 to KC 5. M.Hardman to KC 19 for 14 yards (E.Lee).
2019,Super Bowl,SUN,02/02,49ers,Chiefs,2nd Quarter,4,Kansas City Chiefs,0,2,0,10 Yard Pass,1st & 10 at KC 19,04:59 2nd Shotgun,— P.Mahomes pass short right to Dam.Williams ran ob at KC 29 for 10 yards (J.Ward).
2019,Super Bowl,SUN,02/02,49ers,Chiefs,2nd Quarter,4,Kansas City Chiefs,0,3,0,9 Yard Pass,1st & 10 at KC 29,04:27 2nd Shotgun,— P.Mahomes pass short left to B.Bell to KC 38 for 9 yards (E.Moseley).
2019,Super Bowl,SUN,02/02,49ers,Chiefs,2nd Quarter,4,Kansas City Chiefs,0,4,0,4 Yard Run,2nd & 1 at KC 38,03:49 2nd Shotgun,— Dam.Williams left guard to KC 42 for 4 yards (D.Ford; D.Greenlaw).
2019,Super Bowl,SUN,02/02,49ers,Chiefs,2nd Quarter,4,Kansas City Chiefs,0,5,0,10 Yard Pass,1st & 10 at KC 42,03:09 2nd,— P.Mahomes pass short middle to T.Hill to SF 48 for 10 yards (J.Ward).
2019,Super Bowl,SUN,02/02,49ers,Chiefs,2nd Quarter,4,Kansas City Chiefs,0,6,0,2 Yard Run,1st & 10 at SF 48,02:27 2nd Shotgun,— Dam.Williams up the middle to SF 46 for 2 yards (K.Williams).
2019,Super Bowl,SUN,02/02,49ers,Chiefs,2nd Quarter,4,Kansas City Chiefs,0,7,0,-6 Yard Run,2nd & 8 at SF 46,02:00 2nd,— M.Hardman right end ran ob at KC 48 for -6 yards (F.Warner).
2019,Super Bowl,SUN,02/02,49ers,Chiefs,2nd Quarter,4,Kansas City Chiefs,0,8,0,1 Yard Pass,3rd & 14 at KC 48,01:53 2nd Shotgun,— P.Mahomes pass short right to Dam.Williams to KC 49 for 1 yard (J.Tartt).
2019,Super Bowl,SUN,02/02,49ers,Chiefs,2nd Quarter,4,Kansas City Chiefs,0,9,0,Punt,4th & 13 at KC 49,01:08 2nd Punt formation,"— D.Colquitt punts 51 yards to end zone, Center-J.Winchester, Touchback."
2019,Super Bowl,SUN,02/02,49ers,Chiefs,2nd Quarter,5,San Francisco 49ers,0,1,0,3 Yard Run,1st & 10 at SF 20,00:59 2nd Shotgun,— R.Mostert left tackle to SF 23 for 3 yards (K.Fuller).
2019,Super Bowl,SUN,02/02,49ers,Chiefs,2nd Quarter,5,San Francisco 49ers,0,2,0,2 Yard Run,2nd & 7 at SF 23,00:27 2nd Shotgun,— R.Mostert left guard to SF 25 for 2 yards (T.Kpassagnon; B.Niemann).
2019,Super Bowl,SUN,02/02,49ers,Chiefs,2nd Quarter,5,San Francisco 49ers,0,3,0,Timeout,,00:20 2nd,— Timeout #1 by KC at 00:20.
2019,Super Bowl,SUN,02/02,49ers,Chiefs,2nd Quarter,5,San Francisco 49ers,0,4,0,20 Yard Pass,3rd & 5 at SF 25,00:20 2nd Shotgun,— J.Garoppolo pass short middle to J.Wilson to SF 45 for 20 yards (K.Fuller; T.Suggs).
2019,Super Bowl,SUN,02/02,49ers,Chiefs,2nd Quarter,5,San Francisco 49ers,0,5,0,Timeout,,00:14 2nd,— Timeout #1 by SF at 00:14.
2019,Super Bowl,SUN,02/02,49ers,Chiefs,2nd Quarter,5,San Francisco 49ers,0,6,0,-10 Yard Penalty,1st & 10 at SF 45,00:14 2nd Shotgun,"— J.Garoppolo pass deep right to G.Kittle to KC 13 for 42 yards (D.Sorensen). PENALTY on SF-G.Kittle, Offensive Pass Interference, 10 yards, enforced at SF 45 - No Play."
2019,Super Bowl,SUN,02/02,49ers,Chiefs,2nd Quarter,5,San Francisco 49ers,0,7,0,-1 Yard Run,1st & 20 at SF 35,00:06 2nd,— J.Garoppolo kneels to SF 34 for -1 yards.
2019,Super Bowl,SUN,02/02,49ers,Chiefs,3rd Quarter,1,San Francisco 49ers,1,1,0,Kickoff from KC 35,,Kickoff,— H.Butker kicks 63 yards from KC 35 to SF 2. R.James Jr. to SF 16 for 14 yards (B.Pringle).
2019,Super Bowl,SUN,02/02,49ers,Chiefs,3rd Quarter,1,San Francisco 49ers,1,2,0,5 Yard Pass,1st & 10 at SF 16,14:56 3rd Shotgun,— J.Garoppolo pass short middle to E.Sanders to SF 21 for 5 yards (D.Wilson).
2019,Super Bowl,SUN,02/02,49ers,Chiefs,3rd Quarter,1,San Francisco 49ers,1,3,0,15 Yard Pass,2nd & 5 at SF 21,14:18 3rd,— J.Garoppolo pass short middle to E.Sanders to SF 36 for 15 yards (T.Mathieu).
2019,Super Bowl,SUN,02/02,49ers,Chiefs,3rd Quarter,1,San Francisco 49ers,1,4,0,14 Yard Run,1st & 10 at SF 36,13:37 3rd,— D.Samuel left end pushed ob at 50 for 14 yards (D.Sorensen). KC-B.Breeland was injured during the play. His return is Questionable.
2019,Super Bowl,SUN,02/02,49ers,Chiefs,3rd Quarter,1,San Francisco 49ers,1,5,0,4 Yard Run,1st & 10 at 50,13:14 3rd Shotgun,— T.Coleman left end pushed ob at KC 46 for 4 yards (D.Nnadi).
2019,Super Bowl,SUN,02/02,49ers,Chiefs,3rd Quarter,1,San Francisco 49ers,1,6,0,14 Yard Pass,2nd & 6 at KC 46,12:36 3rd,— J.Garoppolo pass short left to K.Juszczyk to KC 32 for 14 yards (C.Ward).
2019,Super Bowl,SUN,02/02,49ers,Chiefs,3rd Quarter,1,San Francisco 49ers,1,7,0,5 Yard Pass,1st & 10 at KC 32,11:59 3rd Shotgun,— J.Garoppolo pass short right to G.Kittle to KC 27 for 5 yards (D.Sorensen).
2019,Super Bowl,SUN,02/02,49ers,Chiefs,3rd Quarter,1,San Francisco 49ers,1,8,0,0 Yard Run,2nd & 5 at KC 27,11:14 3rd Shotgun,— R.Mostert left end to KC 27 for no gain (D.Wilson).
2019,Super Bowl,SUN,02/02,49ers,Chiefs,3rd Quarter,1,San Francisco 49ers,1,9,0,3 Yard Pass,3rd & 5 at KC 27,10:28 3rd Shotgun,— J.Garoppolo pass short middle to T.Coleman to KC 24 for 3 yards (B.Breeland).
2019,Super Bowl,SUN,02/02,49ers,Chiefs,3rd Quarter,1,San Francisco 49ers,1,10,1,Field Goal,4th & 2 at KC 24,09:34 3rd Field Goal formation,"— R.Gould 42 yard field goal is GOOD, Center-K.Nelson, Holder-M.Wishnowsky."
2019,Super Bowl,SUN,02/02,49ers,Chiefs,3rd Quarter,2,Kansas City Chiefs,0,1,0,Kickoff from SF 35,,Kickoff,"— M.Wishnowsky kicks 62 yards from SF 35 to KC 3. M.Hardman to KC 18 for 15 yards (A.Witherspoon; E.Lee). PENALTY on KC-B.Pringle, Offensive Holding, 9 yards, enforced at KC 18."
2019,Super Bowl,SUN,02/02,49ers,Chiefs,3rd Quarter,2,Kansas City Chiefs,0,2,0,19 Yard Pass,1st & 10 at KC 9,09:23 3rd,— P.Mahomes pass short right to S.Watkins to KC 28 for 19 yards (R.Sherman; D.Buckner).
2019,Super Bowl,SUN,02/02,49ers,Chiefs,3rd Quarter,2,Kansas City Chiefs,0,3,0,4 Yard Pass,1st & 10 at KC 28,08:40 3rd Shotgun,— P.Mahomes pass short right to T.Kelce to KC 32 for 4 yards (R.Sherman; D.Greenlaw).
2019,Super Bowl,SUN,02/02,49ers,Chiefs,3rd Quarter,2,Kansas City Chiefs,0,4,0,0 Yard Run,2nd & 6 at KC 32,08:07 3rd,— Dam.Williams right tackle to KC 32 for no gain (S.Day; A.Armstead).
2019,Super Bowl,SUN,02/02,49ers,Chiefs,3rd Quarter,2,Kansas City Chiefs,0,5,0,9 Yard Pass,3rd & 6 at KC 32,07:30 3rd Shotgun,— P.Mahomes pass short left to S.Watkins ran ob at KC 41 for 9 yards.
2019,Super Bowl,SUN,02/02,49ers,Chiefs,3rd Quarter,2,Kansas City Chiefs,0,6,0,5 Yard Run,1st & 10 at KC 41,07:02 3rd Shotgun,— Dam.Williams up the middle to KC 46 for 5 yards (N.Bosa).
2019,Super Bowl,SUN,02/02,49ers,Chiefs,3rd Quarter,2,Kansas City Chiefs,0,7,0,-7 Yard Sack,2nd & 5 at KC 46,06:22 3rd Shotgun,"— P.Mahomes sacked at KC 37 for -9 yards (N.Bosa). FUMBLES (N.Bosa), and recovers at KC 39. P.Mahomes to KC 39 for no gain (D.Ford)."
2019,Super Bowl,SUN,02/02,49ers,Chiefs,3rd Quarter,2,Kansas City Chiefs,0,8,0,Interception,3rd & 12 at KC 39,05:36 3rd Shotgun,— P.Mahomes pass deep right intended for T.Hill INTERCEPTED by F.Warner at SF 42. F.Warner to SF 45 for 3 yards (T.Hill).
2019,Super Bowl,SUN,02/02,49ers,Chiefs,3rd Quarter,3,San Francisco 49ers,1,1,0,16 Yard Pass,1st & 10 at SF 45,05:23 3rd,— J.Garoppolo pass short middle to D.Samuel to KC 39 for 16 yards (B.Breeland).
2019,Super Bowl,SUN,02/02,49ers,Chiefs,3rd Quarter,3,San Francisco 49ers,1,2,0,2 Yard Run,1st & 10 at KC 39,04:42 3rd,— R.Mostert right guard to KC 37 for 2 yards (K.Saunders).
2019,Super Bowl,SUN,02/02,49ers,Chiefs,3rd Quarter,3,San Francisco 49ers,1,3,0,Pass Incomplete,2nd & 8 at KC 37,04:03 3rd Shotgun,— J.Garoppolo pass incomplete deep left to E.Sanders.
2019,Super Bowl,SUN,02/02,49ers,Chiefs,3rd Quarter,3,San Francisco 49ers,1,4,0,26 Yard Pass,3rd & 8 at KC 37,03:58 3rd Shotgun,— J.Garoppolo pass short middle to K.Bourne to KC 11 for 26 yards (C.Ward).
2019,Super Bowl,SUN,02/02,49ers,Chiefs,3rd Quarter,3,San Francisco 49ers,1,5,0,10 Yard Pass,1st & 10 at KC 11,03:21 3rd,— J.Garoppolo pass short middle to K.Juszczyk to KC 1 for 10 yards (T.Kpassagnon).
2019,Super Bowl,SUN,02/02,49ers,Chiefs,3rd Quarter,3,San Francisco 49ers,1,6,1,Touchdown,1st & 1 at KC 1,02:40 3rd,"— R.Mostert right guard for 1 yard, TOUCHDOWN."
2019,Super Bowl,SUN,02/02,49ers,Chiefs,3rd Quarter,3,San Francisco 49ers,1,7,1,Extra Point,,02:35 3rd,"— R.Gould extra point is GOOD, Center-K.Nelson, Holder-M.Wishnowsky."
2019,Super Bowl,SUN,02/02,49ers,Chiefs,4th Quarter,1,Kansas City Chiefs,0,1,0,Kickoff from SF 35,,Kickoff,"— M.Wishnowsky kicks 65 yards from SF 35 to end zone, Touchback."
2019,Super Bowl,SUN,02/02,49ers,Chiefs,4th Quarter,1,Kansas City Chiefs,0,2,0,Pass Incomplete,1st & 10 at KC 25,02:35 3rd Shotgun,— P.Mahomes pass incomplete short right [D.Ford].
2019,Super Bowl,SUN,02/02,49ers,Chiefs,4th Quarter,1,Kansas City Chiefs,0,3,0,5 Yard Run,2nd & 10 at KC 25,02:28 3rd Shotgun,— Dam.Williams up the middle to KC 30 for 5 yards (K.Williams).
2019,Super Bowl,SUN,02/02,49ers,Chiefs,4th Quarter,1,Kansas City Chiefs,0,4,0,5 Yard Run,3rd & 5 at KC 30,01:47 3rd Shotgun,— P.Mahomes scrambles right end ran ob at KC 35 for 5 yards (D.Buckner).
2019,Super Bowl,SUN,02/02,49ers,Chiefs,4th Quarter,1,Kansas City Chiefs,0,5,0,Pass Incomplete,1st & 10 at KC 35,01:10 3rd Shotgun,— P.Mahomes pass incomplete short middle to S.Watkins.
2019,Super Bowl,SUN,02/02,49ers,Chiefs,4th Quarter,1,Kansas City Chiefs,0,6,0,9 Yard Pass,2nd & 10 at KC 35,01:06 3rd Shotgun,— P.Mahomes pass short left to T.Kelce to KC 44 for 9 yards (F.Warner).
2019,Super Bowl,SUN,02/02,49ers,Chiefs,4th Quarter,1,Kansas City Chiefs,0,7,0,2 Yard Run,3rd & 1 at KC 44,00:31 3rd Shotgun,— Direct snap to T.Kelce. T.Kelce right tackle to KC 46 for 2 yards (F.Warner).
2019,Super Bowl,SUN,02/02,49ers,Chiefs,4th Quarter,1,Kansas City Chiefs,0,8,0,Pass Incomplete,1st & 10 at KC 46,15:00 4th,— P.Mahomes pass incomplete short left to T.Hill (K.Alexander).
2019,Super Bowl,SUN,02/02,49ers,Chiefs,4th Quarter,1,Kansas City Chiefs,0,9,0,14 Yard Pass,2nd & 10 at KC 46,14:53 4th Shotgun,— P.Mahomes pass short left to T.Hill pushed ob at SF 40 for 14 yards (E.Moseley).
2019,Super Bowl,SUN,02/02,49ers,Chiefs,4th Quarter,1,Kansas City Chiefs,0,10,0,13 Yard Pass,1st & 10 at SF 40,14:25 4th,— P.Mahomes pass short left to Dam.Williams to SF 27 for 13 yards (K.Alexander).
2019,Super Bowl,SUN,02/02,49ers,Chiefs,4th Quarter,1,Kansas City Chiefs,0,11,0,-9 Yard Sack,1st & 10 at SF 27,13:33 4th Shotgun,— P.Mahomes sacked at SF 36 for -9 yards (D.Buckner).
2019,Super Bowl,SUN,02/02,49ers,Chiefs,4th Quarter,1,Kansas City Chiefs,0,12,0,13 Yard Run,2nd & 19 at SF 36,12:51 4th Shotgun,— P.Mahomes scrambles up the middle to SF 23 for 13 yards (J.Ward).
2019,Super Bowl,SUN,02/02,49ers,Chiefs,4th Quarter,1,Kansas City Chiefs,0,13,0,Interception,3rd & 6 at SF 23,12:05 4th Shotgun,— P.Mahomes pass short middle intended for T.Hill INTERCEPTED by T.Moore at SF 13. T.Moore to SF 20 for 7 yards (S.Watkins).
2019,Super Bowl,SUN,02/02,49ers,Chiefs,4th Quarter,2,San Francisco 49ers,0,1,0,6 Yard Run,1st & 10 at SF 20,11:57 4th,— R.Mostert right tackle to SF 26 for 6 yards (R.Ragland; D.Wilson).
2019,Super Bowl,SUN,02/02,49ers,Chiefs,4th Quarter,2,San Francisco 49ers,0,2,0,12 Yard Pass,2nd & 4 at SF 26,11:18 4th,— J.Garoppolo pass short middle to G.Kittle to SF 38 for 12 yards (D.Sorensen).
2019,Super Bowl,SUN,02/02,49ers,Chiefs,4th Quarter,2,San Francisco 49ers,0,3,0,1 Yard Run,1st & 10 at SF 38,10:37 4th,— R.Mostert left guard to SF 39 for 1 yard (D.Sorensen; C.Jones).
2019,Super Bowl,SUN,02/02,49ers,Chiefs,4th Quarter,2,San Francisco 49ers,0,4,0,Pass Incomplete,2nd & 9 at SF 39,09:52 4th,— J.Garoppolo pass incomplete short middle to D.Samuel [A.Hitchens].
2019,Super Bowl,SUN,02/02,49ers,Chiefs,4th Quarter,2,San Francisco 49ers,0,5,0,-5 Yard Penalty,3rd & 9 at SF 39,09:47 4th Shotgun,"— PENALTY on SF-J.Staley, False Start, 5 yards, enforced at SF 39 - No Play."
2019,Super Bowl,SUN,02/02,49ers,Chiefs,4th Quarter,2,San Francisco 49ers,0,6,0,3 Yard Run,3rd & 14 at SF 34,09:47 4th Shotgun,— J.Garoppolo scrambles right end pushed ob at SF 37 for 3 yards (R.Fenton).
2019,Super Bowl,SUN,02/02,49ers,Chiefs,4th Quarter,2,San Francisco 49ers,0,7,0,Punt,4th & 11 at SF 37,09:01 4th Punt formation,"— M.Wishnowsky punts 46 yards to KC 17, Center-K.Nelson, fair catch by M.Hardman."
2019,Super Bowl,SUN,02/02,49ers,Chiefs,4th Quarter,3,Kansas City Chiefs,1,1,0,3 Yard Run,1st & 10 at KC 17,08:53 4th Shotgun,"— Dam.Williams right end to KC 20 for 3 yards (R.Sherman). FUMBLES (R.Sherman), ball out of bounds at KC 20."
2019,Super Bowl,SUN,02/02,49ers,Chiefs,4th Quarter,3,Kansas City Chiefs,1,2,0,9 Yard Run,2nd & 7 at KC 20,08:33 4th Shotgun,— P.Mahomes scrambles left end ran ob at KC 29 for 9 yards (K.Williams).
2019,Super Bowl,SUN,02/02,49ers,Chiefs,4th Quarter,3,Kansas City Chiefs,1,3,0,9 Yard Pass,1st & 10 at KC 29,"08:14 4th No Huddle, Shotgun",— P.Mahomes pass short left to T.Hill to KC 38 for 9 yards (E.Moseley).
2019,Super Bowl,SUN,02/02,49ers,Chiefs,4th Quarter,3,Kansas City Chiefs,1,4,0,2 Yard Run,2nd & 1 at KC 38,"07:50 4th No Huddle, Shotgun",— Dam.Williams up the middle to KC 40 for 2 yards (F.Warner; N.Bosa).
2019,Super Bowl,SUN,02/02,49ers,Chiefs,4th Quarter,3,Kansas City Chiefs,1,5,0,-5 Yard Penalty,1st & 10 at KC 40,"07:25 4th No Huddle, Shotgun","— PENALTY on KC-L.Duvernay-Tardif, False Start, 5 yards, enforced at KC 40 - No Play."
2019,Super Bowl,SUN,02/02,49ers,Chiefs,4th Quarter,3,Kansas City Chiefs,1,6,0,Pass Incomplete,1st & 15 at KC 35,07:23 4th Shotgun,— P.Mahomes pass incomplete short left to T.Hill (E.Moseley).
2019,Super Bowl,SUN,02/02,49ers,Chiefs,4th Quarter,3,Kansas City Chiefs,1,7,0,Pass Incomplete,2nd & 15 at KC 35,07:17 4th Shotgun,"— P.Mahomes pass deep right to T.Hill to SF 49 for 16 yards (J.Tartt). San Francisco challenged the pass completion ruling, and the play was REVERSED. (Shotgun) P.Mahomes pass incomplete deep right to T.Hill."
2019,Super Bowl,SUN,02/02,49ers,Chiefs,4th Quarter,3,Kansas City Chiefs,1,8,0,44 Yard Pass,3rd & 15 at KC 35,07:13 4th Shotgun,— P.Mahomes pass deep left to T.Hill to SF 21 for 44 yards (J.Ward) [D.Buckner].
2019,Super Bowl,SUN,02/02,49ers,Chiefs,4th Quarter,3,Kansas City Chiefs,1,9,0,Pass Incomplete,1st & 10 at SF 21,"06:35 4th No Huddle, Shotgun",— P.Mahomes pass incomplete deep left to T.Hill.
2019,Super Bowl,SUN,02/02,49ers,Chiefs,4th Quarter,3,Kansas City Chiefs,1,10,0,Pass Incomplete,2nd & 10 at SF 21,06:30 4th Shotgun,— P.Mahomes pass incomplete short right [A.Armstead].
2019,Super Bowl,SUN,02/02,49ers,Chiefs,4th Quarter,3,Kansas City Chiefs,1,11,0,20 Yard Penalty,3rd & 10 at SF 21,06:23 4th Shotgun,"— P.Mahomes pass incomplete deep left to T.Kelce (T.Moore). PENALTY on SF-T.Moore, Defensive Pass Interference, 20 yards, enforced at SF 21 - No Play."
2019,Super Bowl,SUN,02/02,49ers,Chiefs,4th Quarter,3,Kansas City Chiefs,1,12,1,Touchdown,1st & 1 at SF 1,06:17 4th,"— P.Mahomes pass short right to T.Kelce for 1 yard, TOUCHDOWN."
2019,Super Bowl,SUN,02/02,49ers,Chiefs,4th Quarter,3,Kansas City Chiefs,1,13,1,Extra Point,,06:13 4th,"— H.Butker extra point is GOOD, Center-J.Winchester, Holder-D.Colquitt."
2019,Super Bowl,SUN,02/02,49ers,Chiefs,4th Quarter,4,San Francisco 49ers,0,1,0,Kickoff from KC 35,,Kickoff,— H.Butker kicks 64 yards from KC 35 to SF 1. R.James Jr. to SF 20 for 19 yards (B.Niemann).
2019,Super Bowl,SUN,02/02,49ers,Chiefs,4th Quarter,4,San Francisco 49ers,0,2,0,5 Yard Run,1st & 10 at SF 20,06:06 4th Shotgun,— R.Mostert left tackle to SF 25 for 5 yards (D.Nnadi).
2019,Super Bowl,SUN,02/02,49ers,Chiefs,4th Quarter,4,San Francisco 49ers,0,3,0,Pass Incomplete,2nd & 5 at SF 25,05:27 4th Shotgun,— J.Garoppolo pass incomplete short right to G.Kittle (C.Jones).
2019,Super Bowl,SUN,02/02,49ers,Chiefs,4th Quarter,4,San Francisco 49ers,0,4,0,Pass Incomplete,3rd & 5 at SF 25,05:23 4th Shotgun,— J.Garoppolo pass incomplete short right to K.Bourne [B.Niemann].
2019,Super Bowl,SUN,02/02,49ers,Chiefs,4th Quarter,4,San Francisco 49ers,0,5,0,Punt,4th & 5 at SF 25,05:18 4th Punt formation,"— M.Wishnowsky punts 40 yards to KC 35, Center-K.Nelson, fair catch by M.Hardman."
2019,Super Bowl,SUN,02/02,49ers,Chiefs,4th Quarter,5,Kansas City Chiefs,1,1,0,5 Yard Pass,1st & 10 at KC 35,05:10 4th Shotgun,— P.Mahomes pass short left to T.Hill to KC 40 for 5 yards (K.Williams).
2019,Super Bowl,SUN,02/02,49ers,Chiefs,4th Quarter,5,Kansas City Chiefs,1,2,0,9 Yard Pass,2nd & 5 at KC 40,"04:48 4th No Huddle, Shotgun",— P.Mahomes pass short middle to T.Kelce to KC 49 for 9 yards (J.Ward).
2019,Super Bowl,SUN,02/02,49ers,Chiefs,4th Quarter,5,Kansas City Chiefs,1,3,0,3 Yard Pass,1st & 10 at KC 49,"04:27 4th No Huddle, Shotgun",— P.Mahomes pass short right to T.Hill to SF 48 for 3 yards (R.Sherman).
2019,Super Bowl,SUN,02/02,49ers,Chiefs,4th Quarter,5,Kansas City Chiefs,1,4,0,38 Yard Pass,2nd & 7 at SF 48,03:44 4th Shotgun,— P.Mahomes pass deep right to S.Watkins pushed ob at SF 10 for 38 yards (J.Ward).
2019,Super Bowl,SUN,02/02,49ers,Chiefs,4th Quarter,5,Kansas City Chiefs,1,5,0,6 Yard Run,1st & 10 at SF 10,03:37 4th Shotgun,— P.Mahomes left end ran ob at SF 4 for 6 yards (K.Williams).
2019,Super Bowl,SUN,02/02,49ers,Chiefs,4th Quarter,5,Kansas City Chiefs,1,6,0,-1 Yard Sack,2nd & 4 at SF 4,03:30 4th Shotgun,— P.Mahomes sacked at SF 5 for -1 yards (J.Tartt).
2019,Super Bowl,SUN,02/02,49ers,Chiefs,4th Quarter,5,Kansas City Chiefs,1,7,1,Touchdown,3rd & 5 at SF 5,02:50 4th Shotgun,"— P.Mahomes pass short right to Dam.Williams for 5 yards, TOUCHDOWN. The Replay Official reviewed the runner broke the plane ruling, and the play was Upheld. The ruling on the field stands."
2019,Super Bowl,SUN,02/02,49ers,Chiefs,4th Quarter,5,Kansas City Chiefs,1,8,1,Extra Point,,02:44 4th,"— H.Butker extra point is GOOD, Center-J.Winchester, Holder-D.Colquitt."
2019,Super Bowl,SUN,02/02,49ers,Chiefs,4th Quarter,6,San Francisco 49ers,0,1,0,Kickoff from KC 35,,Kickoff,— H.Butker kicks 65 yards from KC 35 to SF 0. R.James Jr. to SF 15 for 15 yards (B.Pringle).
2019,Super Bowl,SUN,02/02,49ers,Chiefs,4th Quarter,6,San Francisco 49ers,0,2,0,17 Yard Run,1st & 10 at SF 15,02:39 4th Shotgun,— R.Mostert right tackle to SF 32 for 17 yards (K.Fuller).
2019,Super Bowl,SUN,02/02,49ers,Chiefs,4th Quarter,6,San Francisco 49ers,0,3,0,-5 Yard Penalty,1st & 10 at SF 32,02:02 4th Shotgun,"— PENALTY on SF-E.Sanders, False Start, 5 yards, enforced at SF 32 - No Play."
2019,Super Bowl,SUN,02/02,49ers,Chiefs,4th Quarter,6,San Francisco 49ers,0,4,0,8 Yard Pass,1st & 15 at SF 27,02:02 4th Shotgun,"— J.Garoppolo pass short right to G.Kittle pushed ob at SF 35 for 8 yards (K.Fuller, T.Mathieu)."
2019,Super Bowl,SUN,02/02,49ers,Chiefs,4th Quarter,6,San Francisco 49ers,0,5,0,16 Yard Pass,2nd & 7 at SF 35,01:56 4th Shotgun,— J.Garoppolo pass short left to K.Bourne pushed ob at KC 49 for 16 yards (C.Ward).
2019,Super Bowl,SUN,02/02,49ers,Chiefs,4th Quarter,6,San Francisco 49ers,0,6,0,Pass Incomplete,1st & 10 at KC 49,01:49 4th Shotgun,— J.Garoppolo pass incomplete short right to D.Samuel (C.Jones).
2019,Super Bowl,SUN,02/02,49ers,Chiefs,4th Quarter,6,San Francisco 49ers,0,7,0,Pass Incomplete,2nd & 10 at KC 49,01:44 4th Shotgun,"— J.Garoppolo pass incomplete short middle to K.Bourne (K.Fuller, C.Jones)."
2019,Super Bowl,SUN,02/02,49ers,Chiefs,4th Quarter,6,San Francisco 49ers,0,8,0,Pass Incomplete,3rd & 10 at KC 49,01:40 4th Shotgun,— J.Garoppolo pass incomplete deep middle to E.Sanders [T.Suggs].
2019,Super Bowl,SUN,02/02,49ers,Chiefs,4th Quarter,6,San Francisco 49ers,0,9,0,Turnover on Downs,4th & 10 at KC 49,01:33 4th Shotgun,— J.Garoppolo sacked at SF 42 for -9 yards (F.Clark).
2019,Super Bowl,SUN,02/02,49ers,Chiefs,4th Quarter,7,Kansas City Chiefs,1,1,0,4 Yard Run,1st & 10 at SF 42,01:25 4th,— Dam.Williams up the middle to SF 38 for 4 yards (A.Armstead).
2019,Super Bowl,SUN,02/02,49ers,Chiefs,4th Quarter,7,Kansas City Chiefs,1,2,0,Timeout,,01:20 4th,— Timeout #1 by SF at 01:20.
2019,Super Bowl,SUN,02/02,49ers,Chiefs,4th Quarter,7,Kansas City Chiefs,1,3,1,Touchdown,2nd & 6 at SF 38,01:20 4th,"— Dam.Williams left end for 38 yards, TOUCHDOWN."
2019,Super Bowl,SUN,02/02,49ers,Chiefs,4th Quarter,7,Kansas City Chiefs,1,4,1,Extra Point,,01:12 4th,"— H.Butker extra point is GOOD, Center-J.Winchester, Holder-D.Colquitt."
2019,Super Bowl,SUN,02/02,49ers,Chiefs,4th Quarter,8,San Francisco 49ers,0,1,0,Kickoff from KC 35,,Kickoff,"— H.Butker kicks 65 yards from KC 35 to end zone, Touchback."
2019,Super Bowl,SUN,02/02,49ers,Chiefs,4th Quarter,8,San Francisco 49ers,0,2,0,Pass Incomplete,1st & 10 at SF 25,01:12 4th Shotgun,— J.Garoppolo pass incomplete short left to G.Kittle [F.Clark].
2019,Super Bowl,SUN,02/02,49ers,Chiefs,4th Quarter,8,San Francisco 49ers,0,3,0,Interception,2nd & 10 at SF 25,01:08 4th Shotgun,— J.Garoppolo pass deep middle intended for D.Samuel INTERCEPTED by K.Fuller at KC 41. K.Fuller to KC 41 for no gain (D.Samuel).
2019,Super Bowl,SUN,02/02,49ers,Chiefs,4th Quarter,9,Kansas City Chiefs,0,1,0,-5 Yard Run,1st & 10 at KC 41,00:57 4th,— P.Mahomes kneels to KC 36 for -5 yards.
2019,Super Bowl,SUN,02/02,49ers,Chiefs,4th Quarter,9,Kansas City Chiefs,0,2,0,Timeout,,00:53 4th,— Timeout #2 by SF at 00:53.
2019,Super Bowl,SUN,02/02,49ers,Chiefs,4th Quarter,9,Kansas City Chiefs,0,3,0,-3 Yard Run,2nd & 15 at KC 36,00:53 4th,— P.Mahomes kneels to KC 33 for -3 yards.
2019,Super Bowl,SUN,02/02,49ers,Chiefs,4th Quarter,9,Kansas City Chiefs,0,4,0,Timeout,,00:51 4th,— Timeout #3 by SF at 00:51.
2019,Super Bowl,SUN,02/02,49ers,Chiefs,4th Quarter,9,Kansas City Chiefs,0,5,0,-7 Yard Run,3rd & 18 at KC 33,00:51 4th,— P.Mahomes kneels to KC 26 for -7 yards.
2019,Super Bowl,SUN,02/02,49ers,Chiefs,4th Quarter,9,Kansas City Chiefs,0,6,0,Timeout,,00:05 4th,— Timeout #1 by KC at 00:05.
2019,Super Bowl,SUN,02/02,49ers,Chiefs,4th Quarter,9,Kansas City Chiefs,0,7,0,Pass Incomplete,4th & 25 at KC 26,00:05 4th Shotgun,— P.Mahomes pass incomplete deep right.
