Season,Week,Day,Date,AwayTeam,HomeTeam,Quarter,DriveNumber,TeamWithPossession,IsScoringDrive,PlayNumberInDrive,IsScoringPlay,PlayOutcome,PlayStart,PlayTimeFormation,PlayDescription
2019,Conference Championships,SUN,01/19,Titans,Chiefs,1st Quarter,1,Tennessee Titans,1,1,0,Kickoff from KC 35,,Kickoff,— H.Butker kicks 54 yards from KC 35 to TEN 11. K.Raymond to TEN 30 for 19 yards (A.Watts).
2019,Conference Championships,SUN,01/19,Titans,Chiefs,1st Quarter,1,Tennessee Titans,1,2,0,4 Yard Run,1st & 10 at TEN 30,14:55 1st,— D.Henry left guard to TEN 34 for 4 yards (F.Clark; D.Nnadi).
2019,Conference Championships,SUN,01/19,Titans,Chiefs,1st Quarter,1,Tennessee Titans,1,3,0,37 Yard Pass,2nd & 6 at TEN 34,14:18 1st,— R.Tannehill pass short middle to A.Brown to KC 29 for 37 yards (T.Mathieu).
2019,Conference Championships,SUN,01/19,Titans,Chiefs,1st Quarter,1,Tennessee Titans,1,4,0,1 Yard Run,1st & 10 at KC 29,13:29 1st,— D.Henry left tackle to KC 28 for 1 yard (A.Hitchens).
2019,Conference Championships,SUN,01/19,Titans,Chiefs,1st Quarter,1,Tennessee Titans,1,5,0,12 Yard Pass,2nd & 9 at KC 28,12:51 1st,— R.Tannehill pass short right to C.Davis to KC 16 for 12 yards (D.Wilson).
2019,Conference Championships,SUN,01/19,Titans,Chiefs,1st Quarter,1,Tennessee Titans,1,6,0,4 Yard Run,1st & 10 at KC 16,12:25 1st Shotgun,— Direct snap to D.Henry. D.Henry up the middle to KC 12 for 4 yards (F.Clark; M.Pennel).
2019,Conference Championships,SUN,01/19,Titans,Chiefs,1st Quarter,1,Tennessee Titans,1,7,0,Pass Incomplete,2nd & 6 at KC 12,11:44 1st Shotgun,— R.Tannehill pass incomplete short left to C.Davis.
2019,Conference Championships,SUN,01/19,Titans,Chiefs,1st Quarter,1,Tennessee Titans,1,8,0,Pass Incomplete,3rd & 6 at KC 12,11:39 1st Shotgun,— R.Tannehill pass incomplete short right to T.Sharpe.
2019,Conference Championships,SUN,01/19,Titans,Chiefs,1st Quarter,1,Tennessee Titans,1,9,1,Field Goal,4th & 6 at KC 12,11:33 1st,"— G.Joseph 30 yard field goal is GOOD, Center-B.Brinkley, Holder-B.Kern."
2019,Conference Championships,SUN,01/19,Titans,Chiefs,1st Quarter,2,Kansas City Chiefs,0,1,0,Kickoff from TEN 35,,Kickoff,— G.Joseph kicks 62 yards from TEN 35 to KC 3. M.Hardman pushed ob at KC 21 for 18 yards (L.Sims).
2019,Conference Championships,SUN,01/19,Titans,Chiefs,1st Quarter,2,Kansas City Chiefs,0,2,0,2 Yard Run,1st & 10 at KC 21,11:22 1st Shotgun,— P.Mahomes scrambles right end pushed ob at KC 23 for 2 yards (K.Correa).
2019,Conference Championships,SUN,01/19,Titans,Chiefs,1st Quarter,2,Kansas City Chiefs,0,3,0,-2 Yard Sack,2nd & 8 at KC 23,10:56 1st Shotgun,— P.Mahomes sacked at KC 21 for -2 yards (K.Correa).
2019,Conference Championships,SUN,01/19,Titans,Chiefs,1st Quarter,2,Kansas City Chiefs,0,4,0,Pass Incomplete,3rd & 10 at KC 21,10:14 1st Shotgun,— P.Mahomes pass incomplete short right to T.Kelce.
2019,Conference Championships,SUN,01/19,Titans,Chiefs,1st Quarter,2,Kansas City Chiefs,0,5,0,Punt,4th & 10 at KC 21,10:09 1st,"— D.Colquitt punts 46 yards to TEN 33, Center-J.Winchester. K.Raymond to TEN 42 for 9 yards (J.Winchester)."
2019,Conference Championships,SUN,01/19,Titans,Chiefs,1st Quarter,3,Tennessee Titans,1,1,0,11 Yard Run,1st & 10 at TEN 42,09:59 1st,— D.Henry left guard to KC 47 for 11 yards (R.Ragland).
2019,Conference Championships,SUN,01/19,Titans,Chiefs,1st Quarter,3,Tennessee Titans,1,2,0,5 Yard Run,1st & 10 at KC 47,09:21 1st,— D.Henry right end to KC 42 for 5 yards (D.Wilson).
2019,Conference Championships,SUN,01/19,Titans,Chiefs,1st Quarter,3,Tennessee Titans,1,3,0,Pass Incomplete,2nd & 5 at KC 42,08:40 1st,"— R.Tannehill pass deep left intended for C.Davis INTERCEPTED by B.Breeland at KC 21. B.Breeland to KC 21 for no gain (C.Davis). The Replay Official reviewed the interception ruling, and the play was REVERSED. R.Tannehill pass incomplete deep left to C.Davis (B.Breeland)."
2019,Conference Championships,SUN,01/19,Titans,Chiefs,1st Quarter,3,Tennessee Titans,1,4,0,5 Yard Penalty,3rd & 5 at KC 42,08:35 1st Shotgun,"— PENALTY on KC-C.Jones, Neutral Zone Infraction, 5 yards, enforced at KC 42 - No Play."
2019,Conference Championships,SUN,01/19,Titans,Chiefs,1st Quarter,3,Tennessee Titans,1,5,0,5 Yard Penalty,1st & 10 at KC 37,08:35 1st,"— PENALTY on KC-X.Williams, Encroachment, 5 yards, enforced at KC 37 - No Play."
2019,Conference Championships,SUN,01/19,Titans,Chiefs,1st Quarter,3,Tennessee Titans,1,6,0,2 Yard Run,1st & 5 at KC 32,08:35 1st,— D.Henry right tackle to KC 30 for 2 yards (X.Williams).
2019,Conference Championships,SUN,01/19,Titans,Chiefs,1st Quarter,3,Tennessee Titans,1,7,0,1 Yard Run,2nd & 3 at KC 30,08:01 1st,— D.Henry right tackle to KC 29 for 1 yard (D.Wilson).
2019,Conference Championships,SUN,01/19,Titans,Chiefs,1st Quarter,3,Tennessee Titans,1,8,0,Pass Incomplete,3rd & 2 at KC 29,07:18 1st Shotgun,— R.Tannehill pass incomplete short left to J.Smith (T.Suggs).
2019,Conference Championships,SUN,01/19,Titans,Chiefs,1st Quarter,3,Tennessee Titans,1,9,0,3 Yard Pass,4th & 2 at KC 29,07:13 1st Shotgun,— R.Tannehill pass short left to A.Humphries to KC 26 for 3 yards (T.Mathieu; A.Hitchens).
2019,Conference Championships,SUN,01/19,Titans,Chiefs,1st Quarter,3,Tennessee Titans,1,10,0,22 Yard Pass,1st & 10 at KC 26,06:35 1st,— R.Tannehill pass short right to J.Smith to KC 4 for 22 yards (B.Breeland).
2019,Conference Championships,SUN,01/19,Titans,Chiefs,1st Quarter,3,Tennessee Titans,1,11,1,Touchdown,1st & 4 at KC 4,05:56 1st Shotgun,"— Direct snap to D.Henry. D.Henry left tackle for 4 yards, TOUCHDOWN."
2019,Conference Championships,SUN,01/19,Titans,Chiefs,1st Quarter,3,Tennessee Titans,1,12,1,Extra Point,,05:52 1st,"— G.Joseph extra point is GOOD, Center-B.Brinkley, Holder-B.Kern."
2019,Conference Championships,SUN,01/19,Titans,Chiefs,1st Quarter,4,Kansas City Chiefs,1,1,0,Kickoff from TEN 35,,Kickoff,— G.Joseph kicks 58 yards from TEN 35 to KC 7. M.Hardman to KC 26 for 19 yards (D.Roberson).
2019,Conference Championships,SUN,01/19,Titans,Chiefs,1st Quarter,4,Kansas City Chiefs,1,2,0,9 Yard Pass,1st & 10 at KC 26,05:46 1st Shotgun,— P.Mahomes pass short right to Dam.Williams to KC 35 for 9 yards (J.Brown).
2019,Conference Championships,SUN,01/19,Titans,Chiefs,1st Quarter,4,Kansas City Chiefs,1,3,0,3 Yard Run,2nd & 1 at KC 35,05:09 1st Shotgun,— Dam.Williams right guard to KC 38 for 3 yards (D.Jones).
2019,Conference Championships,SUN,01/19,Titans,Chiefs,1st Quarter,4,Kansas City Chiefs,1,4,0,26 Yard Pass,1st & 10 at KC 38,04:28 1st Shotgun,— P.Mahomes pass deep right to T.Hill ran ob at TEN 36 for 26 yards [H.Landry].
2019,Conference Championships,SUN,01/19,Titans,Chiefs,1st Quarter,4,Kansas City Chiefs,1,5,0,Pass Incomplete,1st & 10 at TEN 36,03:53 1st,— P.Mahomes pass incomplete short right.
2019,Conference Championships,SUN,01/19,Titans,Chiefs,1st Quarter,4,Kansas City Chiefs,1,6,0,Pass Incomplete,2nd & 10 at TEN 36,03:46 1st Shotgun,— P.Mahomes pass incomplete short left to S.Watkins.
2019,Conference Championships,SUN,01/19,Titans,Chiefs,1st Quarter,4,Kansas City Chiefs,1,7,0,8 Yard Pass,3rd & 10 at TEN 36,03:43 1st Shotgun,— P.Mahomes pass short right to T.Kelce to TEN 28 for 8 yards (K.Byard; K.Vaccaro).
2019,Conference Championships,SUN,01/19,Titans,Chiefs,1st Quarter,4,Kansas City Chiefs,1,8,0,Timeout,,02:58 1st,— Timeout #1 by KC at 02:58.
2019,Conference Championships,SUN,01/19,Titans,Chiefs,1st Quarter,4,Kansas City Chiefs,1,9,0,4 Yard Pass,4th & 2 at TEN 28,02:58 1st Shotgun,— P.Mahomes pass short right to T.Kelce to TEN 24 for 4 yards (K.Vaccaro; K.Correa).
2019,Conference Championships,SUN,01/19,Titans,Chiefs,1st Quarter,4,Kansas City Chiefs,1,10,0,8 Yard Pass,1st & 10 at TEN 24,02:18 1st Shotgun,— P.Mahomes pass short middle to M.Hardman to TEN 16 for 8 yards (K.Vaccaro).
2019,Conference Championships,SUN,01/19,Titans,Chiefs,1st Quarter,4,Kansas City Chiefs,1,11,0,3 Yard Run,2nd & 2 at TEN 16,01:35 1st,— Dam.Williams right guard to TEN 13 for 3 yards (D.Jones; J.Casey). TEN-R.Evans was injured during the play.
2019,Conference Championships,SUN,01/19,Titans,Chiefs,1st Quarter,4,Kansas City Chiefs,1,12,0,5 Yard Penalty,1st & 10 at TEN 13,00:57 1st Shotgun,"— P.Mahomes pass incomplete short right to T.Kelce. PENALTY on TEN-K.Byard, Defensive Holding, 5 yards, enforced at TEN 13 - No Play."
2019,Conference Championships,SUN,01/19,Titans,Chiefs,1st Quarter,4,Kansas City Chiefs,1,13,1,Touchdown,1st & 8 at TEN 8,00:51 1st Shotgun,"— P.Mahomes pass short middle to T.Hill for 8 yards, TOUCHDOWN."
2019,Conference Championships,SUN,01/19,Titans,Chiefs,1st Quarter,4,Kansas City Chiefs,1,14,1,Extra Point,,00:46 1st,"— H.Butker extra point is GOOD, Center-J.Winchester, Holder-D.Colquitt."
2019,Conference Championships,SUN,01/19,Titans,Chiefs,2nd Quarter,1,Tennessee Titans,1,1,0,Kickoff from KC 35,,Kickoff,"— H.Butker kicks 65 yards from KC 35 to end zone, Touchback."
2019,Conference Championships,SUN,01/19,Titans,Chiefs,2nd Quarter,1,Tennessee Titans,1,2,0,9 Yard Pass,1st & 10 at TEN 25,00:46 1st,— R.Tannehill pass short left to M.Pruitt to TEN 34 for 9 yards (A.Hitchens).
2019,Conference Championships,SUN,01/19,Titans,Chiefs,2nd Quarter,1,Tennessee Titans,1,3,0,-5 Yard Penalty,2nd & 1 at TEN 34,00:02 1st No Huddle,"— PENALTY on TEN-J.Conklin, False Start, 5 yards, enforced at TEN 34 - No Play."
2019,Conference Championships,SUN,01/19,Titans,Chiefs,2nd Quarter,1,Tennessee Titans,1,4,0,18 Yard Pass,2nd & 6 at TEN 29,15:00 2nd,— R.Tannehill pass short middle to C.Davis to TEN 47 for 18 yards (D.Wilson).
2019,Conference Championships,SUN,01/19,Titans,Chiefs,2nd Quarter,1,Tennessee Titans,1,5,0,13 Yard Run,1st & 10 at TEN 47,14:27 2nd,— D.Henry left end to KC 40 for 13 yards (D.Sorensen).
2019,Conference Championships,SUN,01/19,Titans,Chiefs,2nd Quarter,1,Tennessee Titans,1,6,0,Pass Incomplete,1st & 10 at KC 40,13:46 2nd,— R.Tannehill pass incomplete deep left to A.Firkser.
2019,Conference Championships,SUN,01/19,Titans,Chiefs,2nd Quarter,1,Tennessee Titans,1,7,0,3 Yard Run,2nd & 10 at KC 40,13:39 2nd Shotgun,— D.Henry left tackle to KC 37 for 3 yards (D.Wilson).
2019,Conference Championships,SUN,01/19,Titans,Chiefs,2nd Quarter,1,Tennessee Titans,1,8,0,5 Yard Penalty,3rd & 7 at KC 37,12:53 2nd Shotgun,"— PENALTY on KC-F.Clark, Neutral Zone Infraction, 5 yards, enforced at KC 37 - No Play."
2019,Conference Championships,SUN,01/19,Titans,Chiefs,2nd Quarter,1,Tennessee Titans,1,9,0,5 Yard Pass,3rd & 2 at KC 32,12:30 2nd Shotgun,— R.Tannehill pass short middle to A.Humphries to KC 27 for 5 yards (T.Mathieu).
2019,Conference Championships,SUN,01/19,Titans,Chiefs,2nd Quarter,1,Tennessee Titans,1,10,0,5 Yard Run,1st & 10 at KC 27,11:51 2nd,— D.Henry left tackle to KC 22 for 5 yards (K.Saunders; D.Sorensen).
2019,Conference Championships,SUN,01/19,Titans,Chiefs,2nd Quarter,1,Tennessee Titans,1,11,0,9 Yard Pass,2nd & 5 at KC 22,11:23 2nd,— R.Tannehill pass short right to A.Brown to KC 13 for 9 yards (T.Mathieu).
2019,Conference Championships,SUN,01/19,Titans,Chiefs,2nd Quarter,1,Tennessee Titans,1,12,0,-10 Yard Penalty,1st & 10 at KC 13,10:45 2nd No Huddle,"— D.Henry left guard to KC 5 for 8 yards (K.Saunders). PENALTY on TEN-J.Conklin, Offensive Holding, 10 yards, enforced at KC 13 - No Play."
2019,Conference Championships,SUN,01/19,Titans,Chiefs,2nd Quarter,1,Tennessee Titans,1,13,0,-2 Yard Pass,1st & 20 at KC 23,10:18 2nd Shotgun,— R.Tannehill pass short left to C.Davis to KC 25 for -2 yards (T.Mathieu).
2019,Conference Championships,SUN,01/19,Titans,Chiefs,2nd Quarter,1,Tennessee Titans,1,14,0,Pass Incomplete,2nd & 22 at KC 25,09:34 2nd,— R.Tannehill pass incomplete deep middle to A.Brown.
2019,Conference Championships,SUN,01/19,Titans,Chiefs,2nd Quarter,1,Tennessee Titans,1,15,0,11 Yard Penalty,3rd & 22 at KC 25,09:29 2nd Shotgun,"— R.Tannehill pass short right to C.Davis to KC 15 for 10 yards (B.Breeland). PENALTY on KC-B.Breeland, Defensive Pass Interference, 11 yards, enforced at KC 25 - No Play."
2019,Conference Championships,SUN,01/19,Titans,Chiefs,2nd Quarter,1,Tennessee Titans,1,16,0,4 Yard Run,1st & 10 at KC 14,09:06 2nd,— D.Henry up the middle to KC 10 for 4 yards (D.Sorensen; M.Pennel).
2019,Conference Championships,SUN,01/19,Titans,Chiefs,2nd Quarter,1,Tennessee Titans,1,17,0,5 Yard Run,2nd & 6 at KC 10,08:29 2nd Shotgun,— M.Mariota left end pushed ob at KC 5 for 5 yards (C.Ward).
2019,Conference Championships,SUN,01/19,Titans,Chiefs,2nd Quarter,1,Tennessee Titans,1,18,0,3 Yard Run,3rd & 1 at KC 5,08:00 2nd,— D.Henry up the middle to KC 2 for 3 yards (M.Pennel; T.Mathieu).
2019,Conference Championships,SUN,01/19,Titans,Chiefs,2nd Quarter,1,Tennessee Titans,1,19,0,1 Yard Run,1st & 2 at KC 2,07:20 2nd Shotgun,— D.Henry up the middle to KC 1 for 1 yard (T.Mathieu; D.Wilson).
2019,Conference Championships,SUN,01/19,Titans,Chiefs,2nd Quarter,1,Tennessee Titans,1,20,1,Touchdown,2nd & 1 at KC 1,06:43 2nd,"— 71-D.Kelly reported in as eligible. R.Tannehill pass short left to D.Kelly for 1 yard, TOUCHDOWN."
2019,Conference Championships,SUN,01/19,Titans,Chiefs,2nd Quarter,1,Tennessee Titans,1,21,1,Extra Point,,06:39 2nd,"— G.Joseph extra point is GOOD, Center-B.Brinkley, Holder-B.Kern."
2019,Conference Championships,SUN,01/19,Titans,Chiefs,2nd Quarter,2,Kansas City Chiefs,1,1,0,Kickoff from TEN 35,,Kickoff,— G.Joseph kicks 63 yards from TEN 35 to KC 2. M.Hardman to KC 37 for 35 yards (T.Smith).
2019,Conference Championships,SUN,01/19,Titans,Chiefs,2nd Quarter,2,Kansas City Chiefs,1,2,0,1 Yard Run,1st & 10 at KC 37,06:33 2nd,— Dam.Williams right end to KC 38 for 1 yard (K.Correa).
2019,Conference Championships,SUN,01/19,Titans,Chiefs,2nd Quarter,2,Kansas City Chiefs,1,3,0,5 Yard Penalty,2nd & 9 at KC 38,05:53 2nd Shotgun,"— P.Mahomes pass incomplete short middle to T.Kelce (J.Brown). PENALTY on TEN-R.Evans, Illegal Contact, 5 yards, enforced at KC 38 - No Play."
2019,Conference Championships,SUN,01/19,Titans,Chiefs,2nd Quarter,2,Kansas City Chiefs,1,4,0,24 Yard Pass,1st & 10 at KC 43,05:47 2nd Shotgun,— P.Mahomes pass short left to D.Robinson to TEN 33 for 24 yards (L.Ryan).
2019,Conference Championships,SUN,01/19,Titans,Chiefs,2nd Quarter,2,Kansas City Chiefs,1,5,0,13 Yard Pass,1st & 10 at TEN 33,05:03 2nd Shotgun,— P.Mahomes pass short right to S.Watkins to TEN 20 for 13 yards (A.Jackson).
2019,Conference Championships,SUN,01/19,Titans,Chiefs,2nd Quarter,2,Kansas City Chiefs,1,6,0,Pass Incomplete,1st & 10 at TEN 20,04:16 2nd Shotgun,— P.Mahomes pass incomplete deep right.
2019,Conference Championships,SUN,01/19,Titans,Chiefs,2nd Quarter,2,Kansas City Chiefs,1,7,1,Touchdown,2nd & 10 at TEN 20,04:07 2nd Shotgun,"— P.Mahomes pass deep left to T.Hill for 20 yards, TOUCHDOWN."
2019,Conference Championships,SUN,01/19,Titans,Chiefs,2nd Quarter,2,Kansas City Chiefs,1,8,1,Extra Point,,04:03 2nd,"— H.Butker extra point is GOOD, Center-J.Winchester, Holder-D.Colquitt."
2019,Conference Championships,SUN,01/19,Titans,Chiefs,2nd Quarter,3,Tennessee Titans,0,1,0,Kickoff from KC 35,,Kickoff,— H.Butker kicks 60 yards from KC 35 to TEN 5. K.Raymond to TEN 25 for 20 yards (J.Lucas).
2019,Conference Championships,SUN,01/19,Titans,Chiefs,2nd Quarter,3,Tennessee Titans,0,2,0,1 Yard Run,1st & 10 at TEN 25,03:57 2nd,— D.Henry left guard to TEN 26 for 1 yard (C.Jones).
2019,Conference Championships,SUN,01/19,Titans,Chiefs,2nd Quarter,3,Tennessee Titans,0,3,0,0 Yard Run,2nd & 9 at TEN 26,03:13 2nd,— D.Henry right guard to TEN 26 for no gain (T.Suggs; C.Jones).
2019,Conference Championships,SUN,01/19,Titans,Chiefs,2nd Quarter,3,Tennessee Titans,0,4,0,6 Yard Pass,3rd & 9 at TEN 26,02:30 2nd Shotgun,— R.Tannehill pass short right to D.Lewis to TEN 32 for 6 yards (B.Breeland) [C.Jones].
2019,Conference Championships,SUN,01/19,Titans,Chiefs,2nd Quarter,3,Tennessee Titans,0,5,0,Punt,4th & 3 at TEN 32,02:00 2nd,"— B.Kern punts 44 yards to KC 24, Center-B.Brinkley. J.Lucas to KC 24 for no gain (D.Bates). PENALTY on KC-D.Thompson, Offensive Holding, 10 yards, enforced at KC 24."
2019,Conference Championships,SUN,01/19,Titans,Chiefs,2nd Quarter,4,Kansas City Chiefs,1,1,0,17 Yard Pass,1st & 10 at KC 14,01:51 2nd Shotgun,— P.Mahomes pass short right to Dam.Williams ran ob at KC 31 for 17 yards (K.Vaccaro).
2019,Conference Championships,SUN,01/19,Titans,Chiefs,2nd Quarter,4,Kansas City Chiefs,1,2,0,8 Yard Pass,1st & 10 at KC 31,01:43 2nd Shotgun,— P.Mahomes pass short left to Dam.Williams pushed ob at KC 39 for 8 yards (L.Ryan).
2019,Conference Championships,SUN,01/19,Titans,Chiefs,2nd Quarter,4,Kansas City Chiefs,1,3,0,-2 Yard Pass,2nd & 2 at KC 39,01:37 2nd Shotgun,"— P.Mahomes FUMBLES (Aborted) at KC 34, and recovers at KC 34. P.Mahomes pass short right to T.Hill pushed ob at KC 37 for -2 yards (L.Ryan)."
2019,Conference Championships,SUN,01/19,Titans,Chiefs,2nd Quarter,4,Kansas City Chiefs,1,4,0,18 Yard Pass,3rd & 4 at KC 37,01:27 2nd Shotgun,— P.Mahomes pass short left to T.Kelce to TEN 45 for 18 yards (A.Jackson).
2019,Conference Championships,SUN,01/19,Titans,Chiefs,2nd Quarter,4,Kansas City Chiefs,1,5,0,7 Yard Run,1st & 10 at TEN 45,"01:06 2nd No Huddle, Shotgun",— P.Mahomes scrambles left end pushed ob at TEN 38 for 7 yards (K.Correa).
2019,Conference Championships,SUN,01/19,Titans,Chiefs,2nd Quarter,4,Kansas City Chiefs,1,6,0,Pass Incomplete,2nd & 3 at TEN 38,01:01 2nd Shotgun,— P.Mahomes pass incomplete short left to S.Watkins [D.Roberson].
2019,Conference Championships,SUN,01/19,Titans,Chiefs,2nd Quarter,4,Kansas City Chiefs,1,7,0,11 Yard Pass,3rd & 3 at TEN 38,00:54 2nd Shotgun,— P.Mahomes pass short middle to S.Watkins to TEN 27 for 11 yards (J.Brown).
2019,Conference Championships,SUN,01/19,Titans,Chiefs,2nd Quarter,4,Kansas City Chiefs,1,8,0,Pass Incomplete,1st & 10 at TEN 27,"00:32 2nd No Huddle, Shotgun",— P.Mahomes pass incomplete deep right.
2019,Conference Championships,SUN,01/19,Titans,Chiefs,2nd Quarter,4,Kansas City Chiefs,1,9,1,Touchdown,2nd & 10 at TEN 27,00:23 2nd Shotgun,"— P.Mahomes scrambles left end for 27 yards, TOUCHDOWN."
2019,Conference Championships,SUN,01/19,Titans,Chiefs,2nd Quarter,4,Kansas City Chiefs,1,10,1,Extra Point,,00:11 2nd,"— H.Butker extra point is GOOD, Center-J.Winchester, Holder-D.Colquitt."
2019,Conference Championships,SUN,01/19,Titans,Chiefs,2nd Quarter,5,Tennessee Titans,0,1,0,Kickoff from KC 35,,Kickoff,— H.Butker kicks 37 yards from KC 35 to TEN 28. A.Firkser to TEN 28 for no gain (R.Fenton).
2019,Conference Championships,SUN,01/19,Titans,Chiefs,2nd Quarter,5,Tennessee Titans,0,2,0,-1 Yard Run,1st & 10 at TEN 28,00:07 2nd,— R.Tannehill kneels to TEN 27 for -1 yards.
2019,Conference Championships,SUN,01/19,Titans,Chiefs,3rd Quarter,1,Kansas City Chiefs,0,1,0,Kickoff from TEN 35,,Kickoff,"— G.Joseph kicks 59 yards from TEN 35 to KC 6. M.Hardman to KC 20 for 14 yards (D.Long). PENALTY on KC-D.O'Daniel, Illegal Blindside Block, 10 yards, enforced at KC 20."
2019,Conference Championships,SUN,01/19,Titans,Chiefs,3rd Quarter,1,Kansas City Chiefs,0,2,0,7 Yard Pass,1st & 10 at KC 10,14:52 3rd Shotgun,— P.Mahomes pass short right to Dam.Williams pushed ob at KC 17 for 7 yards (J.Brown).
2019,Conference Championships,SUN,01/19,Titans,Chiefs,3rd Quarter,1,Kansas City Chiefs,0,3,0,5 Yard Run,2nd & 3 at KC 17,14:20 3rd Shotgun,— Dam.Williams right guard to KC 22 for 5 yards (D.Jones; K.Correa).
2019,Conference Championships,SUN,01/19,Titans,Chiefs,3rd Quarter,1,Kansas City Chiefs,0,4,0,Pass Incomplete,1st & 10 at KC 22,13:40 3rd Shotgun,— P.Mahomes pass incomplete short left to T.Hill.
2019,Conference Championships,SUN,01/19,Titans,Chiefs,3rd Quarter,1,Kansas City Chiefs,0,5,0,7 Yard Pass,2nd & 10 at KC 22,13:30 3rd Shotgun,— P.Mahomes pass short left to D.Robinson pushed ob at KC 29 for 7 yards (A.Jackson).
2019,Conference Championships,SUN,01/19,Titans,Chiefs,3rd Quarter,1,Kansas City Chiefs,0,6,0,5 Yard Pass,3rd & 3 at KC 29,12:58 3rd Shotgun,"— P.Mahomes pass incomplete short right to S.Watkins. Kansas City challenged the incomplete pass ruling, and the play was REVERSED. (Shotgun) P.Mahomes pass short right to S.Watkins ran ob at KC 34 for 5 yards."
2019,Conference Championships,SUN,01/19,Titans,Chiefs,3rd Quarter,1,Kansas City Chiefs,0,7,0,8 Yard Run,1st & 10 at KC 34,12:40 3rd Shotgun,— Dam.Williams right end pushed ob at KC 42 for 8 yards (K.Byard).
2019,Conference Championships,SUN,01/19,Titans,Chiefs,3rd Quarter,1,Kansas City Chiefs,0,8,0,5 Yard Run,2nd & 2 at KC 42,12:03 3rd Shotgun,— P.Mahomes scrambles left end to KC 47 for 5 yards (J.Brown).
2019,Conference Championships,SUN,01/19,Titans,Chiefs,3rd Quarter,1,Kansas City Chiefs,0,9,0,Pass Incomplete,1st & 10 at KC 47,11:20 3rd Shotgun,— P.Mahomes pass incomplete short left to D.Thompson.
2019,Conference Championships,SUN,01/19,Titans,Chiefs,3rd Quarter,1,Kansas City Chiefs,0,10,0,Pass Incomplete,2nd & 10 at KC 47,11:17 3rd Shotgun,— P.Mahomes pass incomplete short right to Dam.Williams (J.Brown) [H.Landry].
2019,Conference Championships,SUN,01/19,Titans,Chiefs,3rd Quarter,1,Kansas City Chiefs,0,11,0,Pass Incomplete,3rd & 10 at KC 47,11:12 3rd Shotgun,— P.Mahomes pass incomplete deep left to T.Hill.
2019,Conference Championships,SUN,01/19,Titans,Chiefs,3rd Quarter,1,Kansas City Chiefs,0,12,0,Punt,4th & 10 at KC 47,11:08 3rd,"— D.Colquitt punts 32 yards to TEN 21, Center-J.Winchester, fair catch by K.Raymond."
2019,Conference Championships,SUN,01/19,Titans,Chiefs,3rd Quarter,2,Tennessee Titans,0,1,0,3 Yard Run,1st & 10 at TEN 21,11:01 3rd,— D.Henry right tackle to TEN 24 for 3 yards (A.Hitchens).
2019,Conference Championships,SUN,01/19,Titans,Chiefs,3rd Quarter,2,Tennessee Titans,0,2,0,Pass Incomplete,2nd & 7 at TEN 24,10:17 3rd Shotgun,— R.Tannehill pass incomplete short left to A.Brown.
2019,Conference Championships,SUN,01/19,Titans,Chiefs,3rd Quarter,2,Tennessee Titans,0,3,0,8 Yard Pass,3rd & 7 at TEN 24,10:14 3rd Shotgun,— R.Tannehill pass short left to A.Humphries to TEN 32 for 8 yards (B.Niemann).
2019,Conference Championships,SUN,01/19,Titans,Chiefs,3rd Quarter,2,Tennessee Titans,0,4,0,5 Yard Penalty,1st & 10 at TEN 32,09:52 3rd,"— D.Lewis up the middle to TEN 36 for 4 yards (A.Hitchens). PENALTY on KC, Defensive Too Many Men on Field, 5 yards, enforced at TEN 32 - No Play."
2019,Conference Championships,SUN,01/19,Titans,Chiefs,3rd Quarter,2,Tennessee Titans,0,5,0,4 Yard Run,1st & 5 at TEN 37,09:24 3rd,— D.Henry right guard to TEN 41 for 4 yards (R.Ragland).
2019,Conference Championships,SUN,01/19,Titans,Chiefs,3rd Quarter,2,Tennessee Titans,0,6,0,0 Yard Run,2nd & 1 at TEN 41,08:58 3rd No Huddle,— D.Henry left tackle to TEN 41 for no gain (F.Clark; M.Pennel).
2019,Conference Championships,SUN,01/19,Titans,Chiefs,3rd Quarter,2,Tennessee Titans,0,7,0,-9 Yard Penalty,3rd & 1 at TEN 41,08:15 3rd,"— D.Henry left tackle to TEN 41 for no gain (M.Pennel). PENALTY on TEN-D.Kelly, Offensive Holding, 9 yards, enforced at TEN 41 - No Play."
2019,Conference Championships,SUN,01/19,Titans,Chiefs,3rd Quarter,2,Tennessee Titans,0,8,0,6 Yard Run,3rd & 10 at TEN 32,07:54 3rd Shotgun,— R.Tannehill scrambles right end to TEN 38 for 6 yards (D.Sorensen).
2019,Conference Championships,SUN,01/19,Titans,Chiefs,3rd Quarter,2,Tennessee Titans,0,9,0,Punt,4th & 4 at TEN 38,07:07 3rd,"— B.Kern punts 42 yards to KC 20, Center-B.Brinkley. M.Hardman to KC 27 for 7 yards (T.Smith)."
2019,Conference Championships,SUN,01/19,Titans,Chiefs,4th Quarter,1,Kansas City Chiefs,1,1,0,6 Yard Run,1st & 10 at KC 27,06:58 3rd,— Dam.Williams right guard to KC 33 for 6 yards (R.Evans; K.Correa).
2019,Conference Championships,SUN,01/19,Titans,Chiefs,4th Quarter,1,Kansas City Chiefs,1,2,0,3 Yard Run,2nd & 4 at KC 33,06:25 3rd Shotgun,— Dam.Williams right tackle to KC 36 for 3 yards (K.Correa; K.Vaccaro).
2019,Conference Championships,SUN,01/19,Titans,Chiefs,4th Quarter,1,Kansas City Chiefs,1,3,0,5 Yard Run,3rd & 1 at KC 36,05:47 3rd,— Dam.Williams left guard to KC 41 for 5 yards (L.Ryan).
2019,Conference Championships,SUN,01/19,Titans,Chiefs,4th Quarter,1,Kansas City Chiefs,1,4,0,1 Yard Run,1st & 10 at KC 41,05:09 3rd Shotgun,— Dam.Williams up the middle to KC 42 for 1 yard (H.Landry).
2019,Conference Championships,SUN,01/19,Titans,Chiefs,4th Quarter,1,Kansas City Chiefs,1,5,0,7 Yard Pass,2nd & 9 at KC 42,04:29 3rd Shotgun,— P.Mahomes pass short left to S.Watkins to KC 49 for 7 yards (T.Brock).
2019,Conference Championships,SUN,01/19,Titans,Chiefs,4th Quarter,1,Kansas City Chiefs,1,6,0,4 Yard Run,3rd & 2 at KC 49,03:49 3rd Shotgun,— P.Mahomes scrambles left end ran ob at TEN 47 for 4 yards (K.Byard).
2019,Conference Championships,SUN,01/19,Titans,Chiefs,4th Quarter,1,Kansas City Chiefs,1,7,0,7 Yard Run,1st & 10 at TEN 47,03:18 3rd,— T.Hill right end to TEN 40 for 7 yards (J.Brown).
2019,Conference Championships,SUN,01/19,Titans,Chiefs,4th Quarter,1,Kansas City Chiefs,1,8,0,7 Yard Run,2nd & 3 at TEN 40,02:31 3rd Shotgun,— D.Thompson right end to TEN 33 for 7 yards (K.Byard).
2019,Conference Championships,SUN,01/19,Titans,Chiefs,4th Quarter,1,Kansas City Chiefs,1,9,0,11 Yard Run,1st & 10 at TEN 33,01:46 3rd Shotgun,— P.Mahomes scrambles left end ran ob at TEN 22 for 11 yards (L.Ryan).
2019,Conference Championships,SUN,01/19,Titans,Chiefs,4th Quarter,1,Kansas City Chiefs,1,10,0,4 Yard Run,1st & 10 at TEN 22,01:13 3rd,— Dam.Williams right end ran ob at TEN 18 for 4 yards (A.Jackson).
2019,Conference Championships,SUN,01/19,Titans,Chiefs,4th Quarter,1,Kansas City Chiefs,1,11,0,15 Yard Pass,2nd & 6 at TEN 18,00:38 3rd Shotgun,— P.Mahomes pass short right to T.Hill pushed ob at TEN 3 for 15 yards (W.Woodyard).
2019,Conference Championships,SUN,01/19,Titans,Chiefs,4th Quarter,1,Kansas City Chiefs,1,12,0,Pass Incomplete,1st & 3 at TEN 3,15:00 4th,— P.Mahomes pass incomplete short right to A.Sherman.
2019,Conference Championships,SUN,01/19,Titans,Chiefs,4th Quarter,1,Kansas City Chiefs,1,13,1,Touchdown,2nd & 3 at TEN 3,14:54 4th,"— Dam.Williams right end for 3 yards, TOUCHDOWN."
2019,Conference Championships,SUN,01/19,Titans,Chiefs,4th Quarter,1,Kansas City Chiefs,1,14,1,Extra Point,,14:50 4th,"— H.Butker extra point is GOOD, Center-J.Winchester, Holder-D.Colquitt."
2019,Conference Championships,SUN,01/19,Titans,Chiefs,4th Quarter,2,Tennessee Titans,0,1,0,Kickoff from KC 35,,Kickoff,"— H.Butker kicks 65 yards from KC 35 to end zone, Touchback."
2019,Conference Championships,SUN,01/19,Titans,Chiefs,4th Quarter,2,Tennessee Titans,0,2,0,15 Yard Pass,1st & 10 at TEN 25,14:50 4th,— R.Tannehill pass short right to C.Davis ran ob at TEN 40 for 15 yards (B.Breeland).
2019,Conference Championships,SUN,01/19,Titans,Chiefs,4th Quarter,2,Tennessee Titans,0,3,0,-2 Yard Pass,1st & 10 at TEN 40,"14:16 4th No Huddle, Shotgun",— R.Tannehill pass short right to D.Henry to TEN 38 for -2 yards (D.Wilson).
2019,Conference Championships,SUN,01/19,Titans,Chiefs,4th Quarter,2,Tennessee Titans,0,4,0,5 Yard Pass,2nd & 12 at TEN 38,13:31 4th Shotgun,— R.Tannehill pass short middle to A.Brown to TEN 43 for 5 yards (D.Sorensen).
2019,Conference Championships,SUN,01/19,Titans,Chiefs,4th Quarter,2,Tennessee Titans,0,5,0,-8 Yard Sack,3rd & 7 at TEN 43,12:48 4th Shotgun,— R.Tannehill sacked at TEN 35 for -8 yards (T.Kpassagnon).
2019,Conference Championships,SUN,01/19,Titans,Chiefs,4th Quarter,2,Tennessee Titans,0,6,0,Punt,4th & 15 at TEN 35,12:05 4th,"— B.Kern punts 53 yards to KC 12, Center-B.Brinkley, downed by TEN-D.Bates."
2019,Conference Championships,SUN,01/19,Titans,Chiefs,4th Quarter,3,Kansas City Chiefs,1,1,0,1 Yard Run,1st & 10 at KC 12,11:54 4th,— Dam.Williams left tackle to KC 13 for 1 yard (D.Long; H.Landry).
2019,Conference Championships,SUN,01/19,Titans,Chiefs,4th Quarter,3,Kansas City Chiefs,1,2,0,Timeout,,11:13 4th,— Timeout #1 by TEN at 11:13.
2019,Conference Championships,SUN,01/19,Titans,Chiefs,4th Quarter,3,Kansas City Chiefs,1,3,0,11 Yard Pass,2nd & 9 at KC 13,11:13 4th Shotgun,— P.Mahomes pass short right to S.Watkins to KC 24 for 11 yards (L.Ryan).
2019,Conference Championships,SUN,01/19,Titans,Chiefs,4th Quarter,3,Kansas City Chiefs,1,4,0,5 Yard Run,1st & 10 at KC 24,10:31 4th Shotgun,— Dam.Williams up the middle to KC 29 for 5 yards (K.Correa).
2019,Conference Championships,SUN,01/19,Titans,Chiefs,4th Quarter,3,Kansas City Chiefs,1,5,0,7 Yard Pass,2nd & 5 at KC 29,09:48 4th Shotgun,— P.Mahomes pass short left to S.Watkins to KC 36 for 7 yards (T.Brock).
2019,Conference Championships,SUN,01/19,Titans,Chiefs,4th Quarter,3,Kansas City Chiefs,1,6,0,1 Yard Run,1st & 10 at KC 36,09:08 4th Shotgun,— Dam.Williams left end to KC 37 for 1 yard (K.Correa).
2019,Conference Championships,SUN,01/19,Titans,Chiefs,4th Quarter,3,Kansas City Chiefs,1,7,0,3 Yard Pass,2nd & 9 at KC 37,08:26 4th Shotgun,— P.Mahomes pass short right to Dam.Williams to KC 40 for 3 yards (W.Woodyard).
2019,Conference Championships,SUN,01/19,Titans,Chiefs,4th Quarter,3,Kansas City Chiefs,1,8,1,Touchdown,3rd & 6 at KC 40,07:44 4th Shotgun,"— P.Mahomes pass deep middle to S.Watkins for 60 yards, TOUCHDOWN [D.Roberson]. Penalty on TEN-T.Brock, Defensive Holding, declined."
2019,Conference Championships,SUN,01/19,Titans,Chiefs,4th Quarter,3,Kansas City Chiefs,1,9,1,Extra Point,,07:33 4th,"— H.Butker extra point is GOOD, Center-J.Winchester, Holder-D.Colquitt."
2019,Conference Championships,SUN,01/19,Titans,Chiefs,4th Quarter,4,Tennessee Titans,1,1,0,Kickoff from KC 35,,Kickoff,— H.Butker kicks 67 yards from KC 35 to TEN -2. K.Raymond to TEN 20 for 22 yards (R.Fenton).
2019,Conference Championships,SUN,01/19,Titans,Chiefs,4th Quarter,4,Tennessee Titans,1,2,0,-6 Yard Pass,1st & 10 at TEN 20,07:27 4th Shotgun,— R.Tannehill pass short left to D.Henry to TEN 14 for -6 yards (D.Sorensen).
2019,Conference Championships,SUN,01/19,Titans,Chiefs,4th Quarter,4,Tennessee Titans,1,3,0,Pass Incomplete,2nd & 16 at TEN 14,06:58 4th No Huddle,— R.Tannehill pass incomplete short right to C.Davis (D.Sorensen).
2019,Conference Championships,SUN,01/19,Titans,Chiefs,4th Quarter,4,Tennessee Titans,1,4,0,8 Yard Pass,3rd & 16 at TEN 14,06:51 4th Shotgun,— R.Tannehill pass short left to J.Smith to TEN 22 for 8 yards (T.Mathieu).
2019,Conference Championships,SUN,01/19,Titans,Chiefs,4th Quarter,4,Tennessee Titans,1,5,0,8 Yard Pass,1st & 10 at 50,05:27 4th Shotgun,— R.Tannehill pass short right to J.Smith to KC 42 for 8 yards (R.Fenton; B.Breeland).
2019,Conference Championships,SUN,01/19,Titans,Chiefs,4th Quarter,4,Tennessee Titans,1,6,0,22 Yard Pass,2nd & 2 at KC 42,05:00 4th Shotgun,— R.Tannehill pass short right to C.Davis pushed ob at KC 20 for 22 yards (D.Sorensen).
2019,Conference Championships,SUN,01/19,Titans,Chiefs,4th Quarter,4,Tennessee Titans,1,7,0,-2 Yard Sack,1st & 10 at KC 20,04:53 4th Shotgun,— R.Tannehill sacked at KC 22 for -2 yards (T.Kpassagnon).
2019,Conference Championships,SUN,01/19,Titans,Chiefs,4th Quarter,4,Tennessee Titans,1,8,1,Touchdown,2nd & 12 at KC 22,"04:24 4th No Huddle, Shotgun","— R.Tannehill pass deep middle to A.Firkser for 22 yards, TOUCHDOWN."
2019,Conference Championships,SUN,01/19,Titans,Chiefs,4th Quarter,4,Tennessee Titans,1,9,1,Extra Point,,04:18 4th,"— G.Joseph extra point is GOOD, Center-B.Brinkley, Holder-B.Kern."
2019,Conference Championships,SUN,01/19,Titans,Chiefs,4th Quarter,5,Kansas City Chiefs,0,1,0,Kickoff from TEN 35,,Kickoff,— G.Joseph kicks 65 yards from TEN 35 to KC 0. T.Hill pushed ob at KC 19 for 19 yards (L.Sims).
2019,Conference Championships,SUN,01/19,Titans,Chiefs,4th Quarter,5,Kansas City Chiefs,0,2,0,0 Yard Run,1st & 10 at KC 19,04:12 4th,— Dam.Williams right end pushed ob at KC 19 for no gain (W.Woodyard).
2019,Conference Championships,SUN,01/19,Titans,Chiefs,4th Quarter,5,Kansas City Chiefs,0,3,0,Sack,2nd & 10 at KC 19,04:07 4th Shotgun,— P.Mahomes sacked at KC 19 for 0 yards (sack split by J.Casey and D.Jones).
2019,Conference Championships,SUN,01/19,Titans,Chiefs,4th Quarter,5,Kansas City Chiefs,0,4,0,Timeout,,03:59 4th,— Timeout #2 by TEN at 03:59.
2019,Conference Championships,SUN,01/19,Titans,Chiefs,4th Quarter,5,Kansas City Chiefs,0,5,0,41 Yard Penalty,3rd & 10 at KC 19,03:59 4th Shotgun,"— P.Mahomes pass incomplete deep right to M.Hardman (T.Brock). PENALTY on TEN-T.Brock, Defensive Pass Interference, 41 yards, enforced at KC 19 - No Play."
2019,Conference Championships,SUN,01/19,Titans,Chiefs,4th Quarter,5,Kansas City Chiefs,0,6,0,5 Yard Penalty,1st & 10 at TEN 40,03:51 4th,"— Dam.Williams up the middle to TEN 41 for -1 yards (H.Landry). PENALTY on TEN, Defensive Too Many Men on Field, 5 yards, enforced at TEN 40 - No Play."
2019,Conference Championships,SUN,01/19,Titans,Chiefs,4th Quarter,5,Kansas City Chiefs,0,7,0,-2 Yard Run,1st & 5 at TEN 35,03:46 4th,— Dam.Williams left end to TEN 37 for -2 yards (D.Long).
2019,Conference Championships,SUN,01/19,Titans,Chiefs,4th Quarter,5,Kansas City Chiefs,0,8,0,-2 Yard Run,2nd & 7 at TEN 37,03:02 4th Shotgun,— Dam.Williams up the middle to TEN 39 for -2 yards (D.Long).
2019,Conference Championships,SUN,01/19,Titans,Chiefs,4th Quarter,5,Kansas City Chiefs,0,9,0,Pass Incomplete,3rd & 9 at TEN 39,02:20 4th Shotgun,— P.Mahomes pass incomplete short right to S.Watkins.
2019,Conference Championships,SUN,01/19,Titans,Chiefs,4th Quarter,5,Kansas City Chiefs,0,10,0,Punt,4th & 14 at TEN 44,02:15 4th,"— D.Colquitt punts 44 yards to end zone, Center-J.Winchester, Touchback."
2019,Conference Championships,SUN,01/19,Titans,Chiefs,4th Quarter,6,Tennessee Titans,0,1,0,11 Yard Run,1st & 10 at TEN 20,02:08 4th Shotgun,"— R.Tannehill scrambles left end ran ob at TEN 26 for 6 yards (D.Sorensen). PENALTY on KC-C.Jones, Illegal Use of Hands, 5 yards, enforced at TEN 26."
2019,Conference Championships,SUN,01/19,Titans,Chiefs,4th Quarter,6,Tennessee Titans,0,2,0,-5 Yard Penalty,1st & 10 at TEN 31,02:00 4th Shotgun,"— PENALTY on TEN-N.Davis, False Start, 5 yards, enforced at TEN 31 - No Play."
2019,Conference Championships,SUN,01/19,Titans,Chiefs,4th Quarter,6,Tennessee Titans,0,3,0,9 Yard Pass,1st & 15 at TEN 26,02:00 4th Shotgun,— R.Tannehill pass short right to A.Humphries to TEN 35 for 9 yards (T.Mathieu).
2019,Conference Championships,SUN,01/19,Titans,Chiefs,4th Quarter,6,Tennessee Titans,0,4,0,Pass Incomplete,2nd & 6 at TEN 35,"01:36 4th No Huddle, Shotgun",— R.Tannehill pass incomplete short left to A.Humphries (T.Kpassagnon).
2019,Conference Championships,SUN,01/19,Titans,Chiefs,4th Quarter,6,Tennessee Titans,0,5,0,Pass Incomplete,3rd & 6 at TEN 35,01:32 4th Shotgun,— R.Tannehill pass incomplete short middle to A.Brown (T.Mathieu).
2019,Conference Championships,SUN,01/19,Titans,Chiefs,4th Quarter,6,Tennessee Titans,0,6,0,Turnover on Downs,4th & 6 at TEN 35,01:28 4th Shotgun,— R.Tannehill sacked at TEN 18 for -17 yards (F.Clark).
2019,Conference Championships,SUN,01/19,Titans,Chiefs,4th Quarter,7,Kansas City Chiefs,0,1,0,-2 Yard Run,1st & 10 at TEN 18,01:20 4th,— P.Mahomes kneels to TEN 20 for -2 yards.
2019,Conference Championships,SUN,01/19,Titans,Chiefs,4th Quarter,7,Kansas City Chiefs,0,2,0,-1 Yard Run,2nd & 12 at TEN 20,00:39 4th,— P.Mahomes kneels to TEN 21 for -1 yards.
2019,Conference Championships,SUN,01/19,Packers,49ers,1st Quarter,1,San Francisco 49ers,0,1,0,Kickoff from GB 35,,Kickoff,"— M.Crosby kicks 65 yards from GB 35 to end zone, Touchback."
2019,Conference Championships,SUN,01/19,Packers,49ers,1st Quarter,1,San Francisco 49ers,0,2,0,5 Yard Run,1st & 10 at SF 25,15:00 1st Shotgun,— T.Coleman left end to SF 30 for 5 yards (P.Smith).
2019,Conference Championships,SUN,01/19,Packers,49ers,1st Quarter,1,San Francisco 49ers,0,3,0,4 Yard Run,2nd & 5 at SF 30,14:23 1st,— T.Coleman left guard to SF 34 for 4 yards (Z.Smith).
2019,Conference Championships,SUN,01/19,Packers,49ers,1st Quarter,1,San Francisco 49ers,0,4,0,0 Yard Run,3rd & 1 at SF 34,13:59 1st No Huddle,"— T.Coleman right tackle to SF 34 for no gain (Z.Smith, B.Goodson)."
2019,Conference Championships,SUN,01/19,Packers,49ers,1st Quarter,1,San Francisco 49ers,0,5,0,Punt,4th & 1 at SF 34,13:13 1st,"— M.Wishnowsky punts 41 yards to GB 25, Center-K.Nelson, fair catch by T.Ervin."
2019,Conference Championships,SUN,01/19,Packers,49ers,1st Quarter,2,Green Bay Packers,0,1,0,9 Yard Run,1st & 10 at GB 25,13:05 1st,— A.Jones right end to GB 34 for 9 yards (J.Tartt).
2019,Conference Championships,SUN,01/19,Packers,49ers,1st Quarter,2,Green Bay Packers,0,2,0,7 Yard Pass,2nd & 1 at GB 34,12:30 1st Shotgun,— A.Rodgers pass short left to D.Adams pushed ob at GB 41 for 7 yards (E.Moseley). Caught at GB 34. 7-yac
2019,Conference Championships,SUN,01/19,Packers,49ers,1st Quarter,2,Green Bay Packers,0,3,0,3 Yard Pass,1st & 10 at GB 41,11:58 1st,— A.Rodgers pass short right to M.Lewis to GB 44 for 3 yards (K.Alexander). Caught at GB 41. 3-yac
2019,Conference Championships,SUN,01/19,Packers,49ers,1st Quarter,2,Green Bay Packers,0,4,0,4 Yard Run,2nd & 7 at GB 44,11:20 1st,— A.Jones left guard to GB 48 for 4 yards (D.Buckner).
2019,Conference Championships,SUN,01/19,Packers,49ers,1st Quarter,2,Green Bay Packers,0,5,0,2 Yard Pass,3rd & 3 at GB 48,10:38 1st Shotgun,— A.Rodgers pass short left to J.Williams to 50 for 2 yards (D.Greenlaw). Caught at GB 49. 1-yac
2019,Conference Championships,SUN,01/19,Packers,49ers,1st Quarter,2,Green Bay Packers,0,6,0,Punt,4th & 1 at 50,09:40 1st,"— J.Scott punts 39 yards to SF 11, Center-H.Bradley, fair catch by R.James Jr.."
2019,Conference Championships,SUN,01/19,Packers,49ers,1st Quarter,3,San Francisco 49ers,1,1,0,16 Yard Pass,1st & 10 at SF 11,09:33 1st,— J.Garoppolo pass short left to D.Samuel to SF 27 for 16 yards (D.Savage). Caught at SF 9. 18-yac
2019,Conference Championships,SUN,01/19,Packers,49ers,1st Quarter,3,San Francisco 49ers,1,2,0,5 Yard Run,1st & 10 at SF 27,08:53 1st Shotgun,— R.Mostert right end to SF 32 for 5 yards (T.Lancaster).
2019,Conference Championships,SUN,01/19,Packers,49ers,1st Quarter,3,San Francisco 49ers,1,3,0,30 Yard Pass,2nd & 5 at SF 32,08:12 1st,— J.Garoppolo pass deep middle to D.Samuel to GB 38 for 30 yards (D.Savage). Caught at SF 48. 14-yac
2019,Conference Championships,SUN,01/19,Packers,49ers,1st Quarter,3,San Francisco 49ers,1,4,0,6 Yard Run,1st & 10 at GB 38,07:29 1st,— R.Mostert up the middle to GB 32 for 6 yards (B.Goodson).
2019,Conference Championships,SUN,01/19,Packers,49ers,1st Quarter,3,San Francisco 49ers,1,5,0,-4 Yard Pass,2nd & 4 at GB 32,06:48 1st,— J.Garoppolo pass short left to R.Mostert to GB 36 for -4 yards (D.Savage). Caught at GB 36. 0-yac
2019,Conference Championships,SUN,01/19,Packers,49ers,1st Quarter,3,San Francisco 49ers,1,6,1,Touchdown,3rd & 8 at GB 36,06:01 1st Shotgun,"— R.Mostert left tackle for 36 yards, TOUCHDOWN."
2019,Conference Championships,SUN,01/19,Packers,49ers,1st Quarter,3,San Francisco 49ers,1,7,1,Extra Point,,05:55 1st,"— R.Gould extra point is GOOD, Center-K.Nelson, Holder-M.Wishnowsky."
2019,Conference Championships,SUN,01/19,Packers,49ers,1st Quarter,4,Green Bay Packers,0,1,0,Kickoff from SF 35,,Kickoff,"— M.Wishnowsky kicks 65 yards from SF 35 to end zone, Touchback."
2019,Conference Championships,SUN,01/19,Packers,49ers,1st Quarter,4,Green Bay Packers,0,2,0,1 Yard Pass,1st & 10 at GB 25,05:55 1st Shotgun,— A.Rodgers pass short left to G.Allison to GB 26 for 1 yard (K.Williams). Caught at GB 26. 0-yac
2019,Conference Championships,SUN,01/19,Packers,49ers,1st Quarter,4,Green Bay Packers,0,3,0,13 Yard Pass,2nd & 9 at GB 26,05:19 1st,— A.Rodgers pass short left to A.Lazard pushed ob at GB 39 for 13 yards (F.Warner). Caught at GB 39. 0-yac
2019,Conference Championships,SUN,01/19,Packers,49ers,1st Quarter,4,Green Bay Packers,0,4,0,3 Yard Run,1st & 10 at GB 39,04:44 1st,— A.Jones up the middle to GB 42 for 3 yards (D.Buckner).
2019,Conference Championships,SUN,01/19,Packers,49ers,1st Quarter,4,Green Bay Packers,0,5,0,0 Yard Run,2nd & 7 at GB 42,04:00 1st,— A.Jones left guard to GB 42 for no gain (N.Bosa).
2019,Conference Championships,SUN,01/19,Packers,49ers,1st Quarter,4,Green Bay Packers,0,6,0,-13 Yard Sack,3rd & 7 at GB 42,03:17 1st Shotgun,— A.Rodgers sacked at GB 29 for -13 yards (N.Bosa).
2019,Conference Championships,SUN,01/19,Packers,49ers,1st Quarter,4,Green Bay Packers,0,7,0,Punt,4th & 20 at GB 29,02:31 1st,"— J.Scott punts 48 yards to SF 23, Center-H.Bradley. R.James Jr. ran ob at SF 49 for 26 yards (J.Jackson)."
2019,Conference Championships,SUN,01/19,Packers,49ers,2nd Quarter,1,San Francisco 49ers,1,1,0,4 Yard Run,1st & 10 at SF 49,02:16 1st,— T.Coleman left tackle to GB 47 for 4 yards (K.Clark).
2019,Conference Championships,SUN,01/19,Packers,49ers,2nd Quarter,1,San Francisco 49ers,1,2,0,15 Yard Penalty,2nd & 6 at GB 47,01:34 1st,"— J.Garoppolo pass incomplete short right to E.Sanders [K.Clark]. PENALTY on GB-K.Clark, Roughing the Passer, 15 yards, enforced at GB 47 - No Play."
2019,Conference Championships,SUN,01/19,Packers,49ers,2nd Quarter,1,San Francisco 49ers,1,3,0,4 Yard Run,1st & 10 at GB 32,01:29 1st,— T.Coleman left tackle to GB 28 for 4 yards (Z.Smith; A.Amos).
2019,Conference Championships,SUN,01/19,Packers,49ers,2nd Quarter,1,San Francisco 49ers,1,4,0,Pass Incomplete,2nd & 6 at GB 28,00:45 1st Shotgun,— J.Garoppolo pass incomplete short right to E.Sanders (K.King).
2019,Conference Championships,SUN,01/19,Packers,49ers,2nd Quarter,1,San Francisco 49ers,1,5,0,-8 Yard Sack,3rd & 6 at GB 28,00:40 1st Shotgun,— J.Garoppolo sacked at GB 36 for -8 yards (K.Fackrell).
2019,Conference Championships,SUN,01/19,Packers,49ers,2nd Quarter,1,San Francisco 49ers,1,6,1,Field Goal,4th & 14 at GB 36,15:00 2nd,"— R.Gould 54 yard field goal is GOOD, Center-K.Nelson, Holder-M.Wishnowsky."
2019,Conference Championships,SUN,01/19,Packers,49ers,2nd Quarter,2,Green Bay Packers,0,1,0,Kickoff from SF 35,,Kickoff,"— M.Wishnowsky kicks 65 yards from SF 35 to end zone, Touchback."
2019,Conference Championships,SUN,01/19,Packers,49ers,2nd Quarter,2,Green Bay Packers,0,2,0,6 Yard Run,1st & 10 at GB 25,14:55 2nd,— A.Jones left end to GB 31 for 6 yards (E.Mitchell).
2019,Conference Championships,SUN,01/19,Packers,49ers,2nd Quarter,2,Green Bay Packers,0,3,0,-2 Yard Pass,2nd & 4 at GB 31,14:08 2nd Shotgun,— A.Rodgers pass short left to A.Jones to GB 29 for -2 yards (E.Moseley). Caught at GB 25. 4-yac
2019,Conference Championships,SUN,01/19,Packers,49ers,2nd Quarter,2,Green Bay Packers,0,4,0,-10 Yard Sack,3rd & 6 at GB 29,13:24 2nd Shotgun,"— A.Rodgers sacked at GB 20 for -9 yards (K.Williams). FUMBLES (K.Williams), touched at GB 19, recovered by GB-B.Turner at GB 14."
2019,Conference Championships,SUN,01/19,Packers,49ers,2nd Quarter,2,Green Bay Packers,0,5,0,Punt,4th & 21 at GB 14,12:39 2nd,"— J.Scott punts 23 yards to GB 37, Center-H.Bradley, out of bounds."
2019,Conference Championships,SUN,01/19,Packers,49ers,2nd Quarter,3,San Francisco 49ers,1,1,0,13 Yard Run,1st & 10 at GB 37,12:32 2nd,— R.Mostert right end to GB 24 for 13 yards (D.Savage).
2019,Conference Championships,SUN,01/19,Packers,49ers,2nd Quarter,3,San Francisco 49ers,1,2,0,9 Yard Run,1st & 10 at GB 24,11:49 2nd Shotgun,— R.Mostert right tackle to GB 15 for 9 yards (J.Alexander).
2019,Conference Championships,SUN,01/19,Packers,49ers,2nd Quarter,3,San Francisco 49ers,1,3,0,0 Yard Run,2nd & 1 at GB 15,11:04 2nd Shotgun,"— R.Mostert left guard to GB 15 for no gain (K.Clark, A.Amos)."
2019,Conference Championships,SUN,01/19,Packers,49ers,2nd Quarter,3,San Francisco 49ers,1,4,0,2 Yard Run,3rd & 1 at GB 15,10:26 2nd,— J.Garoppolo up the middle to GB 13 for 2 yards (B.Martinez).
2019,Conference Championships,SUN,01/19,Packers,49ers,2nd Quarter,3,San Francisco 49ers,1,5,0,4 Yard Run,1st & 10 at GB 13,09:44 2nd,— T.Coleman left tackle to GB 9 for 4 yards (A.Amos). SF-T.Coleman was injured during the play. He is Out.
2019,Conference Championships,SUN,01/19,Packers,49ers,2nd Quarter,3,San Francisco 49ers,1,6,1,Touchdown,2nd & 6 at GB 9,09:17 2nd Shotgun,"— R.Mostert left end for 9 yards, TOUCHDOWN."
2019,Conference Championships,SUN,01/19,Packers,49ers,2nd Quarter,3,San Francisco 49ers,1,7,1,Extra Point,,09:12 2nd,"— R.Gould extra point is GOOD, Center-K.Nelson, Holder-M.Wishnowsky."
2019,Conference Championships,SUN,01/19,Packers,49ers,2nd Quarter,4,Green Bay Packers,0,1,0,Kickoff from SF 35,,Kickoff,"— M.Wishnowsky kicks 65 yards from SF 35 to end zone, Touchback."
2019,Conference Championships,SUN,01/19,Packers,49ers,2nd Quarter,4,Green Bay Packers,0,2,0,23 Yard Pass,1st & 10 at GB 25,09:12 2nd,— A.Rodgers pass deep middle to J.Kumerow to GB 48 for 23 yards (E.Moseley). Caught at GB 41. 7-yac
2019,Conference Championships,SUN,01/19,Packers,49ers,2nd Quarter,4,Green Bay Packers,0,3,0,11 Yard Run,1st & 10 at GB 48,08:30 2nd,— A.Jones up the middle to SF 41 for 11 yards (J.Tartt).
2019,Conference Championships,SUN,01/19,Packers,49ers,2nd Quarter,4,Green Bay Packers,0,4,0,7 Yard Run,1st & 10 at SF 41,07:47 2nd,— A.Jones left tackle to SF 34 for 7 yards (J.Ward).
2019,Conference Championships,SUN,01/19,Packers,49ers,2nd Quarter,4,Green Bay Packers,0,5,0,4 Yard Run,2nd & 3 at SF 34,07:03 2nd,"— A.Jones right end to SF 30 for 4 yards (R.Sherman, J.Tartt)."
2019,Conference Championships,SUN,01/19,Packers,49ers,2nd Quarter,4,Green Bay Packers,0,6,0,5 Yard Run,1st & 10 at SF 30,06:25 2nd,— A.Jones right guard to SF 25 for 5 yards (D.Buckner).
2019,Conference Championships,SUN,01/19,Packers,49ers,2nd Quarter,4,Green Bay Packers,0,7,0,Fumble,2nd & 5 at SF 25,05:45 2nd,"— A.Rodgers FUMBLES (Aborted) at SF 25, RECOVERED by SF-D.Buckner at SF 25. D.Buckner to SF 25 for no gain (J.Graham)."
2019,Conference Championships,SUN,01/19,Packers,49ers,2nd Quarter,5,San Francisco 49ers,1,1,0,6 Yard Penalty,1st & 10 at SF 25,05:39 2nd Shotgun,"— J.Garoppolo pass incomplete short left to D.Samuel. PENALTY on GB-K.King, Defensive Pass Interference, 6 yards, enforced at SF 25 - No Play."
2019,Conference Championships,SUN,01/19,Packers,49ers,2nd Quarter,5,San Francisco 49ers,1,2,0,34 Yard Run,1st & 10 at SF 31,05:35 2nd,— R.Mostert right tackle to GB 35 for 34 yards (J.Alexander).
2019,Conference Championships,SUN,01/19,Packers,49ers,2nd Quarter,5,San Francisco 49ers,1,3,0,7 Yard Run,1st & 10 at GB 35,04:57 2nd,— R.Mostert left end to GB 28 for 7 yards (T.Lancaster).
2019,Conference Championships,SUN,01/19,Packers,49ers,2nd Quarter,5,San Francisco 49ers,1,4,0,1 Yard Run,2nd & 3 at GB 28,04:20 2nd,— R.Mostert left tackle to GB 27 for 1 yard (B.Martinez).
2019,Conference Championships,SUN,01/19,Packers,49ers,2nd Quarter,5,San Francisco 49ers,1,5,0,Timeout,,03:34 2nd,— Timeout #1 by SF at 03:34.
2019,Conference Championships,SUN,01/19,Packers,49ers,2nd Quarter,5,San Francisco 49ers,1,6,0,10 Yard Run,3rd & 2 at GB 27,03:34 2nd Shotgun,— R.Mostert up the middle to GB 17 for 10 yards (A.Amos; D.Savage).
2019,Conference Championships,SUN,01/19,Packers,49ers,2nd Quarter,5,San Francisco 49ers,1,7,0,2 Yard Run,1st & 10 at GB 17,02:54 2nd,— M.Breida up the middle to GB 15 for 2 yards (B.Goodson).
2019,Conference Championships,SUN,01/19,Packers,49ers,2nd Quarter,5,San Francisco 49ers,1,8,0,Pass Incomplete,2nd & 8 at GB 15,02:13 2nd,— J.Garoppolo pass incomplete short middle to D.Samuel (K.King).
2019,Conference Championships,SUN,01/19,Packers,49ers,2nd Quarter,5,San Francisco 49ers,1,9,0,6 Yard Pass,3rd & 8 at GB 15,02:10 2nd Shotgun,— J.Garoppolo pass short left to K.Bourne to GB 9 for 6 yards (T.Williams). Caught at GB 9. 0-yac
2019,Conference Championships,SUN,01/19,Packers,49ers,2nd Quarter,5,San Francisco 49ers,1,10,1,Field Goal,4th & 2 at GB 9,02:00 2nd,"— R.Gould 27 yard field goal is GOOD, Center-K.Nelson, Holder-M.Wishnowsky."
2019,Conference Championships,SUN,01/19,Packers,49ers,2nd Quarter,6,Green Bay Packers,0,1,0,Kickoff from SF 35,,Kickoff,"— M.Wishnowsky kicks 63 yards from SF 35 to GB 2. T.Ervin MUFFS catch, and recovers at GB 2. T.Ervin to GB 8 for 6 yards (A.Witherspoon)."
2019,Conference Championships,SUN,01/19,Packers,49ers,2nd Quarter,6,Green Bay Packers,0,2,0,19 Yard Pass,1st & 10 at GB 8,01:51 2nd Shotgun,— A.Rodgers pass short middle to A.Lazard to GB 27 for 19 yards (J.Ward).
2019,Conference Championships,SUN,01/19,Packers,49ers,2nd Quarter,6,Green Bay Packers,0,3,0,-5 Yard Penalty,1st & 10 at GB 27,"01:25 2nd No Huddle, Shotgun","— PENALTY on GB-B.Bulaga, False Start, 5 yards, enforced at GB 27 - No Play."
2019,Conference Championships,SUN,01/19,Packers,49ers,2nd Quarter,6,Green Bay Packers,0,4,0,Pass Incomplete,1st & 15 at GB 22,01:12 2nd Shotgun,— A.Rodgers pass incomplete short middle to J.Williams.
2019,Conference Championships,SUN,01/19,Packers,49ers,2nd Quarter,6,Green Bay Packers,0,5,0,Interception,2nd & 15 at GB 22,01:08 2nd Shotgun,— A.Rodgers pass deep left intended for G.Allison INTERCEPTED by E.Moseley at GB 39. E.Moseley to GB 30 for 9 yards (A.Lazard).
2019,Conference Championships,SUN,01/19,Packers,49ers,2nd Quarter,7,San Francisco 49ers,1,1,0,11 Yard Run,1st & 10 at GB 30,01:01 2nd Shotgun,"— R.Mostert right tackle to GB 19 for 11 yards (I.Campbell, T.Williams)."
2019,Conference Championships,SUN,01/19,Packers,49ers,2nd Quarter,7,San Francisco 49ers,1,2,0,Timeout,,00:54 2nd,— Timeout #1 by GB at 00:54.
2019,Conference Championships,SUN,01/19,Packers,49ers,2nd Quarter,7,San Francisco 49ers,1,3,0,1 Yard Run,1st & 10 at GB 19,00:54 2nd Shotgun,— R.Mostert left tackle to GB 18 for 1 yard (B.Martinez).
2019,Conference Championships,SUN,01/19,Packers,49ers,2nd Quarter,7,San Francisco 49ers,1,4,0,Timeout,,00:50 2nd,— Timeout #2 by GB at 00:50.
2019,Conference Championships,SUN,01/19,Packers,49ers,2nd Quarter,7,San Francisco 49ers,1,5,0,Timeout,,00:50 2nd,— Timeout #2 by SF at 00:50.
2019,Conference Championships,SUN,01/19,Packers,49ers,2nd Quarter,7,San Francisco 49ers,1,6,1,Touchdown,2nd & 9 at GB 18,00:50 2nd,"— R.Mostert up the middle for 18 yards, TOUCHDOWN."
2019,Conference Championships,SUN,01/19,Packers,49ers,2nd Quarter,7,San Francisco 49ers,1,7,1,Extra Point,,00:45 2nd,"— R.Gould extra point is GOOD, Center-K.Nelson, Holder-M.Wishnowsky."
2019,Conference Championships,SUN,01/19,Packers,49ers,2nd Quarter,8,Green Bay Packers,0,1,0,Kickoff from SF 35,,Kickoff,"— M.Wishnowsky kicks 65 yards from SF 35 to end zone, Touchback."
2019,Conference Championships,SUN,01/19,Packers,49ers,2nd Quarter,8,Green Bay Packers,0,2,0,-1 Yard Pass,1st & 10 at GB 25,00:45 2nd Shotgun,— A.Rodgers pass short right to J.Williams to GB 24 for -1 yards (K.Williams). Caught at GB 20. 4-yac
2019,Conference Championships,SUN,01/19,Packers,49ers,2nd Quarter,8,Green Bay Packers,0,3,0,Pass Incomplete,2nd & 11 at GB 24,"00:23 2nd No Huddle, Shotgun","— A.Rodgers pass incomplete short right. Penalty on GB-C.Linsley, Ineligible Downfield Pass, declined."
2019,Conference Championships,SUN,01/19,Packers,49ers,2nd Quarter,8,Green Bay Packers,0,4,0,2 Yard Run,3rd & 11 at GB 24,00:19 2nd Shotgun,— J.Williams up the middle to GB 26 for 2 yards (D.Ford).
2019,Conference Championships,SUN,01/19,Packers,49ers,2nd Quarter,8,Green Bay Packers,0,5,0,Timeout,,00:14 2nd,— Timeout #3 by SF at 00:14.
2019,Conference Championships,SUN,01/19,Packers,49ers,2nd Quarter,8,Green Bay Packers,0,6,0,Punt,4th & 9 at GB 26,00:14 2nd,"— J.Scott punts 62 yards to SF 12, Center-H.Bradley, downed by GB-W.Redmond."
2019,Conference Championships,SUN,01/19,Packers,49ers,3rd Quarter,1,Green Bay Packers,1,1,0,Kickoff from SF 35,,Kickoff,"— M.Wishnowsky kicks 65 yards from SF 35 to end zone, Touchback."
2019,Conference Championships,SUN,01/19,Packers,49ers,3rd Quarter,1,Green Bay Packers,1,2,0,16 Yard Pass,1st & 10 at GB 25,15:00 3rd,— A.Rodgers pass deep left to D.Adams pushed ob at GB 41 for 16 yards (K.Williams). Caught at GB 41. 0-yac
2019,Conference Championships,SUN,01/19,Packers,49ers,3rd Quarter,1,Green Bay Packers,1,3,0,Pass Incomplete,1st & 10 at GB 41,14:36 3rd Shotgun,— A.Rodgers pass incomplete deep left to D.Adams.
2019,Conference Championships,SUN,01/19,Packers,49ers,3rd Quarter,1,Green Bay Packers,1,4,0,14 Yard Pass,2nd & 10 at GB 41,14:33 3rd Shotgun,— A.Rodgers pass short right to D.Adams pushed ob at SF 45 for 14 yards (J.Tartt). Caught at GB 40. 15-yac
2019,Conference Championships,SUN,01/19,Packers,49ers,3rd Quarter,1,Green Bay Packers,1,5,0,8 Yard Pass,1st & 10 at SF 45,14:00 3rd,— A.Rodgers pass short middle to A.Jones to SF 37 for 8 yards (F.Warner). Caught at SF 43. 6-yac
2019,Conference Championships,SUN,01/19,Packers,49ers,3rd Quarter,1,Green Bay Packers,1,6,0,3 Yard Run,2nd & 2 at SF 37,13:11 3rd,— A.Jones right tackle to SF 34 for 3 yards (D.Greenlaw; J.Tartt).
2019,Conference Championships,SUN,01/19,Packers,49ers,3rd Quarter,1,Green Bay Packers,1,7,0,2 Yard Pass,1st & 10 at SF 34,12:30 3rd,— A.Rodgers pass short left to J.Graham pushed ob at SF 32 for 2 yards (D.Greenlaw). Caught at SF 37. 5-yac
2019,Conference Championships,SUN,01/19,Packers,49ers,3rd Quarter,1,Green Bay Packers,1,8,0,4 Yard Pass,2nd & 8 at SF 32,11:52 3rd Shotgun,— A.Rodgers pass short left to D.Adams to SF 28 for 4 yards (A.Zettel; J.Ward). Caught at SF 32. 4-yac
2019,Conference Championships,SUN,01/19,Packers,49ers,3rd Quarter,1,Green Bay Packers,1,9,0,6 Yard Pass,3rd & 4 at SF 28,11:10 3rd Shotgun,— A.Rodgers pass short left to A.Jones to SF 22 for 6 yards (D.Greenlaw). Caught at 27. 5-yac
2019,Conference Championships,SUN,01/19,Packers,49ers,3rd Quarter,1,Green Bay Packers,1,10,0,-5 Yard Penalty,1st & 10 at SF 22,10:33 3rd Shotgun,"— PENALTY on GB-R.Tonyan, False Start, 5 yards, enforced at SF 22 - No Play."
2019,Conference Championships,SUN,01/19,Packers,49ers,3rd Quarter,1,Green Bay Packers,1,11,0,7 Yard Pass,1st & 15 at SF 27,10:09 3rd Shotgun,"— A.Rodgers pass short right to G.Allison to SF 20 for 7 yards (K.Williams, R.Sherman). Caught at SF 21. 1-yac"
2019,Conference Championships,SUN,01/19,Packers,49ers,3rd Quarter,1,Green Bay Packers,1,12,0,11 Yard Pass,2nd & 8 at SF 20,09:30 3rd,— A.Rodgers pass short middle to M.Lewis to SF 9 for 11 yards (A.Armstead). Caught at SF 22. 13-yac
2019,Conference Championships,SUN,01/19,Packers,49ers,3rd Quarter,1,Green Bay Packers,1,13,1,Touchdown,1st & 9 at SF 9,08:49 3rd Shotgun,"— A.Rodgers pass short right to A.Jones for 9 yards, TOUCHDOWN. Caught at SF 13. 13-yac"
2019,Conference Championships,SUN,01/19,Packers,49ers,3rd Quarter,1,Green Bay Packers,1,14,1,Extra Point,,08:44 3rd,"— M.Crosby extra point is GOOD, Center-H.Bradley, Holder-J.Scott."
2019,Conference Championships,SUN,01/19,Packers,49ers,3rd Quarter,2,San Francisco 49ers,1,1,0,Kickoff from GB 35,,Kickoff,— M.Crosby kicks 62 yards from GB 35 to SF 3. R.James Jr. to SF 21 for 18 yards (W.Redmond).
2019,Conference Championships,SUN,01/19,Packers,49ers,3rd Quarter,2,San Francisco 49ers,1,2,0,7 Yard Run,1st & 10 at SF 21,08:40 3rd,— R.Mostert left end to SF 28 for 7 yards (K.King).
2019,Conference Championships,SUN,01/19,Packers,49ers,3rd Quarter,2,San Francisco 49ers,1,3,0,5 Yard Run,2nd & 3 at SF 28,08:03 3rd,— R.Mostert right end to SF 33 for 5 yards (J.Alexander).
2019,Conference Championships,SUN,01/19,Packers,49ers,3rd Quarter,2,San Francisco 49ers,1,4,0,11 Yard Run,1st & 10 at SF 33,07:18 3rd,"— D.Samuel left end pushed ob at SF 44 for 11 yards (D.Savage, B.Martinez). GB-J.Alexander was injured during the play. He is Out."
2019,Conference Championships,SUN,01/19,Packers,49ers,3rd Quarter,2,San Francisco 49ers,1,5,0,2 Yard Run,1st & 10 at SF 44,06:41 3rd Shotgun,— R.Mostert up the middle to SF 46 for 2 yards (K.Fackrell).
2019,Conference Championships,SUN,01/19,Packers,49ers,3rd Quarter,2,San Francisco 49ers,1,6,0,32 Yard Run,2nd & 8 at SF 46,06:07 3rd,— D.Samuel right end to GB 22 for 32 yards (D.Lowry).
2019,Conference Championships,SUN,01/19,Packers,49ers,3rd Quarter,2,San Francisco 49ers,1,7,0,0 Yard Run,1st & 10 at GB 22,05:21 3rd,— R.Mostert left end to GB 22 for no gain (Z.Smith). GB-Z.Smith was injured during the play.
2019,Conference Championships,SUN,01/19,Packers,49ers,3rd Quarter,2,San Francisco 49ers,1,8,1,Touchdown,2nd & 10 at GB 22,04:56 3rd,"— R.Mostert left end for 22 yards, TOUCHDOWN."
2019,Conference Championships,SUN,01/19,Packers,49ers,3rd Quarter,2,San Francisco 49ers,1,9,1,Extra Point,,04:49 3rd,"— R.Gould extra point is GOOD, Center-K.Nelson, Holder-M.Wishnowsky."
2019,Conference Championships,SUN,01/19,Packers,49ers,4th Quarter,1,Green Bay Packers,1,1,0,Kickoff from SF 35,,Kickoff,"— M.Wishnowsky kicks 65 yards from SF 35 to end zone, Touchback."
2019,Conference Championships,SUN,01/19,Packers,49ers,4th Quarter,1,Green Bay Packers,1,2,0,7 Yard Pass,1st & 10 at GB 25,04:49 3rd,— A.Rodgers pass short left to T.Ervin pushed ob at GB 32 for 7 yards (J.Tartt). Caught t GB 20. 12-yac
2019,Conference Championships,SUN,01/19,Packers,49ers,4th Quarter,1,Green Bay Packers,1,3,0,5 Yard Pass,2nd & 3 at GB 32,04:13 3rd Shotgun,— A.Rodgers pass short left to J.Sternberger to GB 37 for 5 yards (D.Greenlaw). Caught at GB 34. 3-yac
2019,Conference Championships,SUN,01/19,Packers,49ers,4th Quarter,1,Green Bay Packers,1,4,0,Pass Incomplete,1st & 10 at GB 37,03:31 3rd Shotgun,— A.Rodgers pass incomplete deep middle to J.Graham (F.Warner).
2019,Conference Championships,SUN,01/19,Packers,49ers,4th Quarter,1,Green Bay Packers,1,5,0,3 Yard Run,2nd & 10 at GB 37,03:26 3rd Shotgun,— A.Jones left guard to GB 40 for 3 yards (D.Greenlaw).
2019,Conference Championships,SUN,01/19,Packers,49ers,4th Quarter,1,Green Bay Packers,1,6,0,5 Yard Penalty,3rd & 7 at GB 40,02:43 3rd Shotgun,"— A.Rodgers pass short middle to A.Jones to GB 46 for 6 yards (K.Williams). PENALTY on SF-D.Ford, Illegal Use of Hands, 5 yards, enforced at GB 40 - No Play."
2019,Conference Championships,SUN,01/19,Packers,49ers,4th Quarter,1,Green Bay Packers,1,7,0,-10 Yard Penalty,1st & 10 at GB 45,02:24 3rd Shotgun,"— A.Jones left tackle to 50 for 5 yards (D.Greenlaw, E.Moseley). PENALTY on GB-E.Jenkins, Offensive Holding, 10 yards, enforced at GB 45 - No Play."
2019,Conference Championships,SUN,01/19,Packers,49ers,4th Quarter,1,Green Bay Packers,1,8,0,2 Yard Pass,1st & 20 at GB 35,01:59 3rd Shotgun,"— A.Rodgers pass short right to D.Adams to GB 37 for 2 yards (D.Buckner, F.Warner). Caught at GB 34. 3-yac"
2019,Conference Championships,SUN,01/19,Packers,49ers,4th Quarter,1,Green Bay Packers,1,9,0,6 Yard Pass,2nd & 18 at GB 37,01:26 3rd Shotgun,"— A.Rodgers pass short left to D.Adams to GB 43 for 6 yards (E.Moseley, F.Warner). Caught at GB 42. 1-yac"
2019,Conference Championships,SUN,01/19,Packers,49ers,4th Quarter,1,Green Bay Packers,1,10,0,10 Yard Pass,3rd & 12 at GB 43,00:39 3rd Shotgun,— A.Rodgers pass short right to J.Graham to SF 47 for 10 yards (N.Bosa; F.Warner). SF-D.Greenlaw was injured during the play. Caught at GB 45. 8-yac
2019,Conference Championships,SUN,01/19,Packers,49ers,4th Quarter,1,Green Bay Packers,1,11,0,4 Yard Pass,4th & 2 at SF 47,00:05 3rd Shotgun,— A.Rodgers pass short middle to A.Lazard to SF 43 for 4 yards (K.Williams). SF-K.Williams was injured during the play. Caught at SF 43. 0-yac
2019,Conference Championships,SUN,01/19,Packers,49ers,4th Quarter,1,Green Bay Packers,1,12,0,42 Yard Pass,1st & 10 at SF 43,15:00 4th Shotgun,"— A.Rodgers pass deep right to J.Graham for 43 yards, TOUCHDOWN. Caught at SF 16. 16-yac The Replay Official reviewed the runner broke the plane ruling, and the play was REVERSED. (Shotgun) A.Rodgers pass deep right to J.Graham to SF 1 for 42 yards (J.Ward). Caught at SF 16. 15-yac"
2019,Conference Championships,SUN,01/19,Packers,49ers,4th Quarter,1,Green Bay Packers,1,13,1,Touchdown,1st & 1 at SF 1,14:45 4th,"— A.Jones up the middle for 1 yard, TOUCHDOWN."
2019,Conference Championships,SUN,01/19,Packers,49ers,4th Quarter,1,Green Bay Packers,1,14,0,2PT Conversion Fails,,14:35 4th,— TWO-POINT CONVERSION ATTEMPT. A.Rodgers pass to D.Adams is incomplete. ATTEMPT FAILS.
2019,Conference Championships,SUN,01/19,Packers,49ers,4th Quarter,2,San Francisco 49ers,0,1,0,Kickoff from GB 35,,Kickoff,— M.Crosby kicks onside 13 yards from GB 35 to GB 48. M.Nzeocha (didn't try to advance) to GB 48 for no gain.
2019,Conference Championships,SUN,01/19,Packers,49ers,4th Quarter,2,San Francisco 49ers,0,2,0,4 Yard Run,1st & 10 at GB 48,14:34 4th,— R.Mostert right end to GB 44 for 4 yards (W.Redmond).
2019,Conference Championships,SUN,01/19,Packers,49ers,4th Quarter,2,San Francisco 49ers,0,3,0,3 Yard Run,2nd & 6 at GB 44,13:52 4th,— R.Mostert right end to GB 41 for 3 yards (K.Keke; Z.Smith).
2019,Conference Championships,SUN,01/19,Packers,49ers,4th Quarter,2,San Francisco 49ers,0,4,0,2 Yard Run,3rd & 3 at GB 41,13:05 4th Shotgun,— R.Mostert up the middle to GB 39 for 2 yards (P.Smith).
2019,Conference Championships,SUN,01/19,Packers,49ers,4th Quarter,2,San Francisco 49ers,0,5,0,Punt,4th & 6 at GB 44,11:32 4th,"— M.Wishnowsky punts 36 yards to GB 8, Center-K.Nelson, fair catch by T.Ervin."
2019,Conference Championships,SUN,01/19,Packers,49ers,4th Quarter,3,Green Bay Packers,1,1,0,5 Yard Pass,1st & 10 at GB 8,11:25 4th Shotgun,"— A.Rodgers pass short right to J.Graham to GB 13 for 5 yards (R.Sherman, J.Tartt). Caught at GB 8. 5-yac"
2019,Conference Championships,SUN,01/19,Packers,49ers,4th Quarter,3,Green Bay Packers,1,2,0,Pass Incomplete,2nd & 5 at GB 13,10:55 4th Shotgun,— A.Rodgers pass incomplete short left.
2019,Conference Championships,SUN,01/19,Packers,49ers,4th Quarter,3,Green Bay Packers,1,3,0,65 Yard Pass,3rd & 5 at GB 13,10:48 4th Shotgun,— A.Rodgers pass deep right to D.Adams to SF 22 for 65 yards (J.Tartt). Caught at SF 44. 22-yac
2019,Conference Championships,SUN,01/19,Packers,49ers,4th Quarter,3,Green Bay Packers,1,4,0,0 Yard Run,1st & 10 at SF 22,10:01 4th,— J.Williams right end to SF 22 for no gain (S.Thomas).
2019,Conference Championships,SUN,01/19,Packers,49ers,4th Quarter,3,Green Bay Packers,1,5,0,8 Yard Pass,2nd & 10 at SF 22,09:28 4th Shotgun,— A.Rodgers pass short left to D.Adams ran ob at SF 14 for 8 yards. Caught at SF 15. 1-yac
2019,Conference Championships,SUN,01/19,Packers,49ers,4th Quarter,3,Green Bay Packers,1,6,0,6 Yard Pass,3rd & 2 at SF 14,08:57 4th,— A.Rodgers pass short left to A.Jones pushed ob at SF 8 for 6 yards (N.Bosa; F.Warner). Caught at SF 20. 12-yac
2019,Conference Championships,SUN,01/19,Packers,49ers,4th Quarter,3,Green Bay Packers,1,7,1,Touchdown,1st & 8 at SF 8,08:21 4th Shotgun,"— A.Rodgers pass short right to J.Sternberger for 8 yards, TOUCHDOWN."
2019,Conference Championships,SUN,01/19,Packers,49ers,4th Quarter,3,Green Bay Packers,1,8,1,Extra Point,,08:13 4th,"— M.Crosby extra point is GOOD, Center-H.Bradley, Holder-J.Scott."
2019,Conference Championships,SUN,01/19,Packers,49ers,4th Quarter,4,San Francisco 49ers,1,1,0,Kickoff from GB 35,,Kickoff,— M.Crosby kicks 49 yards from GB 35 to SF 16. R.James Jr. ran ob at SF 27 for 11 yards (I.Campbell).
2019,Conference Championships,SUN,01/19,Packers,49ers,4th Quarter,4,San Francisco 49ers,1,2,0,19 Yard Pass,1st & 10 at SF 27,08:10 4th Shotgun,— J.Garoppolo pass short left to G.Kittle to SF 46 for 19 yards (B.Martinez; D.Savage). Caught at SF 30. 16-yac
2019,Conference Championships,SUN,01/19,Packers,49ers,4th Quarter,4,San Francisco 49ers,1,3,0,5 Yard Run,1st & 10 at SF 46,07:24 4th,— R.Mostert right end to GB 49 for 5 yards (B.Martinez; D.Savage).
2019,Conference Championships,SUN,01/19,Packers,49ers,4th Quarter,4,San Francisco 49ers,1,4,0,2 Yard Run,2nd & 5 at GB 49,06:40 4th,— R.Mostert left end to GB 47 for 2 yards (B.Goodson).
2019,Conference Championships,SUN,01/19,Packers,49ers,4th Quarter,4,San Francisco 49ers,1,5,0,5 Yard Penalty,3rd & 3 at GB 47,05:56 4th Shotgun,"— J.Garoppolo pass incomplete short left to G.Kittle. PENALTY on GB-W.Redmond, Defensive Pass Interference, 5 yards, enforced at GB 47 - No Play."
2019,Conference Championships,SUN,01/19,Packers,49ers,4th Quarter,4,San Francisco 49ers,1,6,0,-1 Yard Run,1st & 10 at GB 42,05:53 4th,— R.Mostert up the middle to GB 43 for -1 yards (B.Goodson).
2019,Conference Championships,SUN,01/19,Packers,49ers,4th Quarter,4,San Francisco 49ers,1,7,0,Timeout,,05:47 4th,— Timeout #1 by GB at 05:47.
2019,Conference Championships,SUN,01/19,Packers,49ers,4th Quarter,4,San Francisco 49ers,1,8,0,10 Yard Pass,2nd & 11 at GB 43,05:47 4th Shotgun,"— J.Garoppolo pass short right to R.Mostert to GB 32 for 11 yards (B.Martinez). Green Bay challenged the first down ruling, and the play was REVERSED. (Shotgun) J.Garoppolo pass short right to R.Mostert to GB 33 for 10 yards (B.Martinez). Caught at GB 47. 14-yac"
2019,Conference Championships,SUN,01/19,Packers,49ers,4th Quarter,4,San Francisco 49ers,1,9,0,2 Yard Run,3rd & 1 at GB 33,05:23 4th Shotgun,— R.Mostert left end to GB 31 for 2 yards (B.Martinez).
2019,Conference Championships,SUN,01/19,Packers,49ers,4th Quarter,4,San Francisco 49ers,1,10,0,Timeout,,05:13 4th,— Timeout #3 by GB at 05:13.
2019,Conference Championships,SUN,01/19,Packers,49ers,4th Quarter,4,San Francisco 49ers,1,11,0,2 Yard Run,1st & 10 at GB 31,05:13 4th,— R.Mostert left end to GB 29 for 2 yards (B.Martinez).
2019,Conference Championships,SUN,01/19,Packers,49ers,4th Quarter,4,San Francisco 49ers,1,12,0,Timeout,,05:08 4th,— Timeout #3 by GB at 05:08.
2019,Conference Championships,SUN,01/19,Packers,49ers,4th Quarter,4,San Francisco 49ers,1,13,0,6 Yard Run,2nd & 8 at GB 29,05:08 4th,— R.Mostert up the middle to GB 23 for 6 yards (K.Keke).
2019,Conference Championships,SUN,01/19,Packers,49ers,4th Quarter,4,San Francisco 49ers,1,14,0,-1 Yard Run,3rd & 2 at GB 23,04:22 4th Shotgun,— R.Mostert right guard to GB 24 for -1 yards (K.Keke).
2019,Conference Championships,SUN,01/19,Packers,49ers,4th Quarter,4,San Francisco 49ers,1,15,0,Timeout,,03:36 4th,— Timeout #1 by SF at 03:36.
2019,Conference Championships,SUN,01/19,Packers,49ers,4th Quarter,4,San Francisco 49ers,1,16,1,Field Goal,4th & 3 at GB 24,03:36 4th,"— R.Gould 42 yard field goal is GOOD, Center-K.Nelson, Holder-M.Wishnowsky."
2019,Conference Championships,SUN,01/19,Packers,49ers,4th Quarter,5,Green Bay Packers,0,1,0,Kickoff from SF 35,,Kickoff,— M.Wishnowsky kicks 63 yards from SF 35 to GB 2. T.Ervin to GB 25 for 23 yards (E.Lee; A.Witherspoon).
2019,Conference Championships,SUN,01/19,Packers,49ers,4th Quarter,5,Green Bay Packers,0,2,0,4 Yard Run,1st & 10 at GB 25,03:26 4th Shotgun,— J.Williams up the middle to GB 29 for 4 yards (A.Armstead).
2019,Conference Championships,SUN,01/19,Packers,49ers,4th Quarter,5,Green Bay Packers,0,3,0,-7 Yard Sack,2nd & 6 at GB 29,"03:01 4th No Huddle, Shotgun","— A.Rodgers sacked at GB 20 for -9 yards (A.Armstead). FUMBLES (A.Armstead) [A.Armstead], recovered by GB-B.Turner at GB 22. B.Turner to GB 22 for no gain (K.Alexander)."
2019,Conference Championships,SUN,01/19,Packers,49ers,4th Quarter,5,Green Bay Packers,0,4,0,Pass Incomplete,3rd & 13 at GB 22,02:15 4th Shotgun,— A.Rodgers pass incomplete deep right to A.Lazard.
2019,Conference Championships,SUN,01/19,Packers,49ers,4th Quarter,5,Green Bay Packers,0,5,0,Timeout,,02:08 4th,— Timeout #2 by SF at 02:08.
2019,Conference Championships,SUN,01/19,Packers,49ers,4th Quarter,5,Green Bay Packers,0,6,0,16 Yard Pass,4th & 13 at GB 22,02:08 4th Shotgun,— A.Rodgers pass deep left to D.Adams to GB 38 for 16 yards (K.Williams). Caught at GB 38. 0-yac
2019,Conference Championships,SUN,01/19,Packers,49ers,4th Quarter,5,Green Bay Packers,0,7,0,Interception,1st & 10 at GB 38,01:59 4th Shotgun,— A.Rodgers pass deep middle intended for D.Adams INTERCEPTED by R.Sherman at SF 4. R.Sherman to SF 7 for 3 yards.
2019,Conference Championships,SUN,01/19,Packers,49ers,4th Quarter,6,San Francisco 49ers,0,1,0,-1 Yard Run,1st & 10 at SF 7,01:48 4th,— J.Garoppolo kneels to SF 6 for -1 yards.
2019,Conference Championships,SUN,01/19,Packers,49ers,4th Quarter,6,San Francisco 49ers,0,2,0,-1 Yard Run,2nd & 11 at SF 6,01:06 4th,— J.Garoppolo kneels to SF 5 for -1 yards.
2019,Conference Championships,SUN,01/19,Packers,49ers,4th Quarter,6,San Francisco 49ers,0,3,0,-1 Yard Run,3rd & 12 at SF 5,00:34 4th,— J.Garoppolo kneels to SF 4 for -1 yards.
