Season,Week,Day,Date,AwayTeam,HomeTeam,Quarter,DriveNumber,TeamWithPossession,IsScoringDrive,PlayNumberInDrive,IsScoringPlay,PlayOutcome,PlayStart,PlayTimeFormation,PlayDescription
2020,Conference Championships,SUN,01/24,Buccaneers,Packers,1st Quarter,1,Tampa Bay Buccaneers,1,1,0,Kickoff from GB 35,,Kickoff,— M.Crosby kicks 60 yards from GB 35 to TB 5. J.Mickens to TB 34 for 29 yards (C.Sullivan).
2020,Conference Championships,SUN,01/24,Buccaneers,Packers,1st Quarter,1,Tampa Bay Buccaneers,1,2,0,3 Yard Run,1st & 10 at TB 34,14:51 1st,"— L.Fournette right guard to TB 37 for 3 yards (K.Clark, J.Alexander)."
2020,Conference Championships,SUN,01/24,Buccaneers,Packers,1st Quarter,1,Tampa Bay Buccaneers,1,3,0,3 Yard Run,2nd & 7 at TB 37,14:21 1st,— J.Haeg reported in as eligible. L.Fournette up the middle to TB 40 for 3 yards (T.Lancaster; K.Martin).
2020,Conference Championships,SUN,01/24,Buccaneers,Packers,1st Quarter,1,Tampa Bay Buccaneers,1,4,0,27 Yard Pass,3rd & 4 at TB 40,13:38 1st Shotgun,— T.Brady pass deep left to M.Evans to GB 33 for 27 yards (C.Sullivan).
2020,Conference Championships,SUN,01/24,Buccaneers,Packers,1st Quarter,1,Tampa Bay Buccaneers,1,5,0,1 Yard Run,1st & 10 at GB 33,12:53 1st,— L.Fournette left tackle to GB 32 for 1 yard (R.Gary).
2020,Conference Championships,SUN,01/24,Buccaneers,Packers,1st Quarter,1,Tampa Bay Buccaneers,1,6,0,Pass Incomplete,2nd & 9 at GB 32,12:16 1st Shotgun,— T.Brady pass incomplete short right to L.Fournette.
2020,Conference Championships,SUN,01/24,Buccaneers,Packers,1st Quarter,1,Tampa Bay Buccaneers,1,7,0,14 Yard Pass,3rd & 9 at GB 32,12:13 1st Shotgun,— T.Brady pass short right to C.Godwin pushed ob at GB 18 for 14 yards (C.Sullivan).
2020,Conference Championships,SUN,01/24,Buccaneers,Packers,1st Quarter,1,Tampa Bay Buccaneers,1,8,0,3 Yard Run,1st & 10 at GB 18,11:47 1st Shotgun,— L.Fournette right guard to GB 15 for 3 yards (C.Kirksey; D.Lowry).
2020,Conference Championships,SUN,01/24,Buccaneers,Packers,1st Quarter,1,Tampa Bay Buccaneers,1,9,0,Pass Incomplete,2nd & 7 at GB 15,11:08 1st Shotgun,— T.Brady pass incomplete short right to L.Fournette.
2020,Conference Championships,SUN,01/24,Buccaneers,Packers,1st Quarter,1,Tampa Bay Buccaneers,1,10,1,Touchdown,3rd & 7 at GB 15,11:04 1st Shotgun,"— T.Brady pass short left to M.Evans for 15 yards, TOUCHDOWN."
2020,Conference Championships,SUN,01/24,Buccaneers,Packers,1st Quarter,1,Tampa Bay Buccaneers,1,11,1,Extra Point,,10:59 1st,"— R.Succop extra point is GOOD, Center-Z.Triner, Holder-B.Pinion."
2020,Conference Championships,SUN,01/24,Buccaneers,Packers,1st Quarter,2,Green Bay Packers,0,1,0,Kickoff from TB 35,,Kickoff,"— B.Pinion kicks 65 yards from TB 35 to end zone, Touchback."
2020,Conference Championships,SUN,01/24,Buccaneers,Packers,1st Quarter,2,Green Bay Packers,0,2,0,3 Yard Run,1st & 10 at GB 25,10:59 1st Shotgun,"— J.Williams right tackle to GB 28 for 3 yards (J.Whitehead, L.David)."
2020,Conference Championships,SUN,01/24,Buccaneers,Packers,1st Quarter,2,Green Bay Packers,0,3,0,14 Yard Pass,2nd & 7 at GB 28,10:25 1st Shotgun,— A.Rodgers pass short middle to M.Lewis to GB 42 for 14 yards (D.White).
2020,Conference Championships,SUN,01/24,Buccaneers,Packers,1st Quarter,2,Green Bay Packers,0,4,0,1 Yard Run,1st & 10 at GB 42,09:44 1st Shotgun,— A.Jones up the middle to GB 43 for 1 yard (D.White).
2020,Conference Championships,SUN,01/24,Buccaneers,Packers,1st Quarter,2,Green Bay Packers,0,5,0,0 Yard Pass,2nd & 9 at GB 43,09:07 1st Shotgun,— A.Rodgers pass short right to A.Jones to GB 43 for no gain (J.Pierre-Paul).
2020,Conference Championships,SUN,01/24,Buccaneers,Packers,1st Quarter,2,Green Bay Packers,0,6,0,-8 Yard Sack,3rd & 9 at GB 43,08:23 1st Shotgun,— A.Rodgers sacked at GB 35 for -8 yards (S.Barrett).
2020,Conference Championships,SUN,01/24,Buccaneers,Packers,1st Quarter,2,Green Bay Packers,0,7,0,Punt,4th & 17 at GB 35,07:41 1st,"— J.Scott punts 38 yards to TB 27, Center-H.Bradley, downed by GB-K.Russell."
2020,Conference Championships,SUN,01/24,Buccaneers,Packers,1st Quarter,3,Tampa Bay Buccaneers,0,1,0,4 Yard Run,1st & 10 at TB 27,07:33 1st,— R.Jones left end to TB 31 for 4 yards (K.Barnes).
2020,Conference Championships,SUN,01/24,Buccaneers,Packers,1st Quarter,3,Tampa Bay Buccaneers,0,2,0,5 Yard Pass,2nd & 6 at TB 31,06:56 1st Shotgun,— T.Brady pass short left to C.Brate to TB 36 for 5 yards (A.Amos).
2020,Conference Championships,SUN,01/24,Buccaneers,Packers,1st Quarter,3,Tampa Bay Buccaneers,0,3,0,2 Yard Run,3rd & 1 at TB 36,06:23 1st,— R.Jones right guard to TB 38 for 2 yards (K.Clark).
2020,Conference Championships,SUN,01/24,Buccaneers,Packers,1st Quarter,3,Tampa Bay Buccaneers,0,4,0,0 Yard Run,1st & 10 at TB 38,05:48 1st,— R.Jones right guard to TB 38 for no gain (T.Lancaster).
2020,Conference Championships,SUN,01/24,Buccaneers,Packers,1st Quarter,3,Tampa Bay Buccaneers,0,5,0,-3 Yard Pass,2nd & 10 at TB 38,05:13 1st,— T.Brady pass short left to S.Miller to TB 35 for -3 yards (K.King).
2020,Conference Championships,SUN,01/24,Buccaneers,Packers,1st Quarter,3,Tampa Bay Buccaneers,0,6,0,14 Yard Pass,3rd & 13 at TB 35,04:34 1st Shotgun,— T.Brady pass short right to C.Godwin to TB 49 for 14 yards (P.Smith).
2020,Conference Championships,SUN,01/24,Buccaneers,Packers,1st Quarter,3,Tampa Bay Buccaneers,0,7,0,Pass Incomplete,1st & 10 at TB 49,03:54 1st,— J.Haeg reported in as eligible. T.Brady pass incomplete deep right to C.Godwin (J.Alexander).
2020,Conference Championships,SUN,01/24,Buccaneers,Packers,1st Quarter,3,Tampa Bay Buccaneers,0,8,0,Pass Incomplete,2nd & 10 at TB 49,03:48 1st Shotgun,— T.Brady pass incomplete deep right to T.Johnson.
2020,Conference Championships,SUN,01/24,Buccaneers,Packers,1st Quarter,3,Tampa Bay Buccaneers,0,9,0,-5 Yard Sack,3rd & 10 at TB 49,03:42 1st Shotgun,— T.Brady sacked at TB 44 for -5 yards (K.Clark).
2020,Conference Championships,SUN,01/24,Buccaneers,Packers,1st Quarter,3,Tampa Bay Buccaneers,0,10,0,Punt,4th & 15 at TB 44,02:56 1st,"— B.Pinion punts 46 yards to GB 10, Center-Z.Triner, fair catch by T.Austin."
2020,Conference Championships,SUN,01/24,Buccaneers,Packers,2nd Quarter,1,Green Bay Packers,1,1,0,2 Yard Pass,1st & 10 at GB 10,02:49 1st Shotgun,"— A.Rodgers pass short left to R.Tonyan pushed ob at GB 12 for 2 yards (J.Dean, D.White)."
2020,Conference Championships,SUN,01/24,Buccaneers,Packers,2nd Quarter,1,Green Bay Packers,1,2,0,-7 Yard Sack,2nd & 8 at GB 12,"02:29 1st No Huddle, Shotgun",— A.Rodgers sacked at GB 5 for -7 yards (J.Pierre-Paul).
2020,Conference Championships,SUN,01/24,Buccaneers,Packers,2nd Quarter,1,Green Bay Packers,1,3,0,23 Yard Pass,3rd & 15 at GB 5,01:42 1st Shotgun,— A.Rodgers pass deep right to A.Lazard pushed ob at GB 28 for 23 yards (S.Murphy-Bunting).
2020,Conference Championships,SUN,01/24,Buccaneers,Packers,2nd Quarter,1,Green Bay Packers,1,4,0,15 Yard Pass,1st & 10 at GB 28,01:09 1st,— A.Rodgers pass short left to D.Adams ran ob at GB 43 for 15 yards (D.White).
2020,Conference Championships,SUN,01/24,Buccaneers,Packers,2nd Quarter,1,Green Bay Packers,1,5,0,5 Yard Pass,1st & 10 at GB 43,00:32 1st,— A.Rodgers pass short left to R.Tonyan to GB 48 for 5 yards (S.Murphy-Bunting).
2020,Conference Championships,SUN,01/24,Buccaneers,Packers,2nd Quarter,1,Green Bay Packers,1,6,0,2 Yard Run,2nd & 5 at GB 48,15:00 2nd Shotgun,— A.Jones left guard to 50 for 2 yards (S.McLendon).
2020,Conference Championships,SUN,01/24,Buccaneers,Packers,2nd Quarter,1,Green Bay Packers,1,7,1,Touchdown,3rd & 3 at 50,14:15 2nd Shotgun,"— A.Rodgers pass deep right to M.Valdes-Scantling for 50 yards, TOUCHDOWN."
2020,Conference Championships,SUN,01/24,Buccaneers,Packers,2nd Quarter,1,Green Bay Packers,1,8,1,Extra Point,,14:07 2nd,"— M.Crosby extra point is GOOD, Center-H.Bradley, Holder-J.Scott."
2020,Conference Championships,SUN,01/24,Buccaneers,Packers,2nd Quarter,2,Tampa Bay Buccaneers,1,1,0,Kickoff from GB 35,,Kickoff,— M.Crosby kicks 60 yards from GB 35 to TB 5. J.Mickens to TB 27 for 22 yards (R.Ramsey; E.St. Brown).
2020,Conference Championships,SUN,01/24,Buccaneers,Packers,2nd Quarter,2,Tampa Bay Buccaneers,1,2,0,1 Yard Run,1st & 10 at TB 27,14:02 2nd,— R.Jones left tackle to TB 28 for 1 yard (K.Clark).
2020,Conference Championships,SUN,01/24,Buccaneers,Packers,2nd Quarter,2,Tampa Bay Buccaneers,1,3,0,Pass Incomplete,2nd & 9 at TB 28,13:23 2nd Shotgun,— T.Brady pass incomplete short middle to C.Godwin.
2020,Conference Championships,SUN,01/24,Buccaneers,Packers,2nd Quarter,2,Tampa Bay Buccaneers,1,4,0,52 Yard Pass,3rd & 9 at TB 28,13:20 2nd Shotgun,— T.Brady pass deep middle to C.Godwin to GB 20 for 52 yards (J.Alexander).
2020,Conference Championships,SUN,01/24,Buccaneers,Packers,2nd Quarter,2,Tampa Bay Buccaneers,1,5,1,Touchdown,1st & 10 at GB 20,12:33 2nd,"— J.Haeg reported in as eligible. L.Fournette right end for 20 yards, TOUCHDOWN."
2020,Conference Championships,SUN,01/24,Buccaneers,Packers,2nd Quarter,2,Tampa Bay Buccaneers,1,6,1,Extra Point,,12:24 2nd,"— R.Succop extra point is GOOD, Center-Z.Triner, Holder-B.Pinion."
2020,Conference Championships,SUN,01/24,Buccaneers,Packers,2nd Quarter,3,Green Bay Packers,1,1,0,Kickoff from TB 35,,Kickoff,"— B.Pinion kicks 65 yards from TB 35 to GB 0. J.Williams to GB 13 for 13 yards (P.O'Connor). Green Bay challenged the touchback ruling, and the play was REVERSED. B.Pinion kicks 65 yards from TB 35 to end zone, Touchback."
2020,Conference Championships,SUN,01/24,Buccaneers,Packers,2nd Quarter,3,Green Bay Packers,1,2,0,Pass Incomplete,1st & 10 at GB 25,12:24 2nd Shotgun,— A.Rodgers pass incomplete short right to A.Jones [S.Barrett].
2020,Conference Championships,SUN,01/24,Buccaneers,Packers,2nd Quarter,3,Green Bay Packers,1,3,0,12 Yard Pass,2nd & 10 at GB 25,12:19 2nd Shotgun,— A.Rodgers pass short middle to M.Valdes-Scantling to GB 37 for 12 yards (J.Dean).
2020,Conference Championships,SUN,01/24,Buccaneers,Packers,2nd Quarter,3,Green Bay Packers,1,4,0,4 Yard Pass,1st & 10 at GB 37,11:37 2nd Shotgun,— A.Rodgers pass short left to D.Adams to GB 41 for 4 yards (C.Davis).
2020,Conference Championships,SUN,01/24,Buccaneers,Packers,2nd Quarter,3,Green Bay Packers,1,5,0,12 Yard Run,2nd & 6 at GB 41,10:59 2nd,— J.Williams left end to TB 47 for 12 yards (S.Barrett).
2020,Conference Championships,SUN,01/24,Buccaneers,Packers,2nd Quarter,3,Green Bay Packers,1,6,0,5 Yard Pass,1st & 10 at TB 47,10:20 2nd Shotgun,— A.Rodgers pass short left to D.Adams to TB 42 for 5 yards (D.White).
2020,Conference Championships,SUN,01/24,Buccaneers,Packers,2nd Quarter,3,Green Bay Packers,1,7,0,12 Yard Run,2nd & 5 at TB 42,09:40 2nd,— A.Jones right end to TB 30 for 12 yards (M.Edwards).
2020,Conference Championships,SUN,01/24,Buccaneers,Packers,2nd Quarter,3,Green Bay Packers,1,8,0,9 Yard Pass,1st & 10 at TB 30,08:56 2nd,— A.Rodgers pass short right to M.Lewis to TB 21 for 9 yards (A.Nelson).
2020,Conference Championships,SUN,01/24,Buccaneers,Packers,2nd Quarter,3,Green Bay Packers,1,9,0,3 Yard Pass,2nd & 1 at TB 21,08:12 2nd Shotgun,"— A.Rodgers pass short left to A.Jones to TB 16 for 5 yards (J.Whitehead). FUMBLES (J.Whitehead), recovered by GB-R.Tonyan at TB 18."
2020,Conference Championships,SUN,01/24,Buccaneers,Packers,2nd Quarter,3,Green Bay Packers,1,10,0,1 Yard Run,1st & 10 at TB 18,07:26 2nd,— A.Jones up the middle to TB 17 for 1 yard (M.Edwards).
2020,Conference Championships,SUN,01/24,Buccaneers,Packers,2nd Quarter,3,Green Bay Packers,1,11,0,7 Yard Run,2nd & 9 at TB 17,06:44 2nd Shotgun,— A.Jones up the middle to TB 10 for 7 yards (J.Whitehead; S.Barrett).
2020,Conference Championships,SUN,01/24,Buccaneers,Packers,2nd Quarter,3,Green Bay Packers,1,12,0,4 Yard Run,3rd & 2 at TB 10,05:59 2nd Shotgun,— A.Jones up the middle to TB 6 for 4 yards (D.White).
2020,Conference Championships,SUN,01/24,Buccaneers,Packers,2nd Quarter,3,Green Bay Packers,1,13,0,Timeout,,05:13 2nd,— Timeout #1 by GB at 05:13.
2020,Conference Championships,SUN,01/24,Buccaneers,Packers,2nd Quarter,3,Green Bay Packers,1,14,0,Pass Incomplete,1st & 6 at TB 6,05:13 2nd Shotgun,— A.Rodgers pass incomplete short left to D.Adams.
2020,Conference Championships,SUN,01/24,Buccaneers,Packers,2nd Quarter,3,Green Bay Packers,1,15,0,Pass Incomplete,2nd & 6 at TB 6,05:11 2nd Shotgun,— A.Rodgers pass incomplete short right to D.Adams (L.David).
2020,Conference Championships,SUN,01/24,Buccaneers,Packers,2nd Quarter,3,Green Bay Packers,1,16,0,Pass Incomplete,3rd & 6 at TB 6,05:07 2nd Shotgun,— A.Rodgers pass incomplete short middle to D.Adams.
2020,Conference Championships,SUN,01/24,Buccaneers,Packers,2nd Quarter,3,Green Bay Packers,1,17,1,Field Goal,4th & 6 at TB 6,05:02 2nd,"— M.Crosby 24 yard field goal is GOOD, Center-H.Bradley, Holder-J.Scott."
2020,Conference Championships,SUN,01/24,Buccaneers,Packers,2nd Quarter,4,Tampa Bay Buccaneers,0,1,0,Kickoff from GB 35,,Kickoff,"— M.Crosby kicks 65 yards from GB 35 to end zone, Touchback."
2020,Conference Championships,SUN,01/24,Buccaneers,Packers,2nd Quarter,4,Tampa Bay Buccaneers,0,2,0,7 Yard Pass,1st & 10 at TB 25,04:59 2nd,— T.Brady pass short left to L.Fournette to TB 32 for 7 yards (K.King). GB-K.Barnes was injured during the play.
2020,Conference Championships,SUN,01/24,Buccaneers,Packers,2nd Quarter,4,Tampa Bay Buccaneers,0,3,0,1 Yard Run,2nd & 3 at TB 32,04:28 2nd,— R.Jones right tackle to TB 33 for 1 yard (P.Smith; K.Clark).
2020,Conference Championships,SUN,01/24,Buccaneers,Packers,2nd Quarter,4,Tampa Bay Buccaneers,0,4,0,19 Yard Pass,3rd & 2 at TB 33,03:46 2nd,— T.Brady pass short right to C.Godwin pushed ob at GB 48 for 19 yards (D.Savage).
2020,Conference Championships,SUN,01/24,Buccaneers,Packers,2nd Quarter,4,Tampa Bay Buccaneers,0,5,0,Pass Incomplete,1st & 10 at GB 48,03:07 2nd Shotgun,— T.Brady pass incomplete short left to S.Miller.
2020,Conference Championships,SUN,01/24,Buccaneers,Packers,2nd Quarter,4,Tampa Bay Buccaneers,0,6,0,1 Yard Pass,2nd & 10 at GB 48,03:04 2nd Shotgun,— T.Brady pass short right to L.Fournette to GB 47 for 1 yard (C.Kirksey).
2020,Conference Championships,SUN,01/24,Buccaneers,Packers,2nd Quarter,4,Tampa Bay Buccaneers,0,7,0,Pass Incomplete,3rd & 9 at GB 47,02:21 2nd Shotgun,— T.Brady pass incomplete short right to C.Brate [Z.Smith].
2020,Conference Championships,SUN,01/24,Buccaneers,Packers,2nd Quarter,4,Tampa Bay Buccaneers,0,8,0,Punt,4th & 9 at GB 47,02:17 2nd,"— B.Pinion punts 34 yards to GB 13, Center-Z.Triner, fair catch by T.Austin."
2020,Conference Championships,SUN,01/24,Buccaneers,Packers,2nd Quarter,5,Green Bay Packers,0,1,0,0 Yard Run,1st & 10 at GB 13,02:10 2nd Shotgun,— J.Williams right tackle to GB 13 for no gain (M.Edwards; S.McLendon).
2020,Conference Championships,SUN,01/24,Buccaneers,Packers,2nd Quarter,5,Green Bay Packers,0,2,0,4 Yard Pass,2nd & 10 at GB 13,02:00 2nd Shotgun,— A.Rodgers pass short middle to J.Williams to GB 17 for 4 yards (N.Suh).
2020,Conference Championships,SUN,01/24,Buccaneers,Packers,2nd Quarter,5,Green Bay Packers,0,3,0,23 Yard Pass,3rd & 6 at GB 17,01:14 2nd Shotgun,— A.Rodgers pass short middle to A.Lazard to GB 40 for 23 yards (L.David).
2020,Conference Championships,SUN,01/24,Buccaneers,Packers,2nd Quarter,5,Green Bay Packers,0,4,0,-7 Yard Sack,1st & 10 at GB 40,"00:38 2nd No Huddle, Shotgun",— A.Rodgers sacked at GB 33 for -7 yards (J.Pierre-Paul).
2020,Conference Championships,SUN,01/24,Buccaneers,Packers,2nd Quarter,5,Green Bay Packers,0,5,0,Timeout,,00:34 2nd,— Timeout #1 by TB at 00:34.
2020,Conference Championships,SUN,01/24,Buccaneers,Packers,2nd Quarter,5,Green Bay Packers,0,6,0,Interception,2nd & 17 at GB 33,00:34 2nd Shotgun,— A.Rodgers pass deep middle intended for A.Lazard INTERCEPTED by S.Murphy-Bunting at TB 49. S.Murphy-Bunting to TB 49 for no gain (A.Lazard).
2020,Conference Championships,SUN,01/24,Buccaneers,Packers,2nd Quarter,6,Tampa Bay Buccaneers,1,1,0,6 Yard Pass,1st & 10 at TB 49,00:28 2nd Shotgun,— T.Brady pass short right to L.Fournette ran ob at GB 45 for 6 yards (A.Amos).
2020,Conference Championships,SUN,01/24,Buccaneers,Packers,2nd Quarter,6,Tampa Bay Buccaneers,1,2,0,Pass Incomplete,2nd & 4 at GB 45,00:22 2nd Shotgun,— T.Brady pass incomplete short right to M.Evans.
2020,Conference Championships,SUN,01/24,Buccaneers,Packers,2nd Quarter,6,Tampa Bay Buccaneers,1,3,0,Pass Incomplete,3rd & 4 at GB 45,00:18 2nd Shotgun,— T.Brady pass incomplete deep right to C.Brate [P.Smith].
2020,Conference Championships,SUN,01/24,Buccaneers,Packers,2nd Quarter,6,Tampa Bay Buccaneers,1,4,0,Timeout,,00:13 2nd,— Timeout #2 by TB at 00:13.
2020,Conference Championships,SUN,01/24,Buccaneers,Packers,2nd Quarter,6,Tampa Bay Buccaneers,1,5,0,Timeout,,00:13 2nd,— Timeout #2 by GB at 00:13.
2020,Conference Championships,SUN,01/24,Buccaneers,Packers,2nd Quarter,6,Tampa Bay Buccaneers,1,6,0,6 Yard Pass,4th & 4 at GB 45,00:13 2nd Shotgun,— T.Brady pass short right to L.Fournette to GB 39 for 6 yards (K.Barnes; C.Kirksey).
2020,Conference Championships,SUN,01/24,Buccaneers,Packers,2nd Quarter,6,Tampa Bay Buccaneers,1,7,0,Timeout,,00:08 2nd,— Timeout #3 by TB at 00:08.
2020,Conference Championships,SUN,01/24,Buccaneers,Packers,2nd Quarter,6,Tampa Bay Buccaneers,1,8,1,Touchdown,1st & 10 at GB 39,00:08 2nd Shotgun,"— T.Brady pass deep left to S.Miller for 39 yards, TOUCHDOWN."
2020,Conference Championships,SUN,01/24,Buccaneers,Packers,2nd Quarter,6,Tampa Bay Buccaneers,1,9,1,Extra Point,,00:01 2nd,"— R.Succop extra point is GOOD, Center-Z.Triner, Holder-B.Pinion."
2020,Conference Championships,SUN,01/24,Buccaneers,Packers,2nd Quarter,7,Green Bay Packers,0,1,0,Kickoff from TB 35,,Kickoff,— B.Pinion kicks 47 yards from TB 35 to GB 18. D.Dafney (didn't try to advance) to GB 18 for no gain.
2020,Conference Championships,SUN,01/24,Buccaneers,Packers,3rd Quarter,1,Green Bay Packers,0,1,0,Kickoff from TB 35,,Kickoff,"— B.Pinion kicks 65 yards from TB 35 to end zone, Touchback."
2020,Conference Championships,SUN,01/24,Buccaneers,Packers,3rd Quarter,1,Green Bay Packers,0,2,0,5 Yard Pass,1st & 10 at GB 25,15:00 3rd Shotgun,— A.Rodgers pass short middle to A.Jones to GB 30 for 5 yards (D.White) [W.Gholston].
2020,Conference Championships,SUN,01/24,Buccaneers,Packers,3rd Quarter,1,Green Bay Packers,0,3,0,Pass Incomplete,2nd & 5 at GB 30,14:14 3rd Shotgun,— A.Rodgers pass incomplete short right to A.Jones.
2020,Conference Championships,SUN,01/24,Buccaneers,Packers,3rd Quarter,1,Green Bay Packers,0,4,0,Fumble,3rd & 5 at GB 30,"14:10 3rd No Huddle, Shotgun","— A.Rodgers pass short left to A.Jones to GB 32 for 2 yards (J.Whitehead). FUMBLES (J.Whitehead), RECOVERED by TB-D.White at GB 29. D.White to GB 8 for 21 yards (L.Patrick; E.Jenkins). GB-A.Jones was injured during the play."
2020,Conference Championships,SUN,01/24,Buccaneers,Packers,3rd Quarter,2,Tampa Bay Buccaneers,1,1,1,Touchdown,1st & 8 at GB 8,13:58 3rd,"— J.Haeg reported in as eligible. T.Brady pass short middle to C.Brate for 8 yards, TOUCHDOWN."
2020,Conference Championships,SUN,01/24,Buccaneers,Packers,3rd Quarter,2,Tampa Bay Buccaneers,1,2,1,Extra Point,,13:54 3rd,"— R.Succop extra point is GOOD, Center-Z.Triner, Holder-B.Pinion."
2020,Conference Championships,SUN,01/24,Buccaneers,Packers,3rd Quarter,3,Green Bay Packers,1,1,0,Kickoff from TB 35,,Kickoff,"— B.Pinion kicks 65 yards from TB 35 to end zone, Touchback."
2020,Conference Championships,SUN,01/24,Buccaneers,Packers,3rd Quarter,3,Green Bay Packers,1,2,0,6 Yard Run,1st & 10 at GB 25,13:54 3rd Shotgun,— J.Williams left end to GB 31 for 6 yards (J.Whitehead).
2020,Conference Championships,SUN,01/24,Buccaneers,Packers,3rd Quarter,3,Green Bay Packers,1,3,0,1 Yard Run,2nd & 4 at GB 31,13:16 3rd,— J.Williams left tackle to GB 32 for 1 yard (N.Suh; S.McLendon).
2020,Conference Championships,SUN,01/24,Buccaneers,Packers,3rd Quarter,3,Green Bay Packers,1,4,0,10 Yard Pass,3rd & 3 at GB 32,12:31 3rd Shotgun,— A.Rodgers pass short middle to D.Adams to GB 42 for 10 yards (S.Murphy-Bunting).
2020,Conference Championships,SUN,01/24,Buccaneers,Packers,3rd Quarter,3,Green Bay Packers,1,5,0,24 Yard Pass,1st & 10 at GB 42,11:52 3rd Shotgun,— A.Rodgers pass deep right to M.Valdes-Scantling to TB 34 for 24 yards (A.Adams).
2020,Conference Championships,SUN,01/24,Buccaneers,Packers,3rd Quarter,3,Green Bay Packers,1,6,0,10 Yard Pass,1st & 10 at TB 34,11:06 3rd Shotgun,— A.Rodgers pass short left to E.St. Brown ran ob at TB 24 for 10 yards (S.Murphy-Bunting).
2020,Conference Championships,SUN,01/24,Buccaneers,Packers,3rd Quarter,3,Green Bay Packers,1,7,0,Pass Incomplete,1st & 10 at TB 24,10:31 3rd Shotgun,— A.Rodgers pass incomplete deep left.
2020,Conference Championships,SUN,01/24,Buccaneers,Packers,3rd Quarter,3,Green Bay Packers,1,8,0,16 Yard Pass,2nd & 10 at TB 24,10:23 3rd Shotgun,— A.Rodgers pass short right to A.Lazard to TB 8 for 16 yards (S.Murphy-Bunting).
2020,Conference Championships,SUN,01/24,Buccaneers,Packers,3rd Quarter,3,Green Bay Packers,1,9,1,Touchdown,1st & 8 at TB 8,09:33 3rd Shotgun,"— A.Rodgers pass short middle to R.Tonyan for 8 yards, TOUCHDOWN."
2020,Conference Championships,SUN,01/24,Buccaneers,Packers,3rd Quarter,3,Green Bay Packers,1,10,1,Extra Point,,09:28 3rd,"— M.Crosby extra point is GOOD, Center-H.Bradley, Holder-J.Scott."
2020,Conference Championships,SUN,01/24,Buccaneers,Packers,3rd Quarter,4,Tampa Bay Buccaneers,0,1,0,Kickoff from GB 35,,Kickoff,— M.Crosby kicks 59 yards from GB 35 to TB 6. J.Mickens to TB 24 for 18 yards (E.St. Brown; O.Burks).
2020,Conference Championships,SUN,01/24,Buccaneers,Packers,3rd Quarter,4,Tampa Bay Buccaneers,0,2,0,5 Yard Run,1st & 10 at TB 24,09:23 3rd,— L.Fournette left guard to TB 29 for 5 yards (D.Lowry; R.Gary).
2020,Conference Championships,SUN,01/24,Buccaneers,Packers,3rd Quarter,4,Tampa Bay Buccaneers,0,3,0,9 Yard Run,2nd & 5 at TB 29,08:46 3rd,— L.Fournette right end to TB 38 for 9 yards (J.Alexander).
2020,Conference Championships,SUN,01/24,Buccaneers,Packers,3rd Quarter,4,Tampa Bay Buccaneers,0,4,0,Pass Incomplete,1st & 10 at TB 38,08:06 3rd,— J.Haeg reported in as eligible. T.Brady pass incomplete deep right to C.Godwin. GB-T.Lancaster was injured during the play.
2020,Conference Championships,SUN,01/24,Buccaneers,Packers,3rd Quarter,4,Tampa Bay Buccaneers,0,5,0,Interception,2nd & 10 at TB 38,08:00 3rd Shotgun,— T.Brady pass deep right intended for M.Evans INTERCEPTED by A.Amos at GB 32. A.Amos to GB 32 for no gain (M.Evans).
2020,Conference Championships,SUN,01/24,Buccaneers,Packers,3rd Quarter,5,Green Bay Packers,1,1,0,5 Yard Penalty,1st & 10 at GB 32,07:54 3rd Shotgun,"— A.Rodgers pass incomplete deep right to D.Dafney. PENALTY on TB-N.Suh, Defensive Offside, 5 yards, enforced at GB 32 - No Play."
2020,Conference Championships,SUN,01/24,Buccaneers,Packers,3rd Quarter,5,Green Bay Packers,1,2,0,2 Yard Pass,1st & 5 at GB 37,07:49 3rd Shotgun,— A.Rodgers pass short right to J.Williams to GB 39 for 2 yards (L.David).
2020,Conference Championships,SUN,01/24,Buccaneers,Packers,3rd Quarter,5,Green Bay Packers,1,3,0,4 Yard Pass,2nd & 3 at GB 39,07:06 3rd Shotgun,— A.Rodgers pass short left to D.Adams pushed ob at GB 43 for 4 yards (C.Davis).
2020,Conference Championships,SUN,01/24,Buccaneers,Packers,3rd Quarter,5,Green Bay Packers,1,4,0,13 Yard Pass,1st & 10 at GB 43,06:35 3rd Shotgun,— A.Rodgers pass short right to A.Dillon to TB 44 for 13 yards (D.White; C.Davis).
2020,Conference Championships,SUN,01/24,Buccaneers,Packers,3rd Quarter,5,Green Bay Packers,1,5,0,5 Yard Run,1st & 10 at TB 44,05:52 3rd,— A.Dillon right tackle to TB 39 for 5 yards (A.Adams).
2020,Conference Championships,SUN,01/24,Buccaneers,Packers,3rd Quarter,5,Green Bay Packers,1,6,0,7 Yard Pass,2nd & 5 at TB 39,05:09 3rd,— A.Rodgers pass short left to R.Tonyan pushed ob at TB 32 for 7 yards (A.Adams).
2020,Conference Championships,SUN,01/24,Buccaneers,Packers,3rd Quarter,5,Green Bay Packers,1,7,0,5 Yard Pass,1st & 10 at TB 32,04:30 3rd,— A.Rodgers pass short right to M.Lewis to TB 27 for 5 yards (C.Davis).
2020,Conference Championships,SUN,01/24,Buccaneers,Packers,3rd Quarter,5,Green Bay Packers,1,8,0,3 Yard Run,2nd & 5 at TB 27,03:44 3rd Shotgun,— A.Dillon up the middle to TB 24 for 3 yards (D.White; L.David).
2020,Conference Championships,SUN,01/24,Buccaneers,Packers,3rd Quarter,5,Green Bay Packers,1,9,0,11 Yard Pass,3rd & 2 at TB 24,02:59 3rd Shotgun,— A.Rodgers pass short right to J.Williams pushed ob at TB 13 for 11 yards (D.White).
2020,Conference Championships,SUN,01/24,Buccaneers,Packers,3rd Quarter,5,Green Bay Packers,1,10,0,1 Yard Run,1st & 10 at TB 13,02:23 3rd,— J.Williams left guard to TB 12 for 1 yard (J.Pierre-Paul; A.Adams).
2020,Conference Championships,SUN,01/24,Buccaneers,Packers,3rd Quarter,5,Green Bay Packers,1,11,0,10 Yard Pass,2nd & 9 at TB 12,01:39 3rd Shotgun,"— A.Rodgers pass short right to D.Adams pushed ob at TB 5 for 7 yards (D.White; C.Davis). PENALTY on TB-C.Davis, Lowering the Head to Initiate Contact, 3 yards, enforced at TB 5."
2020,Conference Championships,SUN,01/24,Buccaneers,Packers,3rd Quarter,5,Green Bay Packers,1,12,0,0 Yard Run,1st & 2 at TB 2,01:13 3rd Shotgun,— J.Williams up the middle to TB 2 for no gain (J.Pierre-Paul; D.White).
2020,Conference Championships,SUN,01/24,Buccaneers,Packers,3rd Quarter,5,Green Bay Packers,1,13,0,Pass Incomplete,2nd & 2 at TB 2,00:31 3rd,— A.Rodgers pass incomplete short right.
2020,Conference Championships,SUN,01/24,Buccaneers,Packers,3rd Quarter,5,Green Bay Packers,1,14,1,Touchdown,3rd & 2 at TB 2,00:26 3rd Shotgun,"— A.Rodgers pass short middle to D.Adams for 2 yards, TOUCHDOWN."
2020,Conference Championships,SUN,01/24,Buccaneers,Packers,3rd Quarter,5,Green Bay Packers,1,15,0,2PT Conversion Fails,,00:24 3rd,— TWO-POINT CONVERSION ATTEMPT. A.Rodgers pass to E.St. Brown is incomplete. ATTEMPT FAILS.
2020,Conference Championships,SUN,01/24,Buccaneers,Packers,4th Quarter,1,Tampa Bay Buccaneers,0,1,0,Kickoff from GB 35,,Kickoff,— M.Crosby kicks 63 yards from GB 35 to TB 2. J.Mickens ran ob at TB 45 for 43 yards (H.Black).
2020,Conference Championships,SUN,01/24,Buccaneers,Packers,4th Quarter,1,Tampa Bay Buccaneers,0,2,0,2 Yard Run,1st & 10 at TB 45,00:17 3rd,— R.Jones left tackle to TB 47 for 2 yards (K.Clark).
2020,Conference Championships,SUN,01/24,Buccaneers,Packers,4th Quarter,1,Tampa Bay Buccaneers,0,3,0,Pass Incomplete,2nd & 8 at TB 47,15:00 4th Shotgun,— T.Brady pass incomplete deep right to M.Evans.
2020,Conference Championships,SUN,01/24,Buccaneers,Packers,4th Quarter,1,Tampa Bay Buccaneers,0,4,0,16 Yard Pass,3rd & 8 at TB 47,14:54 4th Shotgun,— T.Brady pass deep middle to T.Johnson to GB 37 for 16 yards (C.Sullivan).
2020,Conference Championships,SUN,01/24,Buccaneers,Packers,4th Quarter,1,Tampa Bay Buccaneers,0,5,0,5 Yard Run,1st & 10 at GB 37,14:13 4th,— J.Haeg reported in as eligible. L.Fournette right guard to GB 32 for 5 yards (K.Barnes; D.Lowry). GB-K.Barnes was injured during the play.
2020,Conference Championships,SUN,01/24,Buccaneers,Packers,4th Quarter,1,Tampa Bay Buccaneers,0,6,0,5 Yard Penalty,2nd & 5 at GB 32,13:38 4th,"— L.Fournette up the middle to GB 29 for 3 yards (C.Kirksey). PENALTY on GB, Defensive Too Many Men on Field, 5 yards, enforced at GB 32 - No Play."
2020,Conference Championships,SUN,01/24,Buccaneers,Packers,4th Quarter,1,Tampa Bay Buccaneers,0,7,0,-1 Yard Pass,1st & 10 at GB 27,13:15 4th Shotgun,— T.Brady pass short right to L.Fournette to GB 28 for -1 yards (C.Kirksey).
2020,Conference Championships,SUN,01/24,Buccaneers,Packers,4th Quarter,1,Tampa Bay Buccaneers,0,8,0,Interception,2nd & 11 at GB 28,12:34 4th Shotgun,— T.Brady pass deep middle intended for M.Evans INTERCEPTED by J.Alexander at GB 3. J.Alexander to GB 19 for 16 yards (C.Godwin).
2020,Conference Championships,SUN,01/24,Buccaneers,Packers,4th Quarter,2,Green Bay Packers,0,1,0,Pass Incomplete,1st & 10 at GB 19,12:20 4th,— A.Rodgers pass incomplete deep middle to D.Adams (J.Dean).
2020,Conference Championships,SUN,01/24,Buccaneers,Packers,4th Quarter,2,Green Bay Packers,0,2,0,5 Yard Pass,2nd & 10 at GB 19,12:14 4th Shotgun,— A.Rodgers pass short left to J.Williams to GB 24 for 5 yards (D.White; C.Davis).
2020,Conference Championships,SUN,01/24,Buccaneers,Packers,4th Quarter,2,Green Bay Packers,0,3,0,-10 Yard Sack,3rd & 5 at GB 24,11:32 4th Shotgun,— A.Rodgers sacked at GB 14 for -10 yards (S.Barrett).
2020,Conference Championships,SUN,01/24,Buccaneers,Packers,4th Quarter,2,Green Bay Packers,0,4,0,Punt,4th & 15 at GB 14,10:51 4th,"— J.Scott punts 55 yards to TB 31, Center-H.Bradley. J.Mickens to TB 38 for 7 yards (O.Burks)."
2020,Conference Championships,SUN,01/24,Buccaneers,Packers,4th Quarter,3,Tampa Bay Buccaneers,0,1,0,2 Yard Run,1st & 10 at TB 38,10:39 4th,— R.Jones left guard to TB 40 for 2 yards (Z.Smith).
2020,Conference Championships,SUN,01/24,Buccaneers,Packers,4th Quarter,3,Tampa Bay Buccaneers,0,2,0,6 Yard Pass,2nd & 8 at TB 40,10:00 4th Shotgun,— T.Brady pass short left to C.Brate to TB 46 for 6 yards (K.King).
2020,Conference Championships,SUN,01/24,Buccaneers,Packers,4th Quarter,3,Tampa Bay Buccaneers,0,3,0,Interception,3rd & 2 at TB 46,09:22 4th,— T.Brady pass deep right intended for M.Evans INTERCEPTED by J.Alexander [D.Savage] at GB 24. J.Alexander ran ob at GB 24 for no gain.
2020,Conference Championships,SUN,01/24,Buccaneers,Packers,4th Quarter,4,Green Bay Packers,0,1,0,Sack,1st & 10 at GB 24,09:15 4th Shotgun,— A.Rodgers sacked at GB 24 for 0 yards (S.Barrett).
2020,Conference Championships,SUN,01/24,Buccaneers,Packers,4th Quarter,4,Green Bay Packers,0,2,0,Pass Incomplete,2nd & 10 at GB 24,08:31 4th Shotgun,— A.Rodgers pass incomplete deep right to M.Valdes-Scantling.
2020,Conference Championships,SUN,01/24,Buccaneers,Packers,4th Quarter,4,Green Bay Packers,0,3,0,Pass Incomplete,3rd & 10 at GB 24,08:26 4th Shotgun,— A.Rodgers pass incomplete short middle to A.Lazard.
2020,Conference Championships,SUN,01/24,Buccaneers,Packers,4th Quarter,4,Green Bay Packers,0,4,0,Punt,4th & 10 at GB 24,08:21 4th,"— J.Scott punts 51 yards to TB 25, Center-H.Bradley. J.Mickens to TB 28 for 3 yards (K.Russell)."
2020,Conference Championships,SUN,01/24,Buccaneers,Packers,4th Quarter,5,Tampa Bay Buccaneers,1,1,0,3 Yard Run,1st & 10 at TB 28,08:10 4th,— R.Jones up the middle to TB 31 for 3 yards (D.Lowry).
2020,Conference Championships,SUN,01/24,Buccaneers,Packers,4th Quarter,5,Tampa Bay Buccaneers,1,2,0,11 Yard Pass,2nd & 7 at TB 31,07:29 4th Shotgun,— T.Brady pass short right to C.Godwin to TB 42 for 11 yards (T.Summers).
2020,Conference Championships,SUN,01/24,Buccaneers,Packers,4th Quarter,5,Tampa Bay Buccaneers,1,3,0,-1 Yard Run,1st & 10 at TB 42,06:51 4th,"— J.Haeg reported in as eligible. R.Jones left guard to TB 41 for -1 yards (K.Martin, Z.Smith)."
2020,Conference Championships,SUN,01/24,Buccaneers,Packers,4th Quarter,5,Tampa Bay Buccaneers,1,4,0,29 Yard Pass,2nd & 11 at TB 41,06:14 4th,— T.Brady pass short right to R.Gronkowski pushed ob at GB 30 for 29 yards (A.Amos; C.Sullivan).
2020,Conference Championships,SUN,01/24,Buccaneers,Packers,4th Quarter,5,Tampa Bay Buccaneers,1,5,0,2 Yard Run,1st & 10 at GB 30,05:37 4th,— J.Haeg reported in as eligible. R.Jones right guard to GB 28 for 2 yards (K.Clark; D.Harrison).
2020,Conference Championships,SUN,01/24,Buccaneers,Packers,4th Quarter,5,Tampa Bay Buccaneers,1,6,0,Pass Incomplete,2nd & 8 at GB 28,04:53 4th,— T.Brady pass incomplete short left to C.Godwin.
2020,Conference Championships,SUN,01/24,Buccaneers,Packers,4th Quarter,5,Tampa Bay Buccaneers,1,7,0,Pass Incomplete,3rd & 8 at GB 28,04:48 4th Shotgun,— T.Brady pass incomplete short middle.
2020,Conference Championships,SUN,01/24,Buccaneers,Packers,4th Quarter,5,Tampa Bay Buccaneers,1,8,1,Field Goal,4th & 8 at GB 28,04:46 4th,"— R.Succop 46 yard field goal is GOOD, Center-Z.Triner, Holder-B.Pinion."
2020,Conference Championships,SUN,01/24,Buccaneers,Packers,4th Quarter,6,Green Bay Packers,1,1,0,Kickoff from TB 35,,Kickoff,— B.Pinion kicks 61 yards from TB 35 to GB 4. J.Williams to GB 34 for 30 yards (J.Watson).
2020,Conference Championships,SUN,01/24,Buccaneers,Packers,4th Quarter,6,Green Bay Packers,1,2,0,9 Yard Run,1st & 10 at GB 34,04:33 4th Shotgun,— A.Dillon right tackle to GB 43 for 9 yards (D.White).
2020,Conference Championships,SUN,01/24,Buccaneers,Packers,4th Quarter,6,Green Bay Packers,1,3,0,29 Yard Pass,2nd & 1 at GB 43,03:56 4th Shotgun,"— A.Rodgers pass deep middle to M.Valdes-Scantling to TB 28 for 29 yards (S.Murphy-Bunting, A.Adams)."
2020,Conference Championships,SUN,01/24,Buccaneers,Packers,4th Quarter,6,Green Bay Packers,1,4,0,Pass Incomplete,1st & 10 at TB 28,03:12 4th Shotgun,— A.Rodgers pass incomplete deep left to M.Valdes-Scantling.
2020,Conference Championships,SUN,01/24,Buccaneers,Packers,4th Quarter,6,Green Bay Packers,1,5,0,9 Yard Pass,2nd & 10 at TB 28,03:07 4th Shotgun,— A.Rodgers pass short middle to D.Adams to TB 19 for 9 yards (D.White).
2020,Conference Championships,SUN,01/24,Buccaneers,Packers,4th Quarter,6,Green Bay Packers,1,6,0,11 Yard Pass,3rd & 1 at TB 19,02:28 4th Shotgun,— A.Rodgers pass short left to D.Adams pushed ob at TB 8 for 11 yards (C.Davis).
2020,Conference Championships,SUN,01/24,Buccaneers,Packers,4th Quarter,6,Green Bay Packers,1,7,0,Pass Incomplete,1st & 8 at TB 8,02:22 4th Shotgun,— A.Rodgers pass incomplete short middle to A.Lazard.
2020,Conference Championships,SUN,01/24,Buccaneers,Packers,4th Quarter,6,Green Bay Packers,1,8,0,Pass Incomplete,2nd & 8 at TB 8,02:19 4th Shotgun,— A.Rodgers pass incomplete short middle to D.Adams [N.Suh].
2020,Conference Championships,SUN,01/24,Buccaneers,Packers,4th Quarter,6,Green Bay Packers,1,9,0,Pass Incomplete,3rd & 8 at TB 8,02:15 4th Shotgun,— A.Rodgers pass incomplete short middle to D.Adams (A.Adams).
2020,Conference Championships,SUN,01/24,Buccaneers,Packers,4th Quarter,6,Green Bay Packers,1,10,1,Field Goal,4th & 8 at TB 8,02:09 4th,"— M.Crosby 26 yard field goal is GOOD, Center-H.Bradley, Holder-J.Scott."
2020,Conference Championships,SUN,01/24,Buccaneers,Packers,4th Quarter,7,Tampa Bay Buccaneers,0,1,0,Kickoff from GB 35,,Kickoff,— M.Crosby kicks 57 yards from GB 35 to TB 8. J.Mickens to TB 17 for 9 yards (T.Summers).
2020,Conference Championships,SUN,01/24,Buccaneers,Packers,4th Quarter,7,Tampa Bay Buccaneers,0,2,0,9 Yard Pass,1st & 10 at TB 17,02:02 4th,— T.Brady pass short left to M.Evans to TB 26 for 9 yards (K.King).
2020,Conference Championships,SUN,01/24,Buccaneers,Packers,4th Quarter,7,Tampa Bay Buccaneers,0,3,0,5 Yard Penalty,2nd & 1 at TB 26,01:56 4th,"— PENALTY on GB-D.Harrison, Encroachment, 5 yards, enforced at TB 26 - No Play."
2020,Conference Championships,SUN,01/24,Buccaneers,Packers,4th Quarter,7,Tampa Bay Buccaneers,0,4,0,2 Yard Run,1st & 10 at TB 31,01:56 4th,"— J.Haeg reported in as eligible. L.Fournette up the middle to TB 33 for 2 yards (Z.Smith, K.Clark)."
2020,Conference Championships,SUN,01/24,Buccaneers,Packers,4th Quarter,7,Tampa Bay Buccaneers,0,5,0,Timeout,,01:51 4th,— Timeout #1 by GB at 01:51.
2020,Conference Championships,SUN,01/24,Buccaneers,Packers,4th Quarter,7,Tampa Bay Buccaneers,0,6,0,4 Yard Run,2nd & 8 at TB 33,01:51 4th,— L.Fournette left tackle to TB 37 for 4 yards (P.Smith).
2020,Conference Championships,SUN,01/24,Buccaneers,Packers,4th Quarter,7,Tampa Bay Buccaneers,0,7,0,Timeout,,01:46 4th,— Timeout #2 by GB at 01:46.
2020,Conference Championships,SUN,01/24,Buccaneers,Packers,4th Quarter,7,Tampa Bay Buccaneers,0,8,0,15 Yard Penalty,3rd & 4 at TB 37,01:46 4th Shotgun,"— T.Brady pass incomplete short middle to T.Johnson [R.Gary]. PENALTY on GB-K.King, Defensive Pass Interference, 15 yards, enforced at TB 37 - No Play."
2020,Conference Championships,SUN,01/24,Buccaneers,Packers,4th Quarter,7,Tampa Bay Buccaneers,0,9,0,5 Yard Penalty,1st & 10 at GB 48,01:41 4th,"— J.Haeg reported in as eligible. L.Fournette right tackle to GB 45 for 3 yards (K.Martin). The Replay Official reviewed the too many players on field ruling, and the play was REVERSED. J.Haeg and J.Haeg reported in as eligible. L.Fournette right tackle to GB 45 for 3 yards (K.Martin). PENALTY on GB, Defensive Too Many Men on Field, 5 yards, enforced at GB 48 - No Play."
2020,Conference Championships,SUN,01/24,Buccaneers,Packers,4th Quarter,7,Tampa Bay Buccaneers,0,10,0,-1 Yard Run,1st & 5 at GB 43,01:37 4th,— J.Haeg reported in as eligible. L.Fournette up the middle to GB 44 for -1 yards (T.Summers).
2020,Conference Championships,SUN,01/24,Buccaneers,Packers,4th Quarter,7,Tampa Bay Buccaneers,0,11,0,Timeout,,01:32 4th,— Timeout #3 by GB at 01:32.
2020,Conference Championships,SUN,01/24,Buccaneers,Packers,4th Quarter,7,Tampa Bay Buccaneers,0,12,0,1 Yard Run,2nd & 6 at GB 44,01:32 4th,"— L.Fournette left tackle to GB 43 for 1 yard (D.Lowry, Z.Smith)."
2020,Conference Championships,SUN,01/24,Buccaneers,Packers,4th Quarter,7,Tampa Bay Buccaneers,0,13,0,Timeout,,00:48 4th,— Timeout #1 by TB at 00:48.
2020,Conference Championships,SUN,01/24,Buccaneers,Packers,4th Quarter,7,Tampa Bay Buccaneers,0,14,0,6 Yard Run,3rd & 5 at GB 43,00:48 4th,— C.Godwin right end to GB 37 for 6 yards (D.Savage).
2020,Conference Championships,SUN,01/24,Buccaneers,Packers,4th Quarter,7,Tampa Bay Buccaneers,0,15,0,Timeout,,00:02 4th,— Timeout #2 by TB at 00:02.
2020,Conference Championships,SUN,01/24,Buccaneers,Packers,4th Quarter,7,Tampa Bay Buccaneers,0,16,0,-1 Yard Run,1st & 10 at GB 37,00:02 4th,— T.Brady kneels to GB 38 for -1 yards.
2020,Conference Championships,SUN,01/24,Bills,Chiefs,1st Quarter,1,Buffalo Bills,1,1,0,Kickoff from KC 35,,Kickoff,"— H.Butker kicks 65 yards from KC 35 to end zone, Touchback."
2020,Conference Championships,SUN,01/24,Bills,Chiefs,1st Quarter,1,Buffalo Bills,1,2,0,1 Yard Run,1st & 10 at BUF 25,15:00 1st,"— D.Singletary right end to BUF 26 for 1 yard (A.Hitchens, D.Nnadi)."
2020,Conference Championships,SUN,01/24,Bills,Chiefs,1st Quarter,1,Buffalo Bills,1,3,0,17 Yard Pass,2nd & 9 at BUF 26,"14:33 1st No Huddle, Shotgun",— J.Allen pass short middle to C.Beasley to BUF 43 for 17 yards (T.Mathieu).
2020,Conference Championships,SUN,01/24,Bills,Chiefs,1st Quarter,1,Buffalo Bills,1,4,0,3 Yard Run,1st & 10 at BUF 43,"14:03 1st No Huddle, Shotgun",— D.Singletary up the middle to BUF 46 for 3 yards (D.Nnadi; F.Clark).
2020,Conference Championships,SUN,01/24,Bills,Chiefs,1st Quarter,1,Buffalo Bills,1,5,0,Pass Incomplete,2nd & 7 at BUF 46,"13:23 1st No Huddle, Shotgun",— J.Allen pass incomplete short left to C.Beasley.
2020,Conference Championships,SUN,01/24,Bills,Chiefs,1st Quarter,1,Buffalo Bills,1,6,0,6 Yard Pass,3rd & 7 at BUF 46,"13:18 1st No Huddle, Shotgun",— J.Allen pass short right to S.Diggs pushed ob at KC 48 for 6 yards (D.Sorensen).
2020,Conference Championships,SUN,01/24,Bills,Chiefs,1st Quarter,1,Buffalo Bills,1,7,0,8 Yard Pass,4th & 1 at KC 48,12:44 1st Shotgun,— J.Allen pass short right to D.Knox pushed ob at KC 40 for 8 yards (C.Ward).
2020,Conference Championships,SUN,01/24,Bills,Chiefs,1st Quarter,1,Buffalo Bills,1,8,0,7 Yard Pass,1st & 10 at KC 40,12:10 1st Shotgun,— J.Allen pass short left to T.Yeldon pushed ob at KC 33 for 7 yards (B.Breeland).
2020,Conference Championships,SUN,01/24,Bills,Chiefs,1st Quarter,1,Buffalo Bills,1,9,0,Pass Incomplete,2nd & 3 at KC 33,11:43 1st No Huddle,— J.Allen pass incomplete short right.
2020,Conference Championships,SUN,01/24,Bills,Chiefs,1st Quarter,1,Buffalo Bills,1,10,0,Pass Incomplete,3rd & 3 at KC 33,11:38 1st Shotgun,— J.Allen pass incomplete short right to C.Beasley (J.Thornhill).
2020,Conference Championships,SUN,01/24,Bills,Chiefs,1st Quarter,1,Buffalo Bills,1,11,1,Field Goal,4th & 3 at KC 33,11:32 1st,"— T.Bass 51 yard field goal is GOOD, Center-R.Ferguson, Holder-C.Bojorquez."
2020,Conference Championships,SUN,01/24,Bills,Chiefs,1st Quarter,2,Kansas City Chiefs,0,1,0,Kickoff from BUF 35,,Kickoff,— T.Bass kicks 54 yards from BUF 35 to KC 11. B.Pringle to KC 35 for 24 yards (S.Neal).
2020,Conference Championships,SUN,01/24,Bills,Chiefs,1st Quarter,2,Kansas City Chiefs,0,2,0,1 Yard Pass,1st & 10 at KC 35,11:21 1st Shotgun,— P.Mahomes pass short left to T.Kelce to KC 36 for 1 yard (L.Wallace).
2020,Conference Championships,SUN,01/24,Bills,Chiefs,1st Quarter,2,Kansas City Chiefs,0,3,0,5 Yard Run,2nd & 9 at KC 36,10:48 1st Shotgun,— C.Edwards-Helaire up the middle to KC 41 for 5 yards (V.Butler).
2020,Conference Championships,SUN,01/24,Bills,Chiefs,1st Quarter,2,Kansas City Chiefs,0,4,0,Pass Incomplete,3rd & 4 at KC 41,10:12 1st Shotgun,— P.Mahomes pass incomplete deep left to T.Hill.
2020,Conference Championships,SUN,01/24,Bills,Chiefs,1st Quarter,2,Kansas City Chiefs,0,5,0,Punt,4th & 4 at KC 41,10:06 1st,"— T.Townsend punts 44 yards to BUF 15, Center-J.Winchester. A.Roberts to BUF 15 for no gain (C.Lammons)."
2020,Conference Championships,SUN,01/24,Bills,Chiefs,1st Quarter,3,Buffalo Bills,0,1,0,Pass Incomplete,1st & 10 at BUF 15,09:58 1st Shotgun,— J.Allen pass incomplete short middle to S.Diggs (J.Thornhill).
2020,Conference Championships,SUN,01/24,Bills,Chiefs,1st Quarter,3,Buffalo Bills,0,2,0,7 Yard Run,2nd & 10 at BUF 15,09:53 1st Shotgun,— D.Singletary up the middle to BUF 22 for 7 yards (A.Hitchens).
2020,Conference Championships,SUN,01/24,Bills,Chiefs,1st Quarter,3,Buffalo Bills,0,3,0,17 Yard Run,3rd & 3 at BUF 22,"09:13 1st No Huddle, Shotgun",— J.Allen scrambles left end to BUF 39 for 17 yards (T.Mathieu).
2020,Conference Championships,SUN,01/24,Bills,Chiefs,1st Quarter,3,Buffalo Bills,0,4,0,2 Yard Run,1st & 10 at BUF 39,"08:41 1st No Huddle, Shotgun",— D.Singletary up the middle to BUF 41 for 2 yards (A.Okafor; D.Nnadi).
2020,Conference Championships,SUN,01/24,Bills,Chiefs,1st Quarter,3,Buffalo Bills,0,5,0,-15 Yard Sack,2nd & 8 at BUF 41,08:03 1st Shotgun,— J.Allen sacked at BUF 26 for -15 yards (L.Sneed).
2020,Conference Championships,SUN,01/24,Bills,Chiefs,1st Quarter,3,Buffalo Bills,0,6,0,15 Yard Run,3rd & 23 at BUF 26,07:06 1st Shotgun,— J.Allen scrambles left end pushed ob at BUF 41 for 15 yards (B.Niemann).
2020,Conference Championships,SUN,01/24,Bills,Chiefs,1st Quarter,3,Buffalo Bills,0,7,0,Fumble,4th & 8 at BUF 41,06:30 1st,"— C.Bojorquez punts 48 yards to KC 11, Center-R.Ferguson. M.Hardman MUFFS catch, RECOVERED by BUF-T.Jones at KC 3."
2020,Conference Championships,SUN,01/24,Bills,Chiefs,1st Quarter,4,Buffalo Bills,1,1,1,Touchdown,1st & 3 at KC 3,06:19 1st Shotgun,"— J.Allen pass short left to D.Knox for 3 yards, TOUCHDOWN."
2020,Conference Championships,SUN,01/24,Bills,Chiefs,1st Quarter,4,Buffalo Bills,1,2,0,Extra Point No Good,,06:14 1st,"— T.Bass extra point is No Good, Hit Right Upright, Center-R.Ferguson, Holder-C.Bojorquez."
2020,Conference Championships,SUN,01/24,Bills,Chiefs,2nd Quarter,1,Kansas City Chiefs,1,1,0,Kickoff from BUF 35,,Kickoff,— T.Bass kicks 63 yards from BUF 35 to KC 2. B.Pringle to KC 20 for 18 yards (A.Smith).
2020,Conference Championships,SUN,01/24,Bills,Chiefs,2nd Quarter,1,Kansas City Chiefs,1,2,0,9 Yard Pass,1st & 10 at KC 20,"06:09 1st No Huddle, Shotgun",— P.Mahomes pass short right to T.Kelce to KC 29 for 9 yards (T.White).
2020,Conference Championships,SUN,01/24,Bills,Chiefs,2nd Quarter,1,Kansas City Chiefs,1,3,0,1 Yard Pass,2nd & 1 at KC 29,05:32 1st Shotgun,— P.Mahomes pass short right to M.Hardman to KC 30 for 1 yard (T.Johnson).
2020,Conference Championships,SUN,01/24,Bills,Chiefs,2nd Quarter,1,Kansas City Chiefs,1,4,0,11 Yard Pass,1st & 10 at KC 30,04:46 1st Shotgun,— P.Mahomes pass short right to T.Kelce to KC 41 for 11 yards (M.Milano).
2020,Conference Championships,SUN,01/24,Bills,Chiefs,2nd Quarter,1,Kansas City Chiefs,1,5,0,Pass Incomplete,1st & 10 at KC 41,"03:59 1st No Huddle, Shotgun",— P.Mahomes pass incomplete short middle to T.Kelce.
2020,Conference Championships,SUN,01/24,Bills,Chiefs,2nd Quarter,1,Kansas City Chiefs,1,6,0,11 Yard Pass,2nd & 10 at KC 41,03:57 1st Shotgun,— P.Mahomes pass short middle to T.Hill to BUF 48 for 11 yards (M.Hyde).
2020,Conference Championships,SUN,01/24,Bills,Chiefs,2nd Quarter,1,Kansas City Chiefs,1,7,0,16 Yard Pass,1st & 10 at BUF 48,03:17 1st Shotgun,— P.Mahomes pass deep left to T.Kelce to BUF 32 for 16 yards (T.Johnson).
2020,Conference Championships,SUN,01/24,Bills,Chiefs,2nd Quarter,1,Kansas City Chiefs,1,8,0,-2 Yard Run,1st & 10 at BUF 32,02:32 1st Shotgun,"— C.Edwards-Helaire left end to BUF 34 for -2 yards (E.Oliver, T.Edmunds)."
2020,Conference Championships,SUN,01/24,Bills,Chiefs,2nd Quarter,1,Kansas City Chiefs,1,9,0,Pass Incomplete,2nd & 12 at BUF 34,01:54 1st Shotgun,— P.Mahomes pass incomplete short middle to C.Edwards-Helaire.
2020,Conference Championships,SUN,01/24,Bills,Chiefs,2nd Quarter,1,Kansas City Chiefs,1,10,0,11 Yard Pass,3rd & 12 at BUF 34,01:47 1st Shotgun,— P.Mahomes pass short right to B.Pringle to BUF 23 for 11 yards (L.Wallace).
2020,Conference Championships,SUN,01/24,Bills,Chiefs,2nd Quarter,1,Kansas City Chiefs,1,11,0,Timeout,,01:08 1st,— Timeout #1 by KC at 01:08.
2020,Conference Championships,SUN,01/24,Bills,Chiefs,2nd Quarter,1,Kansas City Chiefs,1,12,0,9 Yard Pass,4th & 1 at BUF 23,01:08 1st Shotgun,— P.Mahomes pass short right to Darr.Williams pushed ob at BUF 14 for 9 yards (J.Poyer).
2020,Conference Championships,SUN,01/24,Bills,Chiefs,2nd Quarter,1,Kansas City Chiefs,1,13,0,8 Yard Pass,1st & 10 at BUF 14,00:38 1st Shotgun,— P.Mahomes pass short right to T.Hill to BUF 6 for 8 yards (J.Poyer).
2020,Conference Championships,SUN,01/24,Bills,Chiefs,2nd Quarter,1,Kansas City Chiefs,1,14,0,3 Yard Pass,2nd & 2 at BUF 6,15:00 2nd Shotgun,— P.Mahomes pass short middle to T.Kelce to BUF 3 for 3 yards (M.Addison; T.Edmunds).
2020,Conference Championships,SUN,01/24,Bills,Chiefs,2nd Quarter,1,Kansas City Chiefs,1,15,0,Pass Incomplete,1st & 3 at BUF 3,14:24 2nd Shotgun,— P.Mahomes pass incomplete short left to T.Kelce (T.Johnson).
2020,Conference Championships,SUN,01/24,Bills,Chiefs,2nd Quarter,1,Kansas City Chiefs,1,16,1,Touchdown,2nd & 3 at BUF 3,14:20 2nd Shotgun,"— P.Mahomes pass short left to M.Hardman for 3 yards, TOUCHDOWN."
2020,Conference Championships,SUN,01/24,Bills,Chiefs,2nd Quarter,1,Kansas City Chiefs,1,17,1,Extra Point,,14:16 2nd,"— H.Butker extra point is GOOD, Center-J.Winchester, Holder-T.Townsend."
2020,Conference Championships,SUN,01/24,Bills,Chiefs,2nd Quarter,2,Buffalo Bills,0,1,0,Kickoff from KC 35,,Kickoff,"— H.Butker kicks 65 yards from KC 35 to end zone, Touchback."
2020,Conference Championships,SUN,01/24,Bills,Chiefs,2nd Quarter,2,Buffalo Bills,0,2,0,2 Yard Pass,1st & 10 at BUF 25,14:16 2nd Shotgun,— J.Allen pass short left to D.Singletary to BUF 27 for 2 yards (B.Breeland).
2020,Conference Championships,SUN,01/24,Bills,Chiefs,2nd Quarter,2,Buffalo Bills,0,3,0,21 Yard Pass,2nd & 8 at BUF 27,"13:45 2nd No Huddle, Shotgun","— J.Allen pass short left to S.Diggs to BUF 33 for 6 yards (B.Breeland). PENALTY on KC-B.Breeland, Unnecessary Roughness, 15 yards, enforced at BUF 33."
2020,Conference Championships,SUN,01/24,Bills,Chiefs,2nd Quarter,2,Buffalo Bills,0,4,0,3 Yard Run,1st & 10 at BUF 48,13:22 2nd Shotgun,— D.Singletary right end to KC 49 for 3 yards (A.Hitchens; M.Danna).
2020,Conference Championships,SUN,01/24,Bills,Chiefs,2nd Quarter,2,Buffalo Bills,0,5,0,Pass Incomplete,2nd & 7 at KC 49,12:46 2nd Shotgun,— J.Allen pass incomplete short right to D.Singletary.
2020,Conference Championships,SUN,01/24,Bills,Chiefs,2nd Quarter,2,Buffalo Bills,0,6,0,Pass Incomplete,3rd & 7 at KC 49,12:42 2nd Shotgun,"— J.Allen pass incomplete short right [T.Mathieu]. PENALTY on BUF-J.Allen, Intentional Grounding, 16 yards, enforced at KC 49."
2020,Conference Championships,SUN,01/24,Bills,Chiefs,2nd Quarter,2,Buffalo Bills,0,7,0,Punt,4th & 23 at BUF 35,12:37 2nd,"— C.Bojorquez punts 47 yards to KC 18, Center-R.Ferguson, downed by BUF-T.Matakevich."
2020,Conference Championships,SUN,01/24,Bills,Chiefs,2nd Quarter,3,Kansas City Chiefs,1,1,0,50 Yard Run,1st & 10 at KC 18,12:26 2nd,— M.Hardman left end pushed ob at BUF 32 for 50 yards (M.Hyde).
2020,Conference Championships,SUN,01/24,Bills,Chiefs,2nd Quarter,3,Kansas City Chiefs,1,2,0,5 Yard Pass,1st & 10 at BUF 32,11:44 2nd Shotgun,— P.Mahomes pass short right to B.Pringle to BUF 27 for 5 yards (T.Edmunds; T.Johnson).
2020,Conference Championships,SUN,01/24,Bills,Chiefs,2nd Quarter,3,Kansas City Chiefs,1,3,0,6 Yard Run,2nd & 5 at BUF 27,11:10 2nd Shotgun,— Darr.Williams right end to BUF 21 for 6 yards (E.Oliver; T.Edmunds).
2020,Conference Championships,SUN,01/24,Bills,Chiefs,2nd Quarter,3,Kansas City Chiefs,1,4,0,15 Yard Pass,1st & 10 at BUF 21,10:25 2nd,— P.Mahomes pass short right to T.Kelce to BUF 6 for 15 yards (M.Milano).
2020,Conference Championships,SUN,01/24,Bills,Chiefs,2nd Quarter,3,Kansas City Chiefs,1,5,1,Touchdown,1st & 6 at BUF 6,09:40 2nd Shotgun,"— Darr.Williams up the middle for 6 yards, TOUCHDOWN."
2020,Conference Championships,SUN,01/24,Bills,Chiefs,2nd Quarter,3,Kansas City Chiefs,1,6,1,Extra Point,,09:35 2nd,"— H.Butker extra point is GOOD, Center-J.Winchester, Holder-T.Townsend."
2020,Conference Championships,SUN,01/24,Bills,Chiefs,2nd Quarter,4,Buffalo Bills,0,1,0,Kickoff from KC 35,,Kickoff,"— H.Butker kicks 65 yards from KC 35 to end zone, Touchback."
2020,Conference Championships,SUN,01/24,Bills,Chiefs,2nd Quarter,4,Buffalo Bills,0,2,0,Pass Incomplete,1st & 10 at BUF 25,09:35 2nd Shotgun,— J.Allen pass incomplete deep right to J.Brown (C.Ward).
2020,Conference Championships,SUN,01/24,Bills,Chiefs,2nd Quarter,4,Buffalo Bills,0,3,0,7 Yard Run,2nd & 10 at BUF 25,09:29 2nd,— T.Yeldon right end to BUF 32 for 7 yards (C.Ward; L.Sneed).
2020,Conference Championships,SUN,01/24,Bills,Chiefs,2nd Quarter,4,Buffalo Bills,0,4,0,Pass Incomplete,3rd & 3 at BUF 32,08:43 2nd Shotgun,— J.Allen pass incomplete short right to S.Diggs.
2020,Conference Championships,SUN,01/24,Bills,Chiefs,2nd Quarter,4,Buffalo Bills,0,5,0,Punt,4th & 3 at BUF 32,08:39 2nd,"— C.Bojorquez punts 45 yards to KC 23, Center-R.Ferguson, out of bounds."
2020,Conference Championships,SUN,01/24,Bills,Chiefs,2nd Quarter,5,Kansas City Chiefs,1,1,0,Pass Incomplete,1st & 10 at KC 23,08:31 2nd Shotgun,— P.Mahomes pass incomplete short right to B.Pringle (T.Johnson).
2020,Conference Championships,SUN,01/24,Bills,Chiefs,2nd Quarter,5,Kansas City Chiefs,1,2,0,9 Yard Pass,2nd & 10 at KC 23,08:26 2nd Shotgun,— P.Mahomes pass short right to T.Kelce to KC 32 for 9 yards (T.Edmunds).
2020,Conference Championships,SUN,01/24,Bills,Chiefs,2nd Quarter,5,Kansas City Chiefs,1,3,0,2 Yard Run,3rd & 1 at KC 32,07:45 2nd Shotgun,— C.Edwards-Helaire up the middle to KC 34 for 2 yards (E.Oliver; V.Butler).
2020,Conference Championships,SUN,01/24,Bills,Chiefs,2nd Quarter,5,Kansas City Chiefs,1,4,0,Pass Incomplete,1st & 10 at KC 34,07:06 2nd Shotgun,— P.Mahomes pass incomplete short right to N.Keizer.
2020,Conference Championships,SUN,01/24,Bills,Chiefs,2nd Quarter,5,Kansas City Chiefs,1,5,0,4 Yard Run,2nd & 10 at KC 34,07:00 2nd Shotgun,— C.Edwards-Helaire up the middle to KC 38 for 4 yards (M.Milano).
2020,Conference Championships,SUN,01/24,Bills,Chiefs,2nd Quarter,5,Kansas City Chiefs,1,6,0,11 Yard Pass,3rd & 6 at KC 38,06:22 2nd Shotgun,— P.Mahomes pass short right to T.Kelce to KC 49 for 11 yards (A.Epenesa) [M.Milano].
2020,Conference Championships,SUN,01/24,Bills,Chiefs,2nd Quarter,5,Kansas City Chiefs,1,7,0,33 Yard Pass,1st & 10 at KC 49,05:43 2nd Shotgun,— P.Mahomes pass short right to T.Hill to BUF 18 for 33 yards (J.Poyer) [A.Epenesa].
2020,Conference Championships,SUN,01/24,Bills,Chiefs,2nd Quarter,5,Kansas City Chiefs,1,8,0,17 Yard Pass,1st & 10 at BUF 18,04:57 2nd Shotgun,— P.Mahomes pass short left to T.Kelce pushed ob at BUF 1 for 17 yards (J.Norman).
2020,Conference Championships,SUN,01/24,Bills,Chiefs,2nd Quarter,5,Kansas City Chiefs,1,9,0,Timeout,,04:15 2nd,— Timeout #2 by KC at 04:15.
2020,Conference Championships,SUN,01/24,Bills,Chiefs,2nd Quarter,5,Kansas City Chiefs,1,10,1,Touchdown,1st & 1 at BUF 1,04:15 2nd Shotgun,"— C.Edwards-Helaire up the middle for 1 yard, TOUCHDOWN."
2020,Conference Championships,SUN,01/24,Bills,Chiefs,2nd Quarter,5,Kansas City Chiefs,1,11,1,Extra Point,,04:12 2nd,"— H.Butker extra point is GOOD, Center-J.Winchester, Holder-T.Townsend."
2020,Conference Championships,SUN,01/24,Bills,Chiefs,2nd Quarter,6,Buffalo Bills,1,1,0,Kickoff from KC 35,,Kickoff,"— H.Butker kicks 65 yards from KC 35 to end zone, Touchback."
2020,Conference Championships,SUN,01/24,Bills,Chiefs,2nd Quarter,6,Buffalo Bills,1,2,0,14 Yard Pass,1st & 10 at BUF 25,04:12 2nd Shotgun,— J.Allen pass short right to C.Beasley to BUF 39 for 14 yards (A.Hitchens).
2020,Conference Championships,SUN,01/24,Bills,Chiefs,2nd Quarter,6,Buffalo Bills,1,3,0,Pass Incomplete,1st & 10 at BUF 39,03:32 2nd Shotgun,— J.Allen pass incomplete short left to T.Yeldon.
2020,Conference Championships,SUN,01/24,Bills,Chiefs,2nd Quarter,6,Buffalo Bills,1,4,0,12 Yard Pass,2nd & 10 at BUF 39,03:27 2nd,— J.Allen pass short middle to D.Knox to KC 49 for 12 yards (C.Ward). KC-C.Ward was injured during the play. His return is Questionable.
2020,Conference Championships,SUN,01/24,Bills,Chiefs,2nd Quarter,6,Buffalo Bills,1,5,0,20 Yard Pass,1st & 10 at KC 49,03:03 2nd,— J.Allen pass short right to T.Yeldon to KC 29 for 20 yards (B.Niemann).
2020,Conference Championships,SUN,01/24,Bills,Chiefs,2nd Quarter,6,Buffalo Bills,1,6,0,Timeout,,02:19 2nd,— Timeout #3 by KC at 02:19.
2020,Conference Championships,SUN,01/24,Bills,Chiefs,2nd Quarter,6,Buffalo Bills,1,7,0,10 Yard Run,1st & 10 at KC 29,02:19 2nd Shotgun,— J.Allen right end to KC 19 for 10 yards (A.Hitchens).
2020,Conference Championships,SUN,01/24,Bills,Chiefs,2nd Quarter,6,Buffalo Bills,1,8,0,Pass Incomplete,1st & 10 at KC 19,02:00 2nd,— J.Allen pass incomplete short right to D.Knox.
2020,Conference Championships,SUN,01/24,Bills,Chiefs,2nd Quarter,6,Buffalo Bills,1,9,0,7 Yard Pass,2nd & 10 at KC 19,01:53 2nd Shotgun,— J.Allen pass short right to J.Brown to KC 12 for 7 yards (C.Ward).
2020,Conference Championships,SUN,01/24,Bills,Chiefs,2nd Quarter,6,Buffalo Bills,1,10,0,Timeout,,01:08 2nd,— Timeout #1 by BUF at 01:08.
2020,Conference Championships,SUN,01/24,Bills,Chiefs,2nd Quarter,6,Buffalo Bills,1,11,0,4 Yard Run,3rd & 3 at KC 12,01:08 2nd Shotgun,— T.Yeldon up the middle to KC 8 for 4 yards (T.Wharton; A.Okafor).
2020,Conference Championships,SUN,01/24,Bills,Chiefs,2nd Quarter,6,Buffalo Bills,1,12,0,4 Yard Run,1st & 8 at KC 8,00:33 2nd Shotgun,— T.Yeldon up the middle to KC 4 for 4 yards (A.Okafor; C.Jones).
2020,Conference Championships,SUN,01/24,Bills,Chiefs,2nd Quarter,6,Buffalo Bills,1,13,0,Timeout,,00:28 2nd,— Timeout #2 by BUF at 00:28.
2020,Conference Championships,SUN,01/24,Bills,Chiefs,2nd Quarter,6,Buffalo Bills,1,14,0,Pass Incomplete,2nd & 4 at KC 4,00:28 2nd Shotgun,"— J.Allen sacked at KC 9 for -5 yards (A.Hitchens). The Replay Official reviewed the runner was out of bounds ruling, and the play was REVERSED. (Shotgun) J.Allen pass incomplete short right [A.Hitchens]."
2020,Conference Championships,SUN,01/24,Bills,Chiefs,2nd Quarter,6,Buffalo Bills,1,15,0,2 Yard Pass,3rd & 4 at KC 4,00:21 2nd Shotgun,— J.Allen pass short left to D.Knox pushed ob at KC 2 for 2 yards (D.Sorensen).
2020,Conference Championships,SUN,01/24,Bills,Chiefs,2nd Quarter,6,Buffalo Bills,1,16,1,Field Goal,4th & 2 at KC 2,00:14 2nd,"— T.Bass 20 yard field goal is GOOD, Center-R.Ferguson, Holder-C.Bojorquez."
2020,Conference Championships,SUN,01/24,Bills,Chiefs,2nd Quarter,7,Kansas City Chiefs,0,1,0,Kickoff from BUF 35,,Kickoff,— T.Bass kicks 60 yards from BUF 35 to KC 5. M.Hardman to KC 31 for 26 yards (R.Gilliam; D.Johnson).
2020,Conference Championships,SUN,01/24,Bills,Chiefs,2nd Quarter,7,Kansas City Chiefs,0,2,0,-1 Yard Run,1st & 10 at KC 31,00:04 2nd,— P.Mahomes kneels to KC 30 for -1 yards.
2020,Conference Championships,SUN,01/24,Bills,Chiefs,3rd Quarter,1,Kansas City Chiefs,1,1,0,Kickoff from BUF 35,,Kickoff,"— T.Bass kicks 65 yards from BUF 35 to end zone, Touchback."
2020,Conference Championships,SUN,01/24,Bills,Chiefs,3rd Quarter,1,Kansas City Chiefs,1,2,0,16 Yard Pass,1st & 10 at KC 25,15:00 3rd Shotgun,"— P.Mahomes pass short right to T.Hill to BUF 44 for 31 yards (J.Poyer). Buffalo challenged the runner was inbounds ruling, and the play was REVERSED. (Shotgun) P.Mahomes pass short right to T.Hill ran ob at KC 41 for 16 yards."
2020,Conference Championships,SUN,01/24,Bills,Chiefs,3rd Quarter,1,Kansas City Chiefs,1,3,0,5 Yard Pass,1st & 10 at KC 41,14:50 3rd Shotgun,— P.Mahomes pass short right to T.Hill pushed ob at KC 46 for 5 yards (T.White).
2020,Conference Championships,SUN,01/24,Bills,Chiefs,3rd Quarter,1,Kansas City Chiefs,1,4,0,6 Yard Pass,2nd & 5 at KC 46,14:20 3rd Shotgun,— P.Mahomes pass short right to B.Pringle to BUF 48 for 6 yards (J.Poyer).
2020,Conference Championships,SUN,01/24,Bills,Chiefs,3rd Quarter,1,Kansas City Chiefs,1,5,0,-3 Yard Run,1st & 10 at BUF 48,13:43 3rd,— C.Edwards-Helaire left end to KC 49 for -3 yards (M.Addison).
2020,Conference Championships,SUN,01/24,Bills,Chiefs,3rd Quarter,1,Kansas City Chiefs,1,6,0,8 Yard Pass,2nd & 13 at KC 49,13:05 3rd Shotgun,— P.Mahomes pass short left to T.Kelce to BUF 43 for 8 yards (T.White; M.Milano).
2020,Conference Championships,SUN,01/24,Bills,Chiefs,3rd Quarter,1,Kansas City Chiefs,1,7,0,9 Yard Pass,3rd & 5 at BUF 43,12:44 3rd Shotgun,— P.Mahomes pass short left to T.Hill pushed ob at BUF 34 for 9 yards (T.White). KC-A.Wylie was injured during the play. His return is Questionable.
2020,Conference Championships,SUN,01/24,Bills,Chiefs,3rd Quarter,1,Kansas City Chiefs,1,8,0,7 Yard Pass,1st & 10 at BUF 34,12:26 3rd Shotgun,— P.Mahomes pass short middle to T.Hill to BUF 27 for 7 yards (T.Edmunds; L.Wallace).
2020,Conference Championships,SUN,01/24,Bills,Chiefs,3rd Quarter,1,Kansas City Chiefs,1,9,0,Pass Incomplete,2nd & 3 at BUF 27,11:41 3rd Shotgun,— P.Mahomes pass incomplete short right to B.Pringle.
2020,Conference Championships,SUN,01/24,Bills,Chiefs,3rd Quarter,1,Kansas City Chiefs,1,10,0,0 Yard Pass,3rd & 3 at BUF 27,11:37 3rd Shotgun,— P.Mahomes pass short right to C.Edwards-Helaire to BUF 27 for no gain (J.Poyer).
2020,Conference Championships,SUN,01/24,Bills,Chiefs,3rd Quarter,1,Kansas City Chiefs,1,11,1,Field Goal,4th & 3 at BUF 27,10:53 3rd,"— H.Butker 45 yard field goal is GOOD, Center-J.Winchester, Holder-T.Townsend."
2020,Conference Championships,SUN,01/24,Bills,Chiefs,3rd Quarter,2,Buffalo Bills,1,1,0,Kickoff from KC 35,,Kickoff,"— H.Butker kicks 65 yards from KC 35 to end zone, Touchback."
2020,Conference Championships,SUN,01/24,Bills,Chiefs,3rd Quarter,2,Buffalo Bills,1,2,0,6 Yard Pass,1st & 10 at BUF 25,10:48 3rd Shotgun,— J.Allen pass short right to C.Beasley to BUF 31 for 6 yards (L.Sneed).
2020,Conference Championships,SUN,01/24,Bills,Chiefs,3rd Quarter,2,Buffalo Bills,1,3,0,5 Yard Run,2nd & 4 at BUF 31,10:13 3rd,— I.McKenzie right end to BUF 36 for 5 yards (L.Sneed).
2020,Conference Championships,SUN,01/24,Bills,Chiefs,3rd Quarter,2,Buffalo Bills,1,4,0,17 Yard Pass,1st & 10 at BUF 36,09:39 3rd Shotgun,— J.Allen pass short middle to J.Brown to KC 47 for 17 yards (B.Breeland).
2020,Conference Championships,SUN,01/24,Bills,Chiefs,3rd Quarter,2,Buffalo Bills,1,5,0,23 Yard Pass,1st & 10 at KC 47,08:59 3rd Shotgun,— J.Allen pass short right to C.Beasley pushed ob at KC 24 for 23 yards (B.Breeland).
2020,Conference Championships,SUN,01/24,Bills,Chiefs,3rd Quarter,2,Buffalo Bills,1,6,0,Pass Incomplete,1st & 10 at KC 24,08:22 3rd Shotgun,— J.Allen pass incomplete short right [D.Sorensen].
2020,Conference Championships,SUN,01/24,Bills,Chiefs,3rd Quarter,2,Buffalo Bills,1,7,0,-5 Yard Penalty,2nd & 10 at KC 24,08:19 3rd Shotgun,"— PENALTY on BUF-D.Dawkins, False Start, 5 yards, enforced at KC 24 - No Play."
2020,Conference Championships,SUN,01/24,Bills,Chiefs,3rd Quarter,2,Buffalo Bills,1,8,0,9 Yard Run,2nd & 15 at KC 29,08:19 3rd Shotgun,— J.Allen scrambles left end to KC 20 for 9 yards (B.Breeland).
2020,Conference Championships,SUN,01/24,Bills,Chiefs,3rd Quarter,2,Buffalo Bills,1,9,0,5 Yard Penalty,3rd & 6 at KC 20,07:31 3rd Shotgun,"— J.Allen pass incomplete short right to J.Brown. PENALTY on KC-L.Sneed, Defensive Holding, 5 yards, enforced at KC 20 - No Play."
2020,Conference Championships,SUN,01/24,Bills,Chiefs,3rd Quarter,2,Buffalo Bills,1,10,0,6 Yard Pass,1st & 10 at KC 15,07:24 3rd Shotgun,— J.Allen pass short right to T.Yeldon to KC 9 for 6 yards (C.Ward).
2020,Conference Championships,SUN,01/24,Bills,Chiefs,3rd Quarter,2,Buffalo Bills,1,11,0,1 Yard Run,2nd & 4 at KC 9,06:40 3rd,— D.Singletary right end to KC 8 for 1 yard (D.Nnadi; D.Sorensen).
2020,Conference Championships,SUN,01/24,Bills,Chiefs,3rd Quarter,2,Buffalo Bills,1,12,0,Pass Incomplete,3rd & 3 at KC 8,05:56 3rd Shotgun,— J.Allen pass incomplete short right to S.Diggs [C.Jones].
2020,Conference Championships,SUN,01/24,Bills,Chiefs,3rd Quarter,2,Buffalo Bills,1,13,1,Field Goal,4th & 3 at KC 8,05:52 3rd,"— T.Bass 27 yard field goal is GOOD, Center-R.Ferguson, Holder-C.Bojorquez."
2020,Conference Championships,SUN,01/24,Bills,Chiefs,3rd Quarter,3,Kansas City Chiefs,1,1,0,Kickoff from BUF 35,,Kickoff,"— T.Bass kicks 65 yards from BUF 35 to end zone, Touchback."
2020,Conference Championships,SUN,01/24,Bills,Chiefs,3rd Quarter,3,Kansas City Chiefs,1,2,0,Sack,1st & 10 at KC 25,05:49 3rd Shotgun,— P.Mahomes sacked at KC 25 for 0 yards (J.Hughes).
2020,Conference Championships,SUN,01/24,Bills,Chiefs,3rd Quarter,3,Kansas City Chiefs,1,3,0,71 Yard Pass,2nd & 10 at KC 25,05:05 3rd Shotgun,— P.Mahomes pass short middle to T.Hill pushed ob at BUF 4 for 71 yards (M.Hyde; T.Johnson).
2020,Conference Championships,SUN,01/24,Bills,Chiefs,3rd Quarter,3,Kansas City Chiefs,1,4,0,1 Yard Run,1st & 4 at BUF 4,04:13 3rd Shotgun,— Darr.Williams left end to BUF 3 for 1 yard (T.White; M.Milano).
2020,Conference Championships,SUN,01/24,Bills,Chiefs,3rd Quarter,3,Kansas City Chiefs,1,5,0,2 Yard Penalty,2nd & 3 at BUF 3,03:39 3rd Shotgun,"— P.Mahomes pass incomplete short left to M.Hardman. PENALTY on BUF-T.White, Defensive Holding, 2 yards, enforced at BUF 3 - No Play."
2020,Conference Championships,SUN,01/24,Bills,Chiefs,3rd Quarter,3,Kansas City Chiefs,1,6,1,Touchdown,1st & 1 at BUF 1,03:34 3rd Shotgun,"— P.Mahomes pass short middle to T.Kelce for 1 yard, TOUCHDOWN."
2020,Conference Championships,SUN,01/24,Bills,Chiefs,3rd Quarter,3,Kansas City Chiefs,1,7,1,Extra Point,,03:29 3rd,"— H.Butker extra point is GOOD, Center-J.Winchester, Holder-T.Townsend."
2020,Conference Championships,SUN,01/24,Bills,Chiefs,4th Quarter,1,Buffalo Bills,0,1,0,Kickoff from KC 35,,Kickoff,"— H.Butker kicks 65 yards from KC 35 to end zone, Touchback."
2020,Conference Championships,SUN,01/24,Bills,Chiefs,4th Quarter,1,Buffalo Bills,0,2,0,8 Yard Pass,1st & 10 at BUF 25,03:29 3rd Shotgun,— J.Allen pass short right to T.Yeldon to BUF 33 for 8 yards (L.Sneed).
2020,Conference Championships,SUN,01/24,Bills,Chiefs,4th Quarter,1,Buffalo Bills,0,3,0,Pass Incomplete,2nd & 2 at BUF 33,02:47 3rd,— J.Allen pass incomplete deep right to S.Diggs (J.Thornhill). KC-L.Sneed was injured during the play. He is Out.
2020,Conference Championships,SUN,01/24,Bills,Chiefs,4th Quarter,1,Buffalo Bills,0,4,0,6 Yard Pass,3rd & 2 at BUF 33,02:40 3rd Shotgun,— J.Allen pass short right to S.Diggs to BUF 39 for 6 yards (A.Hitchens).
2020,Conference Championships,SUN,01/24,Bills,Chiefs,4th Quarter,1,Buffalo Bills,0,5,0,10 Yard Pass,1st & 10 at BUF 39,02:05 3rd Shotgun,— J.Allen pass short middle to S.Diggs to BUF 49 for 10 yards (A.Hitchens).
2020,Conference Championships,SUN,01/24,Bills,Chiefs,4th Quarter,1,Buffalo Bills,0,6,0,6 Yard Pass,1st & 10 at BUF 49,01:19 3rd Shotgun,— J.Allen pass short left to C.Beasley to KC 45 for 6 yards (A.Hitchens).
2020,Conference Championships,SUN,01/24,Bills,Chiefs,4th Quarter,1,Buffalo Bills,0,7,0,-10 Yard Sack,2nd & 4 at KC 45,00:49 3rd Shotgun,— J.Allen sacked at BUF 45 for -10 yards (F.Clark).
2020,Conference Championships,SUN,01/24,Bills,Chiefs,4th Quarter,1,Buffalo Bills,0,8,0,13 Yard Pass,3rd & 14 at BUF 45,00:06 3rd Shotgun,— J.Allen pass short middle to C.Beasley to KC 42 for 13 yards (T.Mathieu).
2020,Conference Championships,SUN,01/24,Bills,Chiefs,4th Quarter,1,Buffalo Bills,0,9,0,4 Yard Run,4th & 1 at KC 42,15:00 4th,— I.McKenzie left end to KC 38 for 4 yards (T.Mathieu).
2020,Conference Championships,SUN,01/24,Bills,Chiefs,4th Quarter,1,Buffalo Bills,0,10,0,Pass Incomplete,1st & 10 at KC 38,14:22 4th Shotgun,— J.Allen pass incomplete deep left to S.Diggs.
2020,Conference Championships,SUN,01/24,Bills,Chiefs,4th Quarter,1,Buffalo Bills,0,11,0,18 Yard Run,2nd & 10 at KC 38,14:16 4th Shotgun,— J.Allen scrambles right end to KC 20 for 18 yards (T.Mathieu).
2020,Conference Championships,SUN,01/24,Bills,Chiefs,4th Quarter,1,Buffalo Bills,0,12,0,Pass Incomplete,1st & 10 at KC 20,13:28 4th Shotgun,— J.Allen pass incomplete short right to D.Knox (J.Thornhill).
2020,Conference Championships,SUN,01/24,Bills,Chiefs,4th Quarter,1,Buffalo Bills,0,13,0,Interception,2nd & 10 at KC 20,13:21 4th Shotgun,— J.Allen pass short left intended for J.Brown INTERCEPTED by R.Fenton (B.Breeland) at KC 12. R.Fenton to KC 42 for 30 yards (J.Allen).
2020,Conference Championships,SUN,01/24,Bills,Chiefs,4th Quarter,2,Kansas City Chiefs,1,1,0,3 Yard Run,1st & 10 at KC 42,13:11 4th Shotgun,— Darr.Williams right guard to KC 45 for 3 yards (M.Milano; H.Phillips).
2020,Conference Championships,SUN,01/24,Bills,Chiefs,4th Quarter,2,Kansas City Chiefs,1,2,0,12 Yard Pass,2nd & 7 at KC 45,12:33 4th Shotgun,— P.Mahomes pass short middle to T.Kelce to BUF 43 for 12 yards (T.White). KC-E.Fisher was injured during the play. He is Out.
2020,Conference Championships,SUN,01/24,Bills,Chiefs,4th Quarter,2,Kansas City Chiefs,1,3,0,9 Yard Run,1st & 10 at BUF 43,11:59 4th Shotgun,— P.Mahomes left end to BUF 34 for 9 yards (M.Addison).
2020,Conference Championships,SUN,01/24,Bills,Chiefs,4th Quarter,2,Kansas City Chiefs,1,4,0,0 Yard Run,2nd & 1 at BUF 34,11:16 4th Shotgun,— Darr.Williams left end to BUF 34 for no gain (M.Milano; J.Poyer).
2020,Conference Championships,SUN,01/24,Bills,Chiefs,4th Quarter,2,Kansas City Chiefs,1,5,0,5 Yard Run,3rd & 1 at BUF 34,10:34 4th,— Darr.Williams right guard to BUF 29 for 5 yards (Q.Jefferson; T.White).
2020,Conference Championships,SUN,01/24,Bills,Chiefs,4th Quarter,2,Kansas City Chiefs,1,6,0,Pass Incomplete,1st & 10 at BUF 29,09:52 4th Shotgun,— P.Mahomes pass incomplete short left to M.Hardman (A.Epenesa).
2020,Conference Championships,SUN,01/24,Bills,Chiefs,4th Quarter,2,Kansas City Chiefs,1,7,0,12 Yard Pass,2nd & 10 at BUF 29,09:48 4th Shotgun,— P.Mahomes pass short right to T.Hill pushed ob at BUF 17 for 12 yards (T.Johnson).
2020,Conference Championships,SUN,01/24,Bills,Chiefs,4th Quarter,2,Kansas City Chiefs,1,8,0,11 Yard Run,1st & 10 at BUF 17,09:12 4th Shotgun,— Darr.Williams right end to BUF 6 for 11 yards (T.Edmunds).
2020,Conference Championships,SUN,01/24,Bills,Chiefs,4th Quarter,2,Kansas City Chiefs,1,9,0,1 Yard Run,1st & 6 at BUF 6,08:29 4th Shotgun,— Darr.Williams right end to BUF 5 for 1 yard (J.Zimmer).
2020,Conference Championships,SUN,01/24,Bills,Chiefs,4th Quarter,2,Kansas City Chiefs,1,10,0,Pass Incomplete,2nd & 5 at BUF 5,07:48 4th Shotgun,— P.Mahomes pass incomplete short right to T.Hill.
2020,Conference Championships,SUN,01/24,Bills,Chiefs,4th Quarter,2,Kansas City Chiefs,1,11,1,Touchdown,3rd & 5 at BUF 5,07:41 4th Shotgun,"— P.Mahomes pass short left to T.Kelce for 5 yards, TOUCHDOWN."
2020,Conference Championships,SUN,01/24,Bills,Chiefs,4th Quarter,2,Kansas City Chiefs,1,12,1,Extra Point,,07:36 4th,"— H.Butker extra point is GOOD, Center-J.Winchester, Holder-T.Townsend."
2020,Conference Championships,SUN,01/24,Bills,Chiefs,4th Quarter,3,Buffalo Bills,1,1,0,Kickoff from KC 35,,Kickoff,"— H.Butker kicks 65 yards from KC 35 to end zone, Touchback."
2020,Conference Championships,SUN,01/24,Bills,Chiefs,4th Quarter,3,Buffalo Bills,1,2,0,Pass Incomplete,1st & 10 at BUF 25,07:36 4th Shotgun,— J.Allen pass incomplete short right to G.Davis.
2020,Conference Championships,SUN,01/24,Bills,Chiefs,4th Quarter,3,Buffalo Bills,1,3,0,8 Yard Run,2nd & 10 at BUF 25,07:33 4th Shotgun,— J.Allen scrambles left end to BUF 33 for 8 yards (B.Breeland).
2020,Conference Championships,SUN,01/24,Bills,Chiefs,4th Quarter,3,Buffalo Bills,1,4,0,11 Yard Run,3rd & 2 at BUF 33,06:48 4th Shotgun,— J.Allen left end to BUF 44 for 11 yards (D.Sorensen).
2020,Conference Championships,SUN,01/24,Bills,Chiefs,4th Quarter,3,Buffalo Bills,1,5,0,9 Yard Pass,1st & 10 at BUF 44,"06:18 4th No Huddle, Shotgun",— J.Allen pass short left to C.Beasley to KC 47 for 9 yards (D.Sorensen).
2020,Conference Championships,SUN,01/24,Bills,Chiefs,4th Quarter,3,Buffalo Bills,1,6,0,11 Yard Pass,2nd & 1 at KC 47,05:44 4th Shotgun,— J.Allen pass short right to D.Knox to KC 36 for 11 yards (R.Fenton).
2020,Conference Championships,SUN,01/24,Bills,Chiefs,4th Quarter,3,Buffalo Bills,1,7,0,7 Yard Pass,1st & 10 at KC 36,"05:14 4th No Huddle, Shotgun",— J.Allen pass short right to D.Singletary to KC 29 for 7 yards (C.Ward).
2020,Conference Championships,SUN,01/24,Bills,Chiefs,4th Quarter,3,Buffalo Bills,1,8,0,-10 Yard Sack,2nd & 3 at KC 29,"04:40 4th No Huddle, Shotgun",— J.Allen sacked at KC 39 for -10 yards (F.Clark).
2020,Conference Championships,SUN,01/24,Bills,Chiefs,4th Quarter,3,Buffalo Bills,1,9,0,27 Yard Pass,3rd & 13 at KC 39,04:32 4th Shotgun,"— J.Allen pass short right to S.Diggs to KC 24 for 15 yards (D.Sorensen) [T.Wharton]. PENALTY on KC-A.Okafor, Roughing the Passer, 12 yards, enforced at KC 24."
2020,Conference Championships,SUN,01/24,Bills,Chiefs,4th Quarter,3,Buffalo Bills,1,10,0,6 Yard Pass,1st & 10 at KC 12,04:17 4th Shotgun,— J.Allen pass short right to D.Knox pushed ob at KC 6 for 6 yards (C.Ward).
2020,Conference Championships,SUN,01/24,Bills,Chiefs,4th Quarter,3,Buffalo Bills,1,11,1,Touchdown,2nd & 4 at KC 6,04:11 4th Shotgun,"— J.Allen pass short middle to I.McKenzie for 6 yards, TOUCHDOWN [T.Kpassagnon]."
2020,Conference Championships,SUN,01/24,Bills,Chiefs,4th Quarter,3,Buffalo Bills,1,12,0,2PT Conversion Fails,,04:08 4th,— TWO-POINT CONVERSION ATTEMPT. J.Allen pass to S.Diggs is incomplete. ATTEMPT FAILS. DEFENSIVE TWO-POINT ATTEMPT. B.Breeland intercepted the try attempt. ATTEMPT FAILS.
2020,Conference Championships,SUN,01/24,Bills,Chiefs,4th Quarter,4,Buffalo Bills,1,1,0,Kickoff from BUF 35,,Kickoff,"— T.Bass kicks onside 16 yards from BUF 35 to KC 49, impetus ends at BUF 48. RECOVERED by BUF-T.Edmunds."
2020,Conference Championships,SUN,01/24,Bills,Chiefs,4th Quarter,4,Buffalo Bills,1,2,0,34 Yard Pass,1st & 10 at KC 49,04:06 4th Shotgun,— J.Allen pass deep middle to S.Diggs to KC 15 for 34 yards (T.Mathieu).
2020,Conference Championships,SUN,01/24,Bills,Chiefs,4th Quarter,4,Buffalo Bills,1,3,0,Pass Incomplete,1st & 10 at KC 15,"03:41 4th No Huddle, Shotgun",— J.Allen pass incomplete short left to G.Davis.
2020,Conference Championships,SUN,01/24,Bills,Chiefs,4th Quarter,4,Buffalo Bills,1,4,0,Pass Incomplete,2nd & 10 at KC 15,03:37 4th Shotgun,— J.Allen pass incomplete short left to G.Davis.
2020,Conference Championships,SUN,01/24,Bills,Chiefs,4th Quarter,4,Buffalo Bills,1,5,0,-18 Yard Sack,3rd & 10 at KC 15,03:32 4th Shotgun,"— J.Allen sacked at KC 33 for -18 yards (T.Kpassagnon). Penalty on BUF-J.Allen, Unsportsmanlike Conduct, offsetting. Penalty on KC-A.Okafor, Unsportsmanlike Conduct, offsetting. Penalty on BUF-D.Dawkins, Unnecessary Roughness, offsetting. Penalty on BUF-J.Feliciano, Unnecessary Roughness, offsetting."
2020,Conference Championships,SUN,01/24,Bills,Chiefs,4th Quarter,4,Buffalo Bills,1,6,1,Field Goal,4th & 28 at KC 33,03:19 4th,"— T.Bass 51 yard field goal is GOOD, Center-R.Ferguson, Holder-C.Bojorquez."
2020,Conference Championships,SUN,01/24,Bills,Chiefs,4th Quarter,5,Kansas City Chiefs,0,1,0,Kickoff from BUF 35,,Kickoff,— T.Bass kicks onside 12 yards from BUF 35 to BUF 47. M.Kemp (didn't try to advance) to BUF 47 for no gain.
2020,Conference Championships,SUN,01/24,Bills,Chiefs,4th Quarter,5,Kansas City Chiefs,0,2,0,2 Yard Run,1st & 10 at BUF 47,03:13 4th Shotgun,"— Darr.Williams left guard to BUF 45 for 2 yards (Q.Jefferson, J.Poyer)."
2020,Conference Championships,SUN,01/24,Bills,Chiefs,4th Quarter,5,Kansas City Chiefs,0,3,0,Timeout,,03:07 4th,— Timeout #1 by BUF at 03:07.
2020,Conference Championships,SUN,01/24,Bills,Chiefs,4th Quarter,5,Kansas City Chiefs,0,4,0,20 Yard Run,2nd & 8 at BUF 45,03:07 4th Shotgun,"— Darr.Williams right guard to BUF 40 for 5 yards (M.Addison). PENALTY on BUF-Q.Jefferson, Unnecessary Roughness, 15 yards, enforced at BUF 40."
2020,Conference Championships,SUN,01/24,Bills,Chiefs,4th Quarter,5,Kansas City Chiefs,0,5,0,2 Yard Run,1st & 10 at BUF 25,03:01 4th,— Darr.Williams up the middle to BUF 23 for 2 yards (H.Phillips).
2020,Conference Championships,SUN,01/24,Bills,Chiefs,4th Quarter,5,Kansas City Chiefs,0,6,0,Timeout,,02:56 4th,— Timeout #2 by BUF at 02:56.
2020,Conference Championships,SUN,01/24,Bills,Chiefs,4th Quarter,5,Kansas City Chiefs,0,7,0,-3 Yard Run,2nd & 8 at BUF 23,02:56 4th,— Darr.Williams up the middle to BUF 26 for -3 yards (M.Addison).
2020,Conference Championships,SUN,01/24,Bills,Chiefs,4th Quarter,5,Kansas City Chiefs,0,8,0,Timeout,,02:51 4th,— Timeout #3 by BUF at 02:51.
2020,Conference Championships,SUN,01/24,Bills,Chiefs,4th Quarter,5,Kansas City Chiefs,0,9,0,13 Yard Run,3rd & 11 at BUF 26,02:51 4th,— Darr.Williams left end to BUF 13 for 13 yards (J.Poyer).
2020,Conference Championships,SUN,01/24,Bills,Chiefs,4th Quarter,5,Kansas City Chiefs,0,10,0,-1 Yard Run,1st & 10 at BUF 13,02:00 4th,— P.Mahomes kneels to BUF 14 for -1 yards.
2020,Conference Championships,SUN,01/24,Bills,Chiefs,4th Quarter,5,Kansas City Chiefs,0,11,0,-1 Yard Run,2nd & 11 at BUF 14,01:19 4th,— P.Mahomes kneels to BUF 15 for -1 yards.
2020,Conference Championships,SUN,01/24,Bills,Chiefs,4th Quarter,5,Kansas City Chiefs,0,12,0,-1 Yard Run,3rd & 12 at BUF 15,00:37 4th,— P.Mahomes kneels to BUF 16 for -1 yards.
