Season,Week,Day,Date,AwayTeam,HomeTeam,Quarter,DriveNumber,TeamWithPossession,IsScoringDrive,PlayNumberInDrive,IsScoringPlay,PlayOutcome,PlayStart,PlayTimeFormation,PlayDescription
2018,Conference Championships,SUN,01/20,Rams,Saints,1st Quarter,1,New Orleans Saints,1,1,0,Kickoff from LAR 35,,Kickoff,"— G.Zuerlein kicks 65 yards from LAR 35 to end zone, Touchback."
2018,Conference Championships,SUN,01/20,Rams,Saints,1st Quarter,1,New Orleans Saints,1,2,0,Pass Incomplete,1st & 10 at NO 25,15:00 1st Shotgun,— D.Brees pass incomplete short right.
2018,Conference Championships,SUN,01/20,Rams,Saints,1st Quarter,1,New Orleans Saints,1,3,0,2 Yard Run,2nd & 10 at NO 25,14:56 1st,— A.Kamara right guard to NO 27 for 2 yards (N.Suh).
2018,Conference Championships,SUN,01/20,Rams,Saints,1st Quarter,1,New Orleans Saints,1,4,0,9 Yard Pass,3rd & 8 at NO 27,14:16 1st Shotgun,"— D.Brees pass short left to T.Ginn to NO 36 for 9 yards (M.Peters). Pass 9, YAC 0"
2018,Conference Championships,SUN,01/20,Rams,Saints,1st Quarter,1,New Orleans Saints,1,5,0,9 Yard Run,1st & 10 at NO 36,13:44 1st Shotgun,"— M.Ingram right guard to NO 45 for 9 yards (J.Johnson, M.Barron)."
2018,Conference Championships,SUN,01/20,Rams,Saints,1st Quarter,1,New Orleans Saints,1,6,0,-2 Yard Run,2nd & 1 at NO 45,13:09 1st,"— M.Ingram right guard to NO 43 for -2 yards (D.Fowler, M.Peters)."
2018,Conference Championships,SUN,01/20,Rams,Saints,1st Quarter,1,New Orleans Saints,1,7,0,21 Yard Pass,3rd & 3 at NO 43,12:31 1st Shotgun,"— D.Brees pass short right to A.Kamara ran ob at LAR 36 for 21 yards (J.Franklin). Pass 13, YAC 8"
2018,Conference Championships,SUN,01/20,Rams,Saints,1st Quarter,1,New Orleans Saints,1,8,0,14 Yard Pass,1st & 10 at LAR 36,11:53 1st Shotgun,"— D.Brees pass short middle to A.Kamara to LAR 22 for 14 yards (M.Barron). Pass 8, YAC 6"
2018,Conference Championships,SUN,01/20,Rams,Saints,1st Quarter,1,New Orleans Saints,1,9,0,Pass Incomplete,1st & 10 at LAR 22,11:08 1st Shotgun,— D.Brees pass incomplete short left.
2018,Conference Championships,SUN,01/20,Rams,Saints,1st Quarter,1,New Orleans Saints,1,10,0,3 Yard Pass,2nd & 10 at LAR 22,11:02 1st Shotgun,"— D.Brees pass short right to M.Thomas to LAR 19 for 3 yards (A.Talib). Pass 2, YAC 1"
2018,Conference Championships,SUN,01/20,Rams,Saints,1st Quarter,1,New Orleans Saints,1,11,0,Timeout,,10:12 1st,— Timeout #1 by NO at 10:12.
2018,Conference Championships,SUN,01/20,Rams,Saints,1st Quarter,1,New Orleans Saints,1,12,0,Pass Incomplete,3rd & 7 at LAR 19,10:12 1st Shotgun,— D.Brees pass incomplete deep middle to D.Arnold.
2018,Conference Championships,SUN,01/20,Rams,Saints,1st Quarter,1,New Orleans Saints,1,13,1,Field Goal,4th & 7 at LAR 19,10:07 1st,"— W.Lutz 37 yard field goal is GOOD, Center-Z.Wood, Holder-T.Morstead."
2018,Conference Championships,SUN,01/20,Rams,Saints,1st Quarter,2,Los Angeles Rams,0,1,0,Kickoff from NO 35,,Kickoff,"— W.Lutz kicks 62 yards from NO 35 to LAR 3. J.Natson to LAR 20 for 17 yards (V.Bell). PENALTY on LAR-M.Christian, Illegal Block Above the Waist, 10 yards, enforced at LAR 20."
2018,Conference Championships,SUN,01/20,Rams,Saints,1st Quarter,2,Los Angeles Rams,0,2,0,7 Yard Pass,1st & 10 at LAR 10,09:58 1st,"— J.Goff pass short right to R.Woods pushed ob at LAR 17 for 7 yards (P.Williams). Pass 4, YAC 3"
2018,Conference Championships,SUN,01/20,Rams,Saints,1st Quarter,2,Los Angeles Rams,0,3,0,-4 Yard Run,2nd & 3 at LAR 17,09:26 1st,— T.Gurley left tackle to LAR 13 for -4 yards (D.Davis).
2018,Conference Championships,SUN,01/20,Rams,Saints,1st Quarter,2,Los Angeles Rams,0,4,0,Interception,3rd & 7 at LAR 13,08:42 1st Shotgun,— J.Goff pass short middle intended for T.Gurley INTERCEPTED by D.Davis at LAR 17. D.Davis to LAR 16 for 1 yard (T.Gurley).
2018,Conference Championships,SUN,01/20,Rams,Saints,1st Quarter,3,New Orleans Saints,1,1,0,1 Yard Run,1st & 10 at LAR 16,08:35 1st,— M.Ingram left tackle to LAR 15 for 1 yard (C.Littleton).
2018,Conference Championships,SUN,01/20,Rams,Saints,1st Quarter,3,New Orleans Saints,1,2,0,Pass Incomplete,2nd & 9 at LAR 15,07:55 1st Shotgun,— D.Brees pass incomplete short right to T.Smith.
2018,Conference Championships,SUN,01/20,Rams,Saints,1st Quarter,3,New Orleans Saints,1,3,0,5 Yard Pass,3rd & 9 at LAR 15,07:50 1st Shotgun,"— D.Brees pass short right to A.Kamara to LAR 10 for 5 yards (C.Littleton). Pass -3, YAC 8"
2018,Conference Championships,SUN,01/20,Rams,Saints,1st Quarter,3,New Orleans Saints,1,4,1,Field Goal,4th & 4 at LAR 10,07:10 1st,"— W.Lutz 29 yard field goal is GOOD, Center-Z.Wood, Holder-T.Morstead."
2018,Conference Championships,SUN,01/20,Rams,Saints,1st Quarter,4,Los Angeles Rams,0,1,0,Kickoff from NO 35,,Kickoff,"— W.Lutz kicks 65 yards from NO 35 to end zone, Touchback."
2018,Conference Championships,SUN,01/20,Rams,Saints,1st Quarter,4,Los Angeles Rams,0,2,0,0 Yard Pass,1st & 10 at LAR 25,07:06 1st,"— J.Goff pass short left to R.Woods to LAR 25 for no gain (A.Klein). Pass -2, YAC 2"
2018,Conference Championships,SUN,01/20,Rams,Saints,1st Quarter,4,Los Angeles Rams,0,3,0,2 Yard Run,2nd & 10 at LAR 25,06:22 1st Shotgun,— T.Gurley left guard to LAR 27 for 2 yards (T.Davison).
2018,Conference Championships,SUN,01/20,Rams,Saints,1st Quarter,4,Los Angeles Rams,0,4,0,Pass Incomplete,3rd & 8 at LAR 27,05:39 1st Shotgun,— J.Goff pass incomplete deep middle to R.Woods.
2018,Conference Championships,SUN,01/20,Rams,Saints,1st Quarter,4,Los Angeles Rams,0,5,0,Punt,4th & 8 at LAR 27,05:35 1st,"— J.Hekker punts 41 yards to NO 32, Center-J.McQuaide, out of bounds."
2018,Conference Championships,SUN,01/20,Rams,Saints,1st Quarter,5,New Orleans Saints,1,1,0,24 Yard Pass,1st & 10 at NO 32,05:26 1st,"— D.Brees pass short right to J.Hill to LAR 44 for 24 yards (C.Littleton). Pass -1, YAC 25"
2018,Conference Championships,SUN,01/20,Rams,Saints,1st Quarter,5,New Orleans Saints,1,2,0,2 Yard Run,1st & 10 at LAR 44,05:05 1st,— A.Kamara right tackle to LAR 42 for 2 yards (M.Barron).
2018,Conference Championships,SUN,01/20,Rams,Saints,1st Quarter,5,New Orleans Saints,1,3,0,5 Yard Pass,2nd & 8 at LAR 42,04:29 1st,"— D.Brees pass short left to M.Thomas to LAR 37 for 5 yards (C.Littleton) [A.Donald]. Pass 5, YAC 0"
2018,Conference Championships,SUN,01/20,Rams,Saints,1st Quarter,5,New Orleans Saints,1,4,0,19 Yard Pass,3rd & 3 at LAR 37,03:46 1st Shotgun,"— D.Brees pass short middle to M.Thomas ran ob at LAR 18 for 19 yards (M.Peters). Pass 5, YAC 14"
2018,Conference Championships,SUN,01/20,Rams,Saints,1st Quarter,5,New Orleans Saints,1,5,0,Pass Incomplete,1st & 10 at LAR 18,03:08 1st Shotgun,— D.Brees pass incomplete short left to T.Ginn.
2018,Conference Championships,SUN,01/20,Rams,Saints,1st Quarter,5,New Orleans Saints,1,6,0,6 Yard Pass,2nd & 10 at LAR 18,03:05 1st Shotgun,"— D.Brees pass short right to A.Kamara pushed ob at LAR 12 for 6 yards (M.Barron). Pass 5, YAC 1"
2018,Conference Championships,SUN,01/20,Rams,Saints,1st Quarter,5,New Orleans Saints,1,7,0,2 Yard Run,3rd & 4 at LAR 12,02:33 1st Shotgun,— A.Kamara left guard to LAR 10 for 2 yards (J.Franklin; D.Fowler). #7 T.Hill at QB
2018,Conference Championships,SUN,01/20,Rams,Saints,1st Quarter,5,New Orleans Saints,1,8,0,5 Yard Penalty,4th & 2 at LAR 10,01:46 1st Run formation,"— PENALTY on LAR-M.Brockers, Encroachment, 5 yards, enforced at LAR 10 - No Play."
2018,Conference Championships,SUN,01/20,Rams,Saints,1st Quarter,5,New Orleans Saints,1,9,1,Touchdown,1st & 5 at LAR 5,01:40 1st,"— D.Brees pass short right to G.Griffin for 5 yards, TOUCHDOWN. Pass 5, YAC 0"
2018,Conference Championships,SUN,01/20,Rams,Saints,1st Quarter,5,New Orleans Saints,1,10,1,Extra Point,,01:35 1st,"— W.Lutz extra point is GOOD, Center-Z.Wood, Holder-T.Morstead."
2018,Conference Championships,SUN,01/20,Rams,Saints,2nd Quarter,1,Los Angeles Rams,1,1,0,Kickoff from NO 35,,Kickoff,"— W.Lutz kicks 65 yards from NO 35 to end zone, Touchback."
2018,Conference Championships,SUN,01/20,Rams,Saints,2nd Quarter,1,Los Angeles Rams,1,2,0,5 Yard Run,1st & 10 at LAR 25,01:35 1st,— C.Anderson left guard to LAR 30 for 5 yards (M.Davenport).
2018,Conference Championships,SUN,01/20,Rams,Saints,2nd Quarter,1,Los Angeles Rams,1,3,0,-5 Yard Penalty,2nd & 5 at LAR 30,00:54 1st,"— PENALTY on LAR-R.Saffold, False Start, 5 yards, enforced at LAR 30 - No Play."
2018,Conference Championships,SUN,01/20,Rams,Saints,2nd Quarter,1,Los Angeles Rams,1,4,0,Timeout,,00:32 1st,— Timeout #1 by LAR at 00:32.
2018,Conference Championships,SUN,01/20,Rams,Saints,2nd Quarter,1,Los Angeles Rams,1,5,0,5 Yard Pass,2nd & 10 at LAR 25,00:32 1st Shotgun,"— J.Goff pass short left to C.Anderson to LAR 30 for 5 yards (M.Williams, M.Lattimore). Pass 4, YAC 1"
2018,Conference Championships,SUN,01/20,Rams,Saints,2nd Quarter,1,Los Angeles Rams,1,6,0,0 Yard Pass,3rd & 5 at LAR 30,15:00 2nd Shotgun,"— J.Goff pass short right to R.Woods to LAR 30 for no gain (P.Williams; A.Anzalone). Pass -3, YAC 3"
2018,Conference Championships,SUN,01/20,Rams,Saints,2nd Quarter,1,Los Angeles Rams,1,7,0,6 Yard Pass,1st & 10 at LAR 42,13:54 2nd,"— J.Goff pass short left to T.Higbee pushed ob at LAR 48 for 6 yards (P.Williams) [A.Okafor]. Pass -3, YAC 9"
2018,Conference Championships,SUN,01/20,Rams,Saints,2nd Quarter,1,Los Angeles Rams,1,8,0,7 Yard Run,2nd & 4 at LAR 48,13:31 2nd,— J.Goff scrambles right end to NO 45 for 7 yards (A.Klein).
2018,Conference Championships,SUN,01/20,Rams,Saints,2nd Quarter,1,Los Angeles Rams,1,9,0,Pass Incomplete,1st & 10 at NO 45,12:55 2nd,— J.Goff pass incomplete short right.
2018,Conference Championships,SUN,01/20,Rams,Saints,2nd Quarter,1,Los Angeles Rams,1,10,0,11 Yard Pass,2nd & 10 at NO 45,12:49 2nd Shotgun,"— J.Goff pass short middle to G.Everett to NO 34 for 11 yards (A.Klein, D.Davis). Pass 7, YAC 4"
2018,Conference Championships,SUN,01/20,Rams,Saints,2nd Quarter,1,Los Angeles Rams,1,11,0,8 Yard Run,1st & 10 at NO 34,12:09 2nd,— C.Anderson left guard to NO 26 for 8 yards (T.Davison; D.Davis). NO-A.Klein was injured during the play.
2018,Conference Championships,SUN,01/20,Rams,Saints,2nd Quarter,1,Los Angeles Rams,1,12,0,4 Yard Run,2nd & 2 at NO 26,11:47 2nd,"— C.Anderson left guard to NO 22 for 4 yards (D.Davis, T.Stallworth)."
2018,Conference Championships,SUN,01/20,Rams,Saints,2nd Quarter,1,Los Angeles Rams,1,13,0,4 Yard Pass,1st & 10 at NO 22,11:13 2nd,"— J.Goff pass short right to B.Cooks to NO 18 for 4 yards (E.Apple). Pass 3, YAC 1"
2018,Conference Championships,SUN,01/20,Rams,Saints,2nd Quarter,1,Los Angeles Rams,1,14,0,0 Yard Run,2nd & 6 at NO 18,10:35 2nd,— C.Anderson left tackle to NO 18 for no gain (V.Bell).
2018,Conference Championships,SUN,01/20,Rams,Saints,2nd Quarter,1,Los Angeles Rams,1,15,0,Pass Incomplete,3rd & 6 at NO 18,09:53 2nd Shotgun,— J.Goff pass incomplete short right to T.Gurley.
2018,Conference Championships,SUN,01/20,Rams,Saints,2nd Quarter,1,Los Angeles Rams,1,16,1,Field Goal,4th & 6 at NO 18,09:49 2nd,"— G.Zuerlein 36 yard field goal is GOOD, Center-J.McQuaide, Holder-J.Hekker."
2018,Conference Championships,SUN,01/20,Rams,Saints,2nd Quarter,2,New Orleans Saints,0,1,0,Kickoff from LAR 35,,Kickoff,"— G.Zuerlein kicks 65 yards from LAR 35 to end zone, Touchback."
2018,Conference Championships,SUN,01/20,Rams,Saints,2nd Quarter,2,New Orleans Saints,0,2,0,-2 Yard Run,1st & 10 at NO 25,09:45 2nd Shotgun,— A.Kamara right tackle to NO 23 for -2 yards (D.Fowler; M.Brockers).
2018,Conference Championships,SUN,01/20,Rams,Saints,2nd Quarter,2,New Orleans Saints,0,3,0,7 Yard Pass,2nd & 12 at NO 23,09:02 2nd Shotgun,"— D.Brees pass short right to G.Griffin pushed ob at NO 30 for 7 yards (M.Brockers) [A.Donald]. Pass -5, YAC 12"
2018,Conference Championships,SUN,01/20,Rams,Saints,2nd Quarter,2,New Orleans Saints,0,4,0,Pass Incomplete,3rd & 5 at NO 30,08:20 2nd Shotgun,— D.Brees pass incomplete short left to A.Kamara.
2018,Conference Championships,SUN,01/20,Rams,Saints,2nd Quarter,2,New Orleans Saints,0,5,0,Punt,4th & 5 at NO 30,08:15 2nd,"— T.Morstead punts 48 yards to LAR 22, Center-Z.Wood, fair catch by J.Natson."
2018,Conference Championships,SUN,01/20,Rams,Saints,2nd Quarter,3,Los Angeles Rams,0,1,0,3 Yard Run,1st & 10 at LAR 22,08:08 2nd,— C.Anderson right tackle to LAR 25 for 3 yards (D.Davis; C.Jordan).
2018,Conference Championships,SUN,01/20,Rams,Saints,2nd Quarter,3,Los Angeles Rams,0,2,0,6 Yard Pass,2nd & 7 at LAR 25,07:24 2nd,"— J.Goff pass short right to R.Woods to LAR 31 for 6 yards (E.Apple). Pass 5, YAC 1"
2018,Conference Championships,SUN,01/20,Rams,Saints,2nd Quarter,3,Los Angeles Rams,0,3,0,3 Yard Run,3rd & 1 at LAR 31,06:46 2nd,"— C.Anderson left tackle to LAR 34 for 3 yards (D.Davis, A.Okafor)."
2018,Conference Championships,SUN,01/20,Rams,Saints,2nd Quarter,3,Los Angeles Rams,0,4,0,Pass Incomplete,1st & 10 at LAR 34,06:18 2nd,— J.Goff pass incomplete short left to R.Woods.
2018,Conference Championships,SUN,01/20,Rams,Saints,2nd Quarter,3,Los Angeles Rams,0,5,0,Timeout,,06:12 2nd,— Timeout #2 by NO at 06:12.
2018,Conference Championships,SUN,01/20,Rams,Saints,2nd Quarter,3,Los Angeles Rams,0,6,0,6 Yard Run,2nd & 10 at LAR 34,06:12 2nd,— C.Anderson left guard to LAR 40 for 6 yards (D.Davis).
2018,Conference Championships,SUN,01/20,Rams,Saints,2nd Quarter,3,Los Angeles Rams,0,7,0,Pass Incomplete,3rd & 4 at LAR 40,05:31 2nd Shotgun,— J.Goff pass incomplete short right to J.Reynolds (P.Williams).
2018,Conference Championships,SUN,01/20,Rams,Saints,2nd Quarter,3,Los Angeles Rams,0,8,0,Punt,4th & 4 at LAR 40,05:26 2nd,"— J.Hekker punts 43 yards to NO 17, Center-J.McQuaide, fair catch by T.Lewis."
2018,Conference Championships,SUN,01/20,Rams,Saints,2nd Quarter,4,New Orleans Saints,0,1,0,2 Yard Run,1st & 10 at NO 17,05:20 2nd,— J.Bushrod reported in as eligible. A.Kamara right guard to NO 19 for 2 yards (M.Brockers; S.Ebukam).
2018,Conference Championships,SUN,01/20,Rams,Saints,2nd Quarter,4,New Orleans Saints,0,2,0,6 Yard Pass,2nd & 8 at NO 19,04:42 2nd,"— D.Brees pass short right to T.Ginn to NO 25 for 6 yards (S.Ebukam). FUMBLES (S.Ebukam), ball out of bounds at NO 25. Pass -1, YAC 7"
2018,Conference Championships,SUN,01/20,Rams,Saints,2nd Quarter,4,New Orleans Saints,0,3,0,5 Yard Pass,3rd & 2 at NO 25,04:11 2nd Shotgun,"— D.Brees pass short right to A.Kamara pushed ob at NO 30 for 5 yards (J.Johnson). Pass 4, YAC 1"
2018,Conference Championships,SUN,01/20,Rams,Saints,2nd Quarter,4,New Orleans Saints,0,4,0,-6 Yard Sack,1st & 10 at NO 30,03:39 2nd Shotgun,— D.Brees sacked at NO 24 for -6 yards (N.Suh).
2018,Conference Championships,SUN,01/20,Rams,Saints,2nd Quarter,4,New Orleans Saints,0,5,0,-1 Yard Sack,2nd & 16 at NO 24,02:54 2nd Shotgun,— D.Brees sacked at NO 23 for -1 yards (sack split by N.Suh and D.Fowler).
2018,Conference Championships,SUN,01/20,Rams,Saints,2nd Quarter,4,New Orleans Saints,0,6,0,3 Yard Pass,3rd & 17 at NO 23,02:06 2nd Shotgun,"— D.Brees pass short right to A.Kamara ran ob at NO 26 for 3 yards (C.Littleton). Pass -5, YAC 8"
2018,Conference Championships,SUN,01/20,Rams,Saints,2nd Quarter,4,New Orleans Saints,0,7,0,Punt,4th & 14 at NO 26,02:00 2nd,"— T.Morstead punts 45 yards to LAR 29, Center-Z.Wood. J.Natson to LAR 29 for no gain (J.Hardee). PENALTY on LAR-M.Christian, Offensive Holding, 10 yards, enforced at LAR 29."
2018,Conference Championships,SUN,01/20,Rams,Saints,2nd Quarter,5,Los Angeles Rams,1,1,0,9 Yard Pass,1st & 10 at LAR 19,01:52 2nd Shotgun,"— J.Goff pass short middle to J.Reynolds to LAR 28 for 9 yards (D.Davis). Pass 6, YAC 3"
2018,Conference Championships,SUN,01/20,Rams,Saints,2nd Quarter,5,Los Angeles Rams,1,2,0,13 Yard Pass,2nd & 1 at LAR 28,"01:27 2nd No Huddle, Shotgun","— J.Goff pass short right to J.Reynolds to LAR 41 for 13 yards (D.Davis; M.Williams). Pass 7, YAC 6"
2018,Conference Championships,SUN,01/20,Rams,Saints,2nd Quarter,5,Los Angeles Rams,1,3,0,Pass Incomplete,1st & 10 at LAR 41,"01:03 2nd No Huddle, Shotgun",— J.Goff pass incomplete short right to G.Everett [E.Apple].
2018,Conference Championships,SUN,01/20,Rams,Saints,2nd Quarter,5,Los Angeles Rams,1,4,0,Pass Incomplete,2nd & 10 at LAR 41,00:57 2nd Shotgun,— J.Goff pass incomplete short middle to J.Reynolds.
2018,Conference Championships,SUN,01/20,Rams,Saints,2nd Quarter,5,Los Angeles Rams,1,5,0,17 Yard Pass,3rd & 10 at LAR 41,00:53 2nd Shotgun,— J.Goff pass deep right to B.Cooks to NO 42 for 17 yards (E.Apple).
2018,Conference Championships,SUN,01/20,Rams,Saints,2nd Quarter,5,Los Angeles Rams,1,6,0,Timeout,,00:48 2nd,— Timeout #2 by LAR at 00:48.
2018,Conference Championships,SUN,01/20,Rams,Saints,2nd Quarter,5,Los Angeles Rams,1,7,0,36 Yard Pass,1st & 10 at NO 42,00:48 2nd Shotgun,"— J.Goff pass deep left to B.Cooks to NO 6 for 36 yards (P.Williams). Pass 31, YAC 5"
2018,Conference Championships,SUN,01/20,Rams,Saints,2nd Quarter,5,Los Angeles Rams,1,8,1,Touchdown,1st & 6 at NO 6,00:28 2nd,"— T.Gurley left guard for 6 yards, TOUCHDOWN."
2018,Conference Championships,SUN,01/20,Rams,Saints,2nd Quarter,5,Los Angeles Rams,1,9,1,Extra Point,,00:23 2nd,"— G.Zuerlein extra point is GOOD, Center-J.McQuaide, Holder-J.Hekker."
2018,Conference Championships,SUN,01/20,Rams,Saints,2nd Quarter,6,New Orleans Saints,0,1,0,Kickoff from LAR 35,,Kickoff,— G.Zuerlein kicks 72 yards from LAR 35 to NO -7. A.Kamara to NO 20 for 27 yards (M.Kiser).
2018,Conference Championships,SUN,01/20,Rams,Saints,2nd Quarter,6,New Orleans Saints,0,2,0,-1 Yard Run,1st & 10 at NO 20,00:19 2nd,— D.Brees kneels to NO 19 for -1 yards.
2018,Conference Championships,SUN,01/20,Rams,Saints,3rd Quarter,1,Los Angeles Rams,0,1,0,Kickoff from NO 35,,Kickoff,"— W.Lutz kicks 65 yards from NO 35 to end zone, Touchback."
2018,Conference Championships,SUN,01/20,Rams,Saints,3rd Quarter,1,Los Angeles Rams,0,2,0,-4 Yard Run,1st & 10 at LAR 25,15:00 3rd,— R.Woods left end to LAR 21 for -4 yards (A.Okafor).
2018,Conference Championships,SUN,01/20,Rams,Saints,3rd Quarter,1,Los Angeles Rams,0,3,0,Pass Incomplete,2nd & 14 at LAR 21,14:24 3rd Shotgun,— J.Goff pass incomplete short right to R.Woods.
2018,Conference Championships,SUN,01/20,Rams,Saints,3rd Quarter,1,Los Angeles Rams,0,4,0,Pass Incomplete,3rd & 14 at LAR 21,14:21 3rd Shotgun,— J.Goff pass incomplete short left to R.Woods.
2018,Conference Championships,SUN,01/20,Rams,Saints,3rd Quarter,1,Los Angeles Rams,0,5,0,Punt,4th & 14 at LAR 21,14:16 3rd,"— J.Hekker punts 50 yards to NO 29, Center-J.McQuaide, downed by LAR-S.Shields."
2018,Conference Championships,SUN,01/20,Rams,Saints,3rd Quarter,2,New Orleans Saints,1,1,0,6 Yard Run,1st & 10 at NO 29,14:05 3rd,— M.Ingram left guard to NO 35 for 6 yards (S.Ebukam).
2018,Conference Championships,SUN,01/20,Rams,Saints,3rd Quarter,2,New Orleans Saints,1,2,0,8 Yard Pass,2nd & 4 at NO 35,13:31 3rd Shotgun,"— D.Brees pass short right to A.Kamara ran ob at NO 43 for 8 yards (C.Littleton). Pass 3, YAC 5"
2018,Conference Championships,SUN,01/20,Rams,Saints,3rd Quarter,2,New Orleans Saints,1,3,0,9 Yard Pass,1st & 10 at NO 43,13:03 3rd Shotgun,"— D.Brees pass short right to A.Kamara ran ob at LAR 48 for 9 yards (M.Barron). Pass 2, YAC 7"
2018,Conference Championships,SUN,01/20,Rams,Saints,3rd Quarter,2,New Orleans Saints,1,4,0,6 Yard Run,2nd & 1 at LAR 48,12:32 3rd,— A.Kamara right end pushed ob at LAR 42 for 6 yards (C.Littleton).
2018,Conference Championships,SUN,01/20,Rams,Saints,3rd Quarter,2,New Orleans Saints,1,5,0,16 Yard Run,1st & 10 at LAR 42,11:55 3rd,— M.Ingram right guard to LAR 26 for 16 yards (L.Joyner).
2018,Conference Championships,SUN,01/20,Rams,Saints,3rd Quarter,2,New Orleans Saints,1,6,0,8 Yard Pass,1st & 10 at LAR 26,11:08 3rd Shotgun,"— D.Brees pass short left to A.Kamara ran ob at LAR 18 for 8 yards (C.Littleton). Pass 5, YAC 3"
2018,Conference Championships,SUN,01/20,Rams,Saints,3rd Quarter,2,New Orleans Saints,1,7,0,4 Yard Run,2nd & 2 at LAR 18,10:36 3rd,— Z.Line left guard to LAR 14 for 4 yards (D.Fowler).
2018,Conference Championships,SUN,01/20,Rams,Saints,3rd Quarter,2,New Orleans Saints,1,8,0,9 Yard Pass,1st & 10 at LAR 14,10:01 3rd Shotgun,"— D.Brees pass short right to A.Kamara pushed ob at LAR 5 for 9 yards (C.Littleton). Pass 1, YAC 8"
2018,Conference Championships,SUN,01/20,Rams,Saints,3rd Quarter,2,New Orleans Saints,1,9,0,3 Yard Run,2nd & 1 at LAR 5,09:31 3rd,— J.Bushrod reported in as eligible. M.Ingram right guard to LAR 2 for 3 yards (M.Brockers).
2018,Conference Championships,SUN,01/20,Rams,Saints,3rd Quarter,2,New Orleans Saints,1,10,0,Pass Incomplete,1st & 2 at LAR 2,08:45 3rd Shotgun,— D.Brees pass incomplete short left to M.Thomas (N.Robey).
2018,Conference Championships,SUN,01/20,Rams,Saints,3rd Quarter,2,New Orleans Saints,1,11,0,Pass Incomplete,2nd & 2 at LAR 2,08:41 3rd Shotgun,— T.Hill pass incomplete short right to A.Kamara.
2018,Conference Championships,SUN,01/20,Rams,Saints,3rd Quarter,2,New Orleans Saints,1,12,1,Touchdown,3rd & 2 at LAR 2,08:37 3rd,"— D.Brees pass short right to T.Hill for 2 yards, TOUCHDOWN. Pass -3, YAC 5"
2018,Conference Championships,SUN,01/20,Rams,Saints,3rd Quarter,2,New Orleans Saints,1,13,1,Extra Point,,08:34 3rd,"— W.Lutz extra point is GOOD, Center-Z.Wood, Holder-T.Morstead."
2018,Conference Championships,SUN,01/20,Rams,Saints,3rd Quarter,3,Los Angeles Rams,1,1,0,Kickoff from NO 35,,Kickoff,"— W.Lutz kicks 65 yards from NO 35 to end zone, Touchback."
2018,Conference Championships,SUN,01/20,Rams,Saints,3rd Quarter,3,Los Angeles Rams,1,2,0,4 Yard Pass,1st & 10 at LAR 25,08:34 3rd Shotgun,"— J.Goff pass short left to R.Woods pushed ob at LAR 29 for 4 yards (P.Williams). Pass 4, YAC 0"
2018,Conference Championships,SUN,01/20,Rams,Saints,3rd Quarter,3,Los Angeles Rams,1,3,0,4 Yard Run,2nd & 6 at LAR 29,08:04 3rd,"— C.Anderson left guard to LAR 33 for 4 yards (D.Davis, M.Williams)."
2018,Conference Championships,SUN,01/20,Rams,Saints,3rd Quarter,3,Los Angeles Rams,1,4,0,4 Yard Pass,3rd & 2 at LAR 33,07:25 3rd Shotgun,"— J.Goff pass short right to B.Cooks to LAR 37 for 4 yards (E.Apple). Pass 4, YAC 0"
2018,Conference Championships,SUN,01/20,Rams,Saints,3rd Quarter,3,Los Angeles Rams,1,5,0,14 Yard Pass,1st & 10 at LAR 37,06:46 3rd No Huddle,"— J.Goff pass short left to B.Cooks ran ob at NO 49 for 14 yards (M.Lattimore). Pass 14, YAC 0"
2018,Conference Championships,SUN,01/20,Rams,Saints,3rd Quarter,3,Los Angeles Rams,1,6,0,2 Yard Run,1st & 10 at NO 49,06:19 3rd No Huddle,— C.Anderson left tackle to NO 47 for 2 yards (P.Williams).
2018,Conference Championships,SUN,01/20,Rams,Saints,3rd Quarter,3,Los Angeles Rams,1,7,0,5 Yard Penalty,2nd & 8 at NO 47,05:39 3rd Shotgun,"— J.Goff pass short left to G.Everett to NO 43 for 4 yards (D.Davis). PENALTY on NO-V.Bell, Defensive Offside, 5 yards, enforced at NO 47 - No Play."
2018,Conference Championships,SUN,01/20,Rams,Saints,3rd Quarter,3,Los Angeles Rams,1,8,0,25 Yard Pass,2nd & 3 at NO 42,05:15 3rd,"— J.Goff pass short left to B.Cooks pushed ob at NO 17 for 25 yards (V.Bell). NO-V.Bell was injured during the play. Pass 1, YAC 24"
2018,Conference Championships,SUN,01/20,Rams,Saints,3rd Quarter,3,Los Angeles Rams,1,9,0,16 Yard Run,1st & 10 at NO 17,04:55 3rd,"— J.Reynolds left end to NO 1 for 16 yards (M.Lattimore, M.Williams)."
2018,Conference Championships,SUN,01/20,Rams,Saints,3rd Quarter,3,Los Angeles Rams,1,10,0,-2 Yard Run,1st & 1 at NO 1,04:30 3rd No Huddle,"— J.Goff FUMBLES (Aborted) at NO 3, and recovers at NO 3. J.Goff to NO 3 for no gain (A.Klein)."
2018,Conference Championships,SUN,01/20,Rams,Saints,3rd Quarter,3,Los Angeles Rams,1,11,0,2 Yard Run,2nd & 3 at NO 3,03:49 3rd,— C.Anderson right guard to NO 1 for 2 yards (C.Jordan; A.Klein).
2018,Conference Championships,SUN,01/20,Rams,Saints,3rd Quarter,3,Los Angeles Rams,1,12,1,Touchdown,3rd & 1 at NO 1,03:09 3rd,"— J.Goff pass short right to T.Higbee for 1 yard, TOUCHDOWN. Pass 1, YAC 0"
2018,Conference Championships,SUN,01/20,Rams,Saints,3rd Quarter,3,Los Angeles Rams,1,13,1,Extra Point,,03:06 3rd,"— G.Zuerlein extra point is GOOD, Center-J.McQuaide, Holder-J.Hekker."
2018,Conference Championships,SUN,01/20,Rams,Saints,4th Quarter,1,New Orleans Saints,0,1,0,Kickoff from LAR 35,,Kickoff,"— G.Zuerlein kicks 65 yards from LAR 35 to end zone, Touchback."
2018,Conference Championships,SUN,01/20,Rams,Saints,4th Quarter,1,New Orleans Saints,0,2,0,10 Yard Pass,1st & 10 at NO 25,03:06 3rd,"— D.Brees pass short right to T.Smith ran ob at NO 35 for 10 yards (A.Talib). Pass 10, YAC 0"
2018,Conference Championships,SUN,01/20,Rams,Saints,4th Quarter,1,New Orleans Saints,0,3,0,9 Yard Pass,1st & 10 at NO 35,02:33 3rd Shotgun,"— D.Brees pass short middle to M.Thomas to NO 44 for 9 yards (N.Robey). Pass 9, YAC 0"
2018,Conference Championships,SUN,01/20,Rams,Saints,4th Quarter,1,New Orleans Saints,0,4,0,6 Yard Run,2nd & 1 at NO 44,01:57 3rd Shotgun,"— M.Ingram right guard to 50 for 6 yards (M.Barron, J.Johnson)."
2018,Conference Championships,SUN,01/20,Rams,Saints,4th Quarter,1,New Orleans Saints,0,5,0,0 Yard Run,1st & 10 at 50,01:14 3rd Shotgun,"— T.Hill FUMBLES (Aborted) at NO 47, recovered by NO-A.Kamara at 50. A.Kamara to 50 for no gain (C.Littleton). 7-T.Hill at QB"
2018,Conference Championships,SUN,01/20,Rams,Saints,4th Quarter,1,New Orleans Saints,0,6,0,3 Yard Pass,2nd & 10 at 50,00:39 3rd,"— D.Brees pass short middle to M.Ingram to LAR 47 for 3 yards (M.Barron) [A.Donald]. Pass 3, YAC 0"
2018,Conference Championships,SUN,01/20,Rams,Saints,4th Quarter,1,New Orleans Saints,0,7,0,Pass Incomplete,3rd & 7 at LAR 47,15:00 4th Shotgun,— D.Brees pass incomplete short left to T.Ginn (N.Robey).
2018,Conference Championships,SUN,01/20,Rams,Saints,4th Quarter,1,New Orleans Saints,0,8,0,Punt,4th & 7 at LAR 47,14:56 4th,"— T.Morstead punts 34 yards to LAR 13, Center-Z.Wood, fair catch by J.Natson."
2018,Conference Championships,SUN,01/20,Rams,Saints,4th Quarter,2,Los Angeles Rams,0,1,0,3 Yard Run,1st & 10 at LAR 13,14:49 4th,— C.Anderson right guard to LAR 16 for 3 yards (T.Stallworth; M.Davenport).
2018,Conference Championships,SUN,01/20,Rams,Saints,4th Quarter,2,Los Angeles Rams,0,2,0,-8 Yard Sack,2nd & 7 at LAR 16,14:08 4th,— J.Goff sacked at LAR 8 for -8 yards (C.Jordan).
2018,Conference Championships,SUN,01/20,Rams,Saints,4th Quarter,2,Los Angeles Rams,0,3,0,-1 Yard Run,3rd & 15 at LAR 8,13:26 4th,"— C.Anderson right guard to LAR 7 for -1 yards (M.Davenport, D.Davis)."
2018,Conference Championships,SUN,01/20,Rams,Saints,4th Quarter,2,Los Angeles Rams,0,4,0,Punt,4th & 11 at LAR 12,12:29 4th,"— J.Hekker punts 49 yards to NO 39, Center-J.McQuaide, fair catch by T.Lewis. PENALTY on LAR-B.Countess, Chop Block, 15 yards, enforced at NO 39."
2018,Conference Championships,SUN,01/20,Rams,Saints,4th Quarter,3,New Orleans Saints,0,1,0,-10 Yard Penalty,1st & 10 at LAR 46,12:22 4th,"— M.Ingram left guard to LAR 42 for 4 yards (M.Barron). PENALTY on NO-T.Armstead, Offensive Holding, 10 yards, enforced at LAR 46 - No Play."
2018,Conference Championships,SUN,01/20,Rams,Saints,4th Quarter,3,New Orleans Saints,0,2,0,Pass Incomplete,1st & 20 at NO 44,11:56 4th Shotgun,— D.Brees pass incomplete deep right to D.Arnold.
2018,Conference Championships,SUN,01/20,Rams,Saints,4th Quarter,3,New Orleans Saints,0,3,0,3 Yard Run,2nd & 20 at NO 44,11:51 4th Shotgun,— A.Kamara left guard to NO 47 for 3 yards (M.Barron; N.Suh).
2018,Conference Championships,SUN,01/20,Rams,Saints,4th Quarter,3,New Orleans Saints,0,4,0,Pass Incomplete,3rd & 17 at NO 47,11:09 4th Shotgun,— D.Brees pass incomplete deep middle to T.Ginn.
2018,Conference Championships,SUN,01/20,Rams,Saints,4th Quarter,3,New Orleans Saints,0,5,0,Punt,4th & 17 at NO 47,11:04 4th,"— T.Morstead punts 44 yards to LAR 9, Center-Z.Wood, out of bounds."
2018,Conference Championships,SUN,01/20,Rams,Saints,4th Quarter,4,Los Angeles Rams,1,1,0,6 Yard Run,1st & 10 at LAR 9,10:55 4th,— T.Gurley right guard to LAR 15 for 6 yards (A.Okafor).
2018,Conference Championships,SUN,01/20,Rams,Saints,4th Quarter,4,Los Angeles Rams,1,2,0,1 Yard Run,2nd & 4 at LAR 15,10:20 4th,— R.Woods left end pushed ob at LAR 16 for 1 yard (M.Lattimore).
2018,Conference Championships,SUN,01/20,Rams,Saints,4th Quarter,4,Los Angeles Rams,1,3,0,Timeout,,09:41 4th,— Timeout #1 by LAR at 09:41.
2018,Conference Championships,SUN,01/20,Rams,Saints,4th Quarter,4,Los Angeles Rams,1,4,0,39 Yard Pass,3rd & 3 at LAR 16,09:41 4th Shotgun,"— J.Goff pass deep right to G.Everett to NO 45 for 39 yards (M.Lattimore). Pass 18, YAC 21"
2018,Conference Championships,SUN,01/20,Rams,Saints,4th Quarter,4,Los Angeles Rams,1,5,0,5 Yard Run,1st & 10 at NO 45,08:50 4th,"— C.Anderson left guard to NO 40 for 5 yards (D.Davis, A.Klein)."
2018,Conference Championships,SUN,01/20,Rams,Saints,4th Quarter,4,Los Angeles Rams,1,6,0,33 Yard Pass,2nd & 5 at NO 40,08:08 4th,"— J.Goff pass deep left to J.Reynolds to NO 7 for 33 yards (D.Davis) [T.Stallworth]. Pass 24, YAC 9"
2018,Conference Championships,SUN,01/20,Rams,Saints,4th Quarter,4,Los Angeles Rams,1,7,0,2 Yard Run,1st & 7 at NO 7,07:23 4th,— C.Anderson right guard to NO 5 for 2 yards (T.Davison; M.Williams).
2018,Conference Championships,SUN,01/20,Rams,Saints,4th Quarter,4,Los Angeles Rams,1,8,0,3 Yard Run,2nd & 5 at NO 5,06:49 4th,— J.Goff scrambles left end to NO 2 for 3 yards (A.Okafor).
2018,Conference Championships,SUN,01/20,Rams,Saints,4th Quarter,4,Los Angeles Rams,1,9,0,1 Yard Run,3rd & 2 at NO 2,06:04 4th,"— C.Anderson left guard to NO 1 for 1 yard (T.Davison, D.Onyemata)."
2018,Conference Championships,SUN,01/20,Rams,Saints,4th Quarter,4,Los Angeles Rams,1,10,1,Field Goal,4th & 6 at NO 6,05:06 4th,"— G.Zuerlein 24 yard field goal is GOOD, Center-J.McQuaide, Holder-J.Hekker."
2018,Conference Championships,SUN,01/20,Rams,Saints,4th Quarter,5,New Orleans Saints,1,1,0,Kickoff from LAR 35,,Kickoff,"— G.Zuerlein kicks 65 yards from LAR 35 to NO 0. A.Kamara to NO 30 for 30 yards (K.Hodge, B.Hager)."
2018,Conference Championships,SUN,01/20,Rams,Saints,4th Quarter,5,New Orleans Saints,1,2,0,5 Yard Pass,1st & 10 at NO 30,04:57 4th Shotgun,"— D.Brees pass short middle to A.Carr to NO 35 for 5 yards (C.Littleton). Pass 5, YAC 0"
2018,Conference Championships,SUN,01/20,Rams,Saints,4th Quarter,5,New Orleans Saints,1,3,0,3 Yard Pass,2nd & 5 at NO 35,04:22 4th Shotgun,"— D.Brees pass short right to M.Ingram to NO 38 for 3 yards (J.Johnson). Pass 1, YAC 2"
2018,Conference Championships,SUN,01/20,Rams,Saints,4th Quarter,5,New Orleans Saints,1,4,0,8 Yard Pass,3rd & 2 at NO 38,03:37 4th Shotgun,"— D.Brees pass short left to A.Kamara to NO 46 for 8 yards (L.Joyner; C.Littleton). Pass -6, YAC 14"
2018,Conference Championships,SUN,01/20,Rams,Saints,4th Quarter,5,New Orleans Saints,1,5,0,-2 Yard Run,1st & 10 at NO 46,02:51 4th,— M.Ingram right guard to NO 44 for -2 yards (A.Donald).
2018,Conference Championships,SUN,01/20,Rams,Saints,4th Quarter,5,New Orleans Saints,1,6,0,43 Yard Pass,2nd & 12 at NO 44,02:07 4th Shotgun,"— D.Brees pass deep right to T.Ginn to LAR 13 for 43 yards (L.Joyner). Pass 42, YAC 1"
2018,Conference Championships,SUN,01/20,Rams,Saints,4th Quarter,5,New Orleans Saints,1,7,0,Pass Incomplete,1st & 10 at LAR 13,01:58 4th Shotgun,— D.Brees pass incomplete short left to M.Thomas.
2018,Conference Championships,SUN,01/20,Rams,Saints,4th Quarter,5,New Orleans Saints,1,8,0,Timeout,,01:55 4th,— Timeout #1 by NO at 01:55.
2018,Conference Championships,SUN,01/20,Rams,Saints,4th Quarter,5,New Orleans Saints,1,9,0,0 Yard Run,2nd & 10 at LAR 13,01:55 4th,— A.Kamara right end to LAR 13 for no gain (M.Barron).
2018,Conference Championships,SUN,01/20,Rams,Saints,4th Quarter,5,New Orleans Saints,1,10,0,Timeout,,01:49 4th,— Timeout #2 by LAR at 01:49.
2018,Conference Championships,SUN,01/20,Rams,Saints,4th Quarter,5,New Orleans Saints,1,11,0,Pass Incomplete,3rd & 10 at LAR 13,01:49 4th Shotgun,— D.Brees pass incomplete short right to T.Lewis.
2018,Conference Championships,SUN,01/20,Rams,Saints,4th Quarter,5,New Orleans Saints,1,12,1,Field Goal,4th & 10 at LAR 13,01:45 4th,"— W.Lutz 31 yard field goal is GOOD, Center-Z.Wood, Holder-T.Morstead."
2018,Conference Championships,SUN,01/20,Rams,Saints,4th Quarter,6,Los Angeles Rams,1,1,0,Kickoff from NO 35,,Kickoff,"— W.Lutz kicks 65 yards from NO 35 to end zone, Touchback."
2018,Conference Championships,SUN,01/20,Rams,Saints,4th Quarter,6,Los Angeles Rams,1,2,0,Pass Incomplete,1st & 10 at LAR 25,01:41 4th Shotgun,— J.Goff pass incomplete short left to J.Reynolds.
2018,Conference Championships,SUN,01/20,Rams,Saints,4th Quarter,6,Los Angeles Rams,1,3,0,19 Yard Pass,2nd & 10 at LAR 25,01:37 4th Shotgun,"— J.Goff pass short right to J.Reynolds to LAR 44 for 19 yards (M.Lattimore). Pass 14, YAC 5"
2018,Conference Championships,SUN,01/20,Rams,Saints,4th Quarter,6,Los Angeles Rams,1,4,0,Pass Incomplete,1st & 10 at LAR 44,"01:16 4th No Huddle, Shotgun",— J.Goff pass incomplete deep right to G.Everett.
2018,Conference Championships,SUN,01/20,Rams,Saints,4th Quarter,6,Los Angeles Rams,1,5,0,7 Yard Pass,2nd & 10 at LAR 44,01:12 4th Shotgun,"— J.Goff pass short middle to B.Cooks to NO 49 for 7 yards (D.Davis). Pass 7, YAC 0"
2018,Conference Championships,SUN,01/20,Rams,Saints,4th Quarter,6,Los Angeles Rams,1,6,0,16 Yard Pass,3rd & 3 at NO 49,00:53 4th Shotgun,"— J.Goff pass short middle to R.Woods to NO 33 for 16 yards (P.Williams). Pass 8, YAC 8"
2018,Conference Championships,SUN,01/20,Rams,Saints,4th Quarter,6,Los Angeles Rams,1,7,0,Timeout,,00:45 4th,— Timeout #3 by LAR at 00:45.
2018,Conference Championships,SUN,01/20,Rams,Saints,4th Quarter,6,Los Angeles Rams,1,8,0,3 Yard Pass,1st & 10 at NO 33,00:45 4th Shotgun,"— J.Goff pass short middle to T.Gurley to NO 30 for 3 yards (A.Anzalone). Pass -1, YAC 4"
2018,Conference Championships,SUN,01/20,Rams,Saints,4th Quarter,6,Los Angeles Rams,1,9,0,Pass Incomplete,2nd & 7 at NO 30,"00:27 4th No Huddle, Shotgun",— J.Goff pass incomplete short right.
2018,Conference Championships,SUN,01/20,Rams,Saints,4th Quarter,6,Los Angeles Rams,1,10,0,Pass Incomplete,3rd & 7 at NO 30,00:22 4th Shotgun,— J.Goff pass incomplete short left to R.Woods.
2018,Conference Championships,SUN,01/20,Rams,Saints,4th Quarter,6,Los Angeles Rams,1,11,0,Timeout,,00:19 4th,— Timeout #2 by NO at 00:19.
2018,Conference Championships,SUN,01/20,Rams,Saints,4th Quarter,6,Los Angeles Rams,1,12,1,Field Goal,4th & 7 at NO 30,00:19 4th,"— G.Zuerlein 48 yard field goal is GOOD, Center-J.McQuaide, Holder-J.Hekker."
2018,Conference Championships,SUN,01/20,Rams,Saints,4th Quarter,7,New Orleans Saints,0,1,0,Kickoff from LAR 35,,Kickoff,— G.Zuerlein kicks 70 yards from LAR 35 to NO -5. A.Kamara to NO 29 for 34 yards (M.Kiser; B.Hager).
2018,Conference Championships,SUN,01/20,Rams,Saints,4th Quarter,7,New Orleans Saints,0,2,0,-1 Yard Run,1st & 10 at NO 29,00:08 4th,— D.Brees kneels to NO 28 for -1 yards.
2018,Conference Championships,SUN,01/20,Rams,Saints,Overtime,1,New Orleans Saints,0,1,0,Kickoff from LAR 35,,Kickoff,— G.Zuerlein kicks 67 yards from LAR 35 to NO -2. A.Kamara ran ob at NO 26 for 28 yards (B.Hager).
2018,Conference Championships,SUN,01/20,Rams,Saints,Overtime,1,New Orleans Saints,0,2,0,Pass Incomplete,1st & 10 at NO 26,14:56 5th Shotgun,— D.Brees pass incomplete short middle to M.Thomas (M.Brockers).
2018,Conference Championships,SUN,01/20,Rams,Saints,Overtime,1,New Orleans Saints,0,3,0,14 Yard Penalty,2nd & 10 at NO 26,14:53 5th Shotgun,"— D.Brees pass incomplete deep middle to D.Arnold. PENALTY on LAR-M.Barron, Defensive Pass Interference, 14 yards, enforced at NO 26 - No Play."
2018,Conference Championships,SUN,01/20,Rams,Saints,Overtime,1,New Orleans Saints,0,4,0,-6 Yard Run,1st & 10 at NO 40,14:48 5th Shotgun,— M.Ingram left guard to NO 34 for -6 yards (A.Donald).
2018,Conference Championships,SUN,01/20,Rams,Saints,Overtime,1,New Orleans Saints,0,5,0,Interception,2nd & 16 at NO 34,14:03 5th Shotgun,— D.Brees pass deep left intended for T.Smith INTERCEPTED by J.Johnson [D.Fowler] at LAR 46. J.Johnson to LAR 46 for no gain (M.Thomas).
2018,Conference Championships,SUN,01/20,Rams,Saints,Overtime,2,Los Angeles Rams,1,1,0,12 Yard Pass,1st & 10 at LAR 46,13:55 5th,"— J.Goff pass short left to T.Higbee to NO 42 for 12 yards (V.Bell) [A.Okafor]. Pass 4, YAC 8"
2018,Conference Championships,SUN,01/20,Rams,Saints,Overtime,2,Los Angeles Rams,1,2,0,-3 Yard Run,1st & 10 at NO 42,13:17 5th,— C.Anderson left guard to NO 45 for -3 yards (A.Klein).
2018,Conference Championships,SUN,01/20,Rams,Saints,Overtime,2,Los Angeles Rams,1,3,0,Timeout,,12:37 5th,— Timeout #1 by LAR at 12:37.
2018,Conference Championships,SUN,01/20,Rams,Saints,Overtime,2,Los Angeles Rams,1,4,0,6 Yard Pass,2nd & 13 at NO 45,12:37 5th,"— J.Goff pass short right to T.Higbee to NO 39 for 6 yards (P.Williams) [V.Bell]. Pass 1, YAC 5"
2018,Conference Championships,SUN,01/20,Rams,Saints,Overtime,2,Los Angeles Rams,1,5,0,Pass Incomplete,3rd & 7 at NO 39,11:53 5th Shotgun,— J.Goff pass incomplete short left to B.Cooks.
2018,Conference Championships,SUN,01/20,Rams,Saints,Overtime,2,Los Angeles Rams,1,6,0,Timeout,,11:47 5th,— Timeout #1 by NO at 11:47.
2018,Conference Championships,SUN,01/20,Rams,Saints,Overtime,2,Los Angeles Rams,1,7,1,Field Goal,4th & 7 at NO 39,11:47 5th,"— G.Zuerlein 57 yard field goal is GOOD, Center-J.McQuaide, Holder-J.Hekker."
2018,Conference Championships,SUN,01/20,Patriots,Chiefs,1st Quarter,1,New England Patriots,1,1,0,Kickoff from KC 35,,Kickoff,— H.Butker kicks 70 yards from KC 35 to NE -5. C.Patterson to NE 20 for 25 yards (G.Dieter; B.Niemann).
2018,Conference Championships,SUN,01/20,Patriots,Chiefs,1st Quarter,1,New England Patriots,1,2,0,11 Yard Run,1st & 10 at NE 20,14:55 1st,— S.Michel up the middle to NE 31 for 11 yards (E.Berry).
2018,Conference Championships,SUN,01/20,Patriots,Chiefs,1st Quarter,1,New England Patriots,1,3,0,1 Yard Run,1st & 10 at NE 31,14:18 1st,— S.Michel up the middle to NE 32 for 1 yard (A.Bailey).
2018,Conference Championships,SUN,01/20,Patriots,Chiefs,1st Quarter,1,New England Patriots,1,4,0,13 Yard Pass,2nd & 9 at NE 32,13:40 1st,— T.Brady pass short middle to R.Gronkowski to NE 45 for 13 yards (D.Sorensen).
2018,Conference Championships,SUN,01/20,Patriots,Chiefs,1st Quarter,1,New England Patriots,1,5,0,0 Yard Run,1st & 10 at NE 45,13:05 1st,— S.Michel right guard to NE 45 for no gain (R.Ragland).
2018,Conference Championships,SUN,01/20,Patriots,Chiefs,1st Quarter,1,New England Patriots,1,6,0,6 Yard Pass,2nd & 10 at NE 45,12:28 1st,— T.Brady pass short right to R.Gronkowski to KC 49 for 6 yards (C.Ward).
2018,Conference Championships,SUN,01/20,Patriots,Chiefs,1st Quarter,1,New England Patriots,1,7,0,5 Yard Run,3rd & 4 at KC 49,11:53 1st Shotgun,— J.White right tackle to KC 44 for 5 yards (A.Hitchens; J.Lucas).
2018,Conference Championships,SUN,01/20,Patriots,Chiefs,1st Quarter,1,New England Patriots,1,8,0,4 Yard Run,1st & 10 at KC 44,11:17 1st,— S.Michel up the middle to KC 40 for 4 yards (R.Ragland).
2018,Conference Championships,SUN,01/20,Patriots,Chiefs,1st Quarter,1,New England Patriots,1,9,0,5 Yard Pass,2nd & 6 at KC 40,10:40 1st,— T.Brady pass short right to R.Burkhead to KC 35 for 5 yards (A.Hitchens).
2018,Conference Championships,SUN,01/20,Patriots,Chiefs,1st Quarter,1,New England Patriots,1,10,0,2 Yard Run,3rd & 1 at KC 35,09:59 1st Shotgun,— J.White up the middle to KC 33 for 2 yards (A.Hitchens; C.Ward).
2018,Conference Championships,SUN,01/20,Patriots,Chiefs,1st Quarter,1,New England Patriots,1,11,0,3 Yard Run,1st & 10 at KC 33,09:21 1st,— R.Burkhead left guard to KC 30 for 3 yards (A.Hitchens; R.Ragland).
2018,Conference Championships,SUN,01/20,Patriots,Chiefs,1st Quarter,1,New England Patriots,1,12,0,Pass Incomplete,2nd & 7 at KC 30,08:46 1st Shotgun,— T.Brady pass incomplete short left to J.White.
2018,Conference Championships,SUN,01/20,Patriots,Chiefs,1st Quarter,1,New England Patriots,1,13,0,14 Yard Pass,3rd & 7 at KC 30,08:43 1st Shotgun,— T.Brady pass short middle to J.Edelman to KC 16 for 14 yards (D.Sorensen).
2018,Conference Championships,SUN,01/20,Patriots,Chiefs,1st Quarter,1,New England Patriots,1,14,0,11 Yard Run,1st & 10 at KC 16,07:59 1st,— S.Michel right guard to KC 5 for 11 yards (D.Sorensen).
2018,Conference Championships,SUN,01/20,Patriots,Chiefs,1st Quarter,1,New England Patriots,1,15,0,4 Yard Run,1st & 5 at KC 5,07:25 1st,— S.Michel right tackle to KC 1 for 4 yards (C.Ward). KC-X.Williams was injured during the play.
2018,Conference Championships,SUN,01/20,Patriots,Chiefs,1st Quarter,1,New England Patriots,1,16,1,Touchdown,2nd & 1 at KC 1,06:58 1st,"— S.Michel left guard for 1 yard, TOUCHDOWN."
2018,Conference Championships,SUN,01/20,Patriots,Chiefs,1st Quarter,1,New England Patriots,1,17,1,Extra Point,,06:55 1st,"— S.Gostkowski extra point is GOOD, Center-J.Cardona, Holder-R.Allen."
2018,Conference Championships,SUN,01/20,Patriots,Chiefs,1st Quarter,2,Kansas City Chiefs,0,1,0,Kickoff from NE 35,,Kickoff,— S.Gostkowski kicks 68 yards from NE 35 to KC -3. Tr. Smith to KC 16 for 19 yards (K.Crossen).
2018,Conference Championships,SUN,01/20,Patriots,Chiefs,1st Quarter,2,Kansas City Chiefs,0,2,0,5 Yard Run,1st & 10 at KC 16,06:50 1st Shotgun,— Dam. Williams right tackle to KC 21 for 5 yards (K.Van Noy).
2018,Conference Championships,SUN,01/20,Patriots,Chiefs,1st Quarter,2,Kansas City Chiefs,0,3,0,-2 Yard Run,2nd & 5 at KC 21,06:17 1st Shotgun,— Dam. Williams up the middle to KC 19 for -2 yards (E.Roberts).
2018,Conference Championships,SUN,01/20,Patriots,Chiefs,1st Quarter,2,Kansas City Chiefs,0,4,0,5 Yard Penalty,3rd & 7 at KC 19,05:39 1st Shotgun,"— P.Mahomes pass incomplete short middle to S.Watkins. PENALTY on NE-J.Jones, Defensive Holding, 5 yards, enforced at KC 19 - No Play."
2018,Conference Championships,SUN,01/20,Patriots,Chiefs,1st Quarter,2,Kansas City Chiefs,0,5,0,Pass Incomplete,1st & 10 at KC 24,05:34 1st Shotgun,— P.Mahomes pass incomplete deep right to S.Watkins.
2018,Conference Championships,SUN,01/20,Patriots,Chiefs,1st Quarter,2,Kansas City Chiefs,0,6,0,Pass Incomplete,2nd & 10 at KC 24,05:28 1st Shotgun,— P.Mahomes pass incomplete short left to S.Watkins.
2018,Conference Championships,SUN,01/20,Patriots,Chiefs,1st Quarter,2,Kansas City Chiefs,0,7,0,-14 Yard Sack,3rd & 10 at KC 24,05:25 1st Shotgun,— P.Mahomes sacked at KC 10 for -14 yards (K.Van Noy).
2018,Conference Championships,SUN,01/20,Patriots,Chiefs,1st Quarter,2,Kansas City Chiefs,0,8,0,Punt,4th & 24 at KC 10,04:43 1st,"— D.Colquitt punts 45 yards to NE 45, Center-J.Winchester. J.Edelman ran ob at KC 44 for 11 yards."
2018,Conference Championships,SUN,01/20,Patriots,Chiefs,2nd Quarter,1,New England Patriots,0,1,0,Pass Incomplete,1st & 10 at KC 44,04:33 1st,— T.Brady pass incomplete short right to J.Edelman.
2018,Conference Championships,SUN,01/20,Patriots,Chiefs,2nd Quarter,1,New England Patriots,0,2,0,6 Yard Pass,2nd & 10 at KC 44,04:31 1st,— T.Brady pass short left to R.Burkhead pushed ob at KC 38 for 6 yards (A.Hitchens).
2018,Conference Championships,SUN,01/20,Patriots,Chiefs,2nd Quarter,1,New England Patriots,0,3,0,4 Yard Run,3rd & 4 at KC 38,03:50 1st Shotgun,— J.White right tackle to KC 34 for 4 yards (E.Murray).
2018,Conference Championships,SUN,01/20,Patriots,Chiefs,2nd Quarter,1,New England Patriots,0,4,0,1 Yard Run,1st & 10 at KC 34,03:05 1st,— R.Burkhead up the middle to KC 33 for 1 yard (X.Williams; A.Bailey).
2018,Conference Championships,SUN,01/20,Patriots,Chiefs,2nd Quarter,1,New England Patriots,0,5,0,15 Yard Pass,2nd & 9 at KC 33,02:25 1st Shotgun,— T.Brady pass short middle to C.Patterson to KC 18 for 15 yards (D.Sorensen; C.Ward).
2018,Conference Championships,SUN,01/20,Patriots,Chiefs,2nd Quarter,1,New England Patriots,0,6,0,4 Yard Run,1st & 10 at KC 18,01:52 1st,— S.Michel up the middle to KC 14 for 4 yards (D.Sorensen).
2018,Conference Championships,SUN,01/20,Patriots,Chiefs,2nd Quarter,1,New England Patriots,0,7,0,4 Yard Run,2nd & 6 at KC 14,01:14 1st,— S.Michel right guard to KC 10 for 4 yards (E.Berry; D.Nnadi).
2018,Conference Championships,SUN,01/20,Patriots,Chiefs,2nd Quarter,1,New England Patriots,0,8,0,5 Yard Pass,3rd & 2 at KC 10,00:32 1st Shotgun,— T.Brady pass short right to J.Edelman to KC 5 for 5 yards (C.Ward).
2018,Conference Championships,SUN,01/20,Patriots,Chiefs,2nd Quarter,1,New England Patriots,0,9,0,4 Yard Run,1st & 5 at KC 5,15:00 2nd,— S.Michel left guard to KC 1 for 4 yards (R.Ragland).
2018,Conference Championships,SUN,01/20,Patriots,Chiefs,2nd Quarter,1,New England Patriots,0,10,0,0 Yard Run,2nd & 1 at KC 1,14:22 2nd,— S.Michel left guard to KC 1 for no gain (D.Nnadi; R.Ragland).
2018,Conference Championships,SUN,01/20,Patriots,Chiefs,2nd Quarter,1,New England Patriots,0,11,0,Interception,3rd & 1 at KC 1,13:45 2nd,— T.Brady pass short middle intended for R.Gronkowski INTERCEPTED by R.Ragland at KC -5. Touchback.
2018,Conference Championships,SUN,01/20,Patriots,Chiefs,2nd Quarter,2,Kansas City Chiefs,0,1,0,Pass Incomplete,1st & 10 at KC 20,13:37 2nd Shotgun,— P.Mahomes pass incomplete short right to T.Kelce.
2018,Conference Championships,SUN,01/20,Patriots,Chiefs,2nd Quarter,2,Kansas City Chiefs,0,2,0,9 Yard Pass,2nd & 10 at KC 20,13:31 2nd Shotgun,— P.Mahomes pass short right to T.Kelce to KC 29 for 9 yards (J.Jones).
2018,Conference Championships,SUN,01/20,Patriots,Chiefs,2nd Quarter,2,Kansas City Chiefs,0,3,0,0 Yard Run,3rd & 1 at KC 29,12:54 2nd,— Dam. Williams up the middle to KC 29 for no gain (M.Brown; K.Van Noy).
2018,Conference Championships,SUN,01/20,Patriots,Chiefs,2nd Quarter,2,Kansas City Chiefs,0,4,0,Punt,4th & 1 at KC 29,12:08 2nd,"— D.Colquitt punts 59 yards to NE 12, Center-J.Winchester. J.Edelman pushed ob at NE 26 for 14 yards (E.Murray)."
2018,Conference Championships,SUN,01/20,Patriots,Chiefs,2nd Quarter,3,New England Patriots,0,1,0,3 Yard Run,1st & 10 at NE 26,11:57 2nd,— S.Michel up the middle to NE 29 for 3 yards (X.Williams; D.Nnadi).
2018,Conference Championships,SUN,01/20,Patriots,Chiefs,2nd Quarter,3,New England Patriots,0,2,0,Pass Incomplete,2nd & 7 at NE 29,11:21 2nd,— T.Brady pass incomplete short left to R.Gronkowski.
2018,Conference Championships,SUN,01/20,Patriots,Chiefs,2nd Quarter,3,New England Patriots,0,3,0,9 Yard Pass,3rd & 7 at NE 29,11:15 2nd Shotgun,— T.Brady pass short left to J.White to NE 38 for 9 yards (E.Murray).
2018,Conference Championships,SUN,01/20,Patriots,Chiefs,2nd Quarter,3,New England Patriots,0,4,0,9 Yard Pass,1st & 10 at NE 38,10:32 2nd,— T.Brady pass short middle to R.Gronkowski to NE 47 for 9 yards (K.Fuller).
2018,Conference Championships,SUN,01/20,Patriots,Chiefs,2nd Quarter,3,New England Patriots,0,5,0,2 Yard Run,2nd & 1 at NE 47,09:49 2nd,— S.Michel up the middle to NE 49 for 2 yards (X.Williams).
2018,Conference Championships,SUN,01/20,Patriots,Chiefs,2nd Quarter,3,New England Patriots,0,6,0,Pass Incomplete,1st & 10 at NE 49,09:11 2nd,— T.Brady pass incomplete short middle to J.White.
2018,Conference Championships,SUN,01/20,Patriots,Chiefs,2nd Quarter,3,New England Patriots,0,7,0,9 Yard Run,2nd & 10 at NE 49,09:07 2nd,— S.Michel up the middle to KC 42 for 9 yards (R.Ragland; C.Ward).
2018,Conference Championships,SUN,01/20,Patriots,Chiefs,2nd Quarter,3,New England Patriots,0,8,0,0 Yard Run,3rd & 1 at KC 42,08:34 2nd,— S.Michel left tackle to KC 42 for no gain (J.Hamilton; A.Hitchens).
2018,Conference Championships,SUN,01/20,Patriots,Chiefs,2nd Quarter,3,New England Patriots,0,9,0,Punt,4th & 6 at KC 47,07:39 2nd,"— R.Allen punts 32 yards to KC 15, Center-J.Cardona, fair catch by T.Hill."
2018,Conference Championships,SUN,01/20,Patriots,Chiefs,2nd Quarter,4,Kansas City Chiefs,0,1,0,6 Yard Run,1st & 10 at KC 15,07:32 2nd Shotgun,— Dam. Williams right tackle to KC 21 for 6 yards (L.Guy).
2018,Conference Championships,SUN,01/20,Patriots,Chiefs,2nd Quarter,4,Kansas City Chiefs,0,2,0,2 Yard Pass,2nd & 4 at KC 21,06:55 2nd Shotgun,— P.Mahomes pass short middle to T.Kelce to KC 23 for 2 yards (K.Van Noy).
2018,Conference Championships,SUN,01/20,Patriots,Chiefs,2nd Quarter,4,Kansas City Chiefs,0,3,0,12 Yard Pass,3rd & 2 at KC 23,06:12 2nd Shotgun,— P.Mahomes pass short left to S.Watkins to KC 35 for 12 yards (D.McCourty).
2018,Conference Championships,SUN,01/20,Patriots,Chiefs,2nd Quarter,4,Kansas City Chiefs,0,4,0,42 Yard Pass,1st & 10 at KC 35,05:29 2nd Shotgun,— P.Mahomes pass deep right to T.Hill to NE 23 for 42 yards (K.Crossen).
2018,Conference Championships,SUN,01/20,Patriots,Chiefs,2nd Quarter,4,Kansas City Chiefs,0,5,0,Pass Incomplete,1st & 10 at NE 23,04:42 2nd Shotgun,— P.Mahomes pass incomplete deep right to Dam. Williams.
2018,Conference Championships,SUN,01/20,Patriots,Chiefs,2nd Quarter,4,Kansas City Chiefs,0,6,0,1 Yard Run,2nd & 10 at NE 23,04:37 2nd Shotgun,— Dam. Williams right tackle to NE 22 for 1 yard (P.Chung; L.Guy).
2018,Conference Championships,SUN,01/20,Patriots,Chiefs,2nd Quarter,4,Kansas City Chiefs,0,7,0,-14 Yard Sack,3rd & 9 at NE 22,03:57 2nd Shotgun,— P.Mahomes sacked at NE 36 for -14 yards (T.Flowers).
2018,Conference Championships,SUN,01/20,Patriots,Chiefs,2nd Quarter,4,Kansas City Chiefs,0,8,0,Punt,4th & 23 at NE 36,03:14 2nd,"— D.Colquitt punts 26 yards to NE 10, Center-J.Winchester, fair catch by J.Edelman."
2018,Conference Championships,SUN,01/20,Patriots,Chiefs,2nd Quarter,5,New England Patriots,1,1,0,2 Yard Run,1st & 10 at NE 10,03:08 2nd,— S.Michel up the middle to NE 12 for 2 yards (A.Hitchens).
2018,Conference Championships,SUN,01/20,Patriots,Chiefs,2nd Quarter,5,New England Patriots,1,2,0,9 Yard Run,2nd & 8 at NE 12,02:32 2nd,— S.Michel left guard to NE 21 for 9 yards (E.Berry).
2018,Conference Championships,SUN,01/20,Patriots,Chiefs,2nd Quarter,5,New England Patriots,1,3,0,1 Yard Run,1st & 10 at NE 21,02:00 2nd,— S.Michel left end to NE 22 for 1 yard (E.Berry).
2018,Conference Championships,SUN,01/20,Patriots,Chiefs,2nd Quarter,5,New England Patriots,1,4,0,5 Yard Run,2nd & 9 at NE 22,01:19 2nd,— S.Michel up the middle to NE 27 for 5 yards (X.Williams; D.Sorensen).
2018,Conference Championships,SUN,01/20,Patriots,Chiefs,2nd Quarter,5,New England Patriots,1,5,0,Timeout,,01:13 2nd,— Timeout #1 by KC at 01:13.
2018,Conference Championships,SUN,01/20,Patriots,Chiefs,2nd Quarter,5,New England Patriots,1,6,0,5 Yard Pass,3rd & 4 at NE 27,01:13 2nd Shotgun,— T.Brady pass short right to J.White to NE 32 for 5 yards (D.Sorensen).
2018,Conference Championships,SUN,01/20,Patriots,Chiefs,2nd Quarter,5,New England Patriots,1,7,0,30 Yard Pass,1st & 10 at NE 32,"00:50 2nd No Huddle, Shotgun",— T.Brady pass short right to J.White to KC 38 for 30 yards (K.Fuller).
2018,Conference Championships,SUN,01/20,Patriots,Chiefs,2nd Quarter,5,New England Patriots,1,8,0,Timeout,,00:41 2nd,— Timeout #1 by NE at 00:41.
2018,Conference Championships,SUN,01/20,Patriots,Chiefs,2nd Quarter,5,New England Patriots,1,9,0,9 Yard Run,1st & 10 at KC 38,00:41 2nd Shotgun,— J.White left tackle to KC 29 for 9 yards (A.Hitchens).
2018,Conference Championships,SUN,01/20,Patriots,Chiefs,2nd Quarter,5,New England Patriots,1,10,0,Timeout,,00:33 2nd,— Timeout #2 by NE at 00:33.
2018,Conference Championships,SUN,01/20,Patriots,Chiefs,2nd Quarter,5,New England Patriots,1,11,1,Touchdown,2nd & 1 at KC 29,00:33 2nd Shotgun,"— T.Brady pass deep left to P.Dorsett for 29 yards, TOUCHDOWN."
2018,Conference Championships,SUN,01/20,Patriots,Chiefs,2nd Quarter,5,New England Patriots,1,12,1,Extra Point,,00:27 2nd,"— S.Gostkowski extra point is GOOD, Center-J.Cardona, Holder-R.Allen."
2018,Conference Championships,SUN,01/20,Patriots,Chiefs,2nd Quarter,6,Kansas City Chiefs,0,1,0,Kickoff from NE 35,,Kickoff,— S.Gostkowski kicks 40 yards from NE 35 to KC 25. D.Harris ran ob at KC 42 for 17 yards.
2018,Conference Championships,SUN,01/20,Patriots,Chiefs,2nd Quarter,6,Kansas City Chiefs,0,2,0,-15 Yard Sack,1st & 10 at KC 42,00:21 2nd Shotgun,"— P.Mahomes sacked at KC 32 for -10 yards (K.Van Noy). FUMBLES (K.Van Noy), and recovers at KC 27. P.Mahomes to KC 27 for no gain (D.Hightower)."
2018,Conference Championships,SUN,01/20,Patriots,Chiefs,3rd Quarter,1,Kansas City Chiefs,1,1,0,Kickoff from NE 35,,Kickoff,— S.Gostkowski kicks 64 yards from NE 35 to KC 1. Tr. Smith to KC 26 for 25 yards (N.Ebner).
2018,Conference Championships,SUN,01/20,Patriots,Chiefs,3rd Quarter,1,Kansas City Chiefs,1,2,0,5 Yard Pass,1st & 10 at KC 26,14:55 3rd Shotgun,— P.Mahomes pass short left to Dam. Williams pushed ob at KC 31 for 5 yards (K.Van Noy).
2018,Conference Championships,SUN,01/20,Patriots,Chiefs,3rd Quarter,1,Kansas City Chiefs,1,3,0,3 Yard Run,2nd & 5 at KC 31,14:27 3rd,— Dam. Williams up the middle to KC 34 for 3 yards (T.Flowers).
2018,Conference Championships,SUN,01/20,Patriots,Chiefs,3rd Quarter,1,Kansas City Chiefs,1,4,0,54 Yard Pass,3rd & 2 at KC 34,13:50 3rd Shotgun,— P.Mahomes pass deep middle to S.Watkins to NE 12 for 54 yards (S.Gilmore).
2018,Conference Championships,SUN,01/20,Patriots,Chiefs,3rd Quarter,1,Kansas City Chiefs,1,5,1,Touchdown,1st & 10 at NE 12,13:00 3rd Shotgun,"— P.Mahomes pass short middle to T.Kelce for 12 yards, TOUCHDOWN."
2018,Conference Championships,SUN,01/20,Patriots,Chiefs,3rd Quarter,1,Kansas City Chiefs,1,6,1,Extra Point,,12:56 3rd,"— H.Butker extra point is GOOD, Center-J.Winchester, Holder-D.Colquitt."
2018,Conference Championships,SUN,01/20,Patriots,Chiefs,3rd Quarter,2,New England Patriots,0,1,0,Kickoff from KC 35,,Kickoff,"— H.Butker kicks 65 yards from KC 35 to end zone, Touchback."
2018,Conference Championships,SUN,01/20,Patriots,Chiefs,3rd Quarter,2,New England Patriots,0,2,0,6 Yard Pass,1st & 10 at NE 25,12:56 3rd,— T.Brady pass short right to R.Burkhead pushed ob at NE 31 for 6 yards (R.Ragland).
2018,Conference Championships,SUN,01/20,Patriots,Chiefs,3rd Quarter,2,New England Patriots,0,3,0,3 Yard Pass,2nd & 4 at NE 31,12:23 3rd,— T.Brady pass short right to J.Edelman pushed ob at NE 34 for 3 yards (K.Fuller).
2018,Conference Championships,SUN,01/20,Patriots,Chiefs,3rd Quarter,2,New England Patriots,0,4,0,1 Yard Run,3rd & 1 at NE 34,11:57 3rd,— R.Burkhead up the middle to NE 35 for 1 yard (R.Ragland).
2018,Conference Championships,SUN,01/20,Patriots,Chiefs,3rd Quarter,2,New England Patriots,0,5,0,Pass Incomplete,1st & 10 at NE 35,11:17 3rd,— T.Brady pass incomplete short middle to R.Gronkowski.
2018,Conference Championships,SUN,01/20,Patriots,Chiefs,3rd Quarter,2,New England Patriots,0,6,0,4 Yard Run,2nd & 10 at NE 35,11:13 3rd,— S.Michel right end to NE 39 for 4 yards (J.Houston).
2018,Conference Championships,SUN,01/20,Patriots,Chiefs,3rd Quarter,2,New England Patriots,0,7,0,Pass Incomplete,3rd & 6 at NE 39,10:33 3rd Shotgun,— T.Brady pass incomplete short left to R.Gronkowski (C.Jones).
2018,Conference Championships,SUN,01/20,Patriots,Chiefs,3rd Quarter,2,New England Patriots,0,8,0,Punt,4th & 6 at NE 39,10:30 3rd,"— R.Allen punts 43 yards to KC 18, Center-J.Cardona. T.Hill to KC 7 for -11 yards (R.Humber). PENALTY on KC-F.Zombo, Illegal Block Above the Waist, 3 yards, enforced at KC 7."
2018,Conference Championships,SUN,01/20,Patriots,Chiefs,3rd Quarter,3,Kansas City Chiefs,0,1,0,2 Yard Pass,1st & 10 at KC 4,10:19 3rd Shotgun,— P.Mahomes pass short left to D.Harris pushed ob at KC 6 for 2 yards (K.Van Noy).
2018,Conference Championships,SUN,01/20,Patriots,Chiefs,3rd Quarter,3,Kansas City Chiefs,0,2,0,10 Yard Run,2nd & 8 at KC 6,09:46 3rd Shotgun,— Dam. Williams up the middle to KC 16 for 10 yards (K.Van Noy).
2018,Conference Championships,SUN,01/20,Patriots,Chiefs,3rd Quarter,3,Kansas City Chiefs,0,3,0,-5 Yard Penalty,1st & 10 at KC 16,09:06 3rd Shotgun,"— PENALTY on KC-C.Erving, False Start, 5 yards, enforced at KC 16 - No Play."
2018,Conference Championships,SUN,01/20,Patriots,Chiefs,3rd Quarter,3,Kansas City Chiefs,0,4,0,Pass Incomplete,1st & 15 at KC 11,08:43 3rd Shotgun,— P.Mahomes pass incomplete short right to T.Kelce.
2018,Conference Championships,SUN,01/20,Patriots,Chiefs,3rd Quarter,3,Kansas City Chiefs,0,5,0,-3 Yard Sack,2nd & 15 at KC 11,08:40 3rd Shotgun,— P.Mahomes sacked at KC 8 for -3 yards (sack split by J.Simon and L.Guy).
2018,Conference Championships,SUN,01/20,Patriots,Chiefs,3rd Quarter,3,Kansas City Chiefs,0,6,0,Pass Incomplete,3rd & 18 at KC 8,07:53 3rd Shotgun,— P.Mahomes pass incomplete deep middle to C.Conley (J.McCourty) [T.Flowers].
2018,Conference Championships,SUN,01/20,Patriots,Chiefs,3rd Quarter,3,Kansas City Chiefs,0,7,0,Punt,4th & 18 at KC 8,07:48 3rd,"— D.Colquitt punts 42 yards to 50, Center-J.Winchester. J.Edelman to KC 37 for 13 yards (C.West)."
2018,Conference Championships,SUN,01/20,Patriots,Chiefs,3rd Quarter,4,New England Patriots,1,1,0,2 Yard Run,1st & 10 at KC 37,07:38 3rd Shotgun,— S.Michel up the middle to KC 35 for 2 yards (B.Speaks; X.Williams).
2018,Conference Championships,SUN,01/20,Patriots,Chiefs,3rd Quarter,4,New England Patriots,1,2,0,11 Yard Pass,2nd & 8 at KC 35,07:04 3rd,— T.Brady pass short left to C.Hogan pushed ob at KC 24 for 11 yards (S.Nelson).
2018,Conference Championships,SUN,01/20,Patriots,Chiefs,3rd Quarter,4,New England Patriots,1,3,0,1 Yard Run,1st & 10 at KC 24,06:28 3rd,"— S.Michel up the middle to KC 23 for 1 yard (X.Williams, A.Hitchens)."
2018,Conference Championships,SUN,01/20,Patriots,Chiefs,3rd Quarter,4,New England Patriots,1,4,0,-10 Yard Penalty,2nd & 9 at KC 23,05:45 3rd Shotgun,"— T.Brady pass short right to J.White to KC 18 for 5 yards (J.Lucas). PENALTY on NE-P.Dorsett, Offensive Pass Interference, 10 yards, enforced at KC 23 - No Play."
2018,Conference Championships,SUN,01/20,Patriots,Chiefs,3rd Quarter,4,New England Patriots,1,5,0,2 Yard Pass,2nd & 19 at KC 33,05:20 3rd,— T.Brady pass short left to C.Hogan to KC 31 for 2 yards (K.Fuller).
2018,Conference Championships,SUN,01/20,Patriots,Chiefs,3rd Quarter,4,New England Patriots,1,6,0,2 Yard Run,3rd & 17 at KC 31,04:43 3rd Shotgun,— J.White up the middle to KC 29 for 2 yards (J.Houston).
2018,Conference Championships,SUN,01/20,Patriots,Chiefs,3rd Quarter,4,New England Patriots,1,7,1,Field Goal,4th & 15 at KC 29,04:07 3rd,"— S.Gostkowski 47 yard field goal is GOOD, Center-J.Cardona, Holder-R.Allen."
2018,Conference Championships,SUN,01/20,Patriots,Chiefs,4th Quarter,1,Kansas City Chiefs,1,1,0,Kickoff from NE 35,,Kickoff,"— S.Gostkowski kicks 65 yards from NE 35 to end zone, Touchback."
2018,Conference Championships,SUN,01/20,Patriots,Chiefs,4th Quarter,1,Kansas City Chiefs,1,2,0,Pass Incomplete,1st & 10 at KC 25,04:02 3rd,— P.Mahomes pass incomplete short right.
2018,Conference Championships,SUN,01/20,Patriots,Chiefs,4th Quarter,1,Kansas City Chiefs,1,3,0,9 Yard Run,2nd & 10 at KC 25,03:56 3rd Shotgun,— P.Mahomes scrambles up the middle to KC 34 for 9 yards (P.Chung).
2018,Conference Championships,SUN,01/20,Patriots,Chiefs,4th Quarter,1,Kansas City Chiefs,1,4,0,2 Yard Run,3rd & 1 at KC 34,03:13 3rd,— P.Mahomes up the middle to KC 36 for 2 yards (M.Brown).
2018,Conference Championships,SUN,01/20,Patriots,Chiefs,4th Quarter,1,Kansas City Chiefs,1,5,0,4 Yard Pass,1st & 10 at KC 36,02:43 3rd Shotgun,— P.Mahomes pass short middle to Dam. Williams to KC 40 for 4 yards (E.Roberts).
2018,Conference Championships,SUN,01/20,Patriots,Chiefs,4th Quarter,1,Kansas City Chiefs,1,6,0,3 Yard Run,2nd & 6 at KC 40,02:05 3rd Shotgun,"— Dam. Williams up the middle to KC 43 for 3 yards (E.Roberts, D.Hightower)."
2018,Conference Championships,SUN,01/20,Patriots,Chiefs,4th Quarter,1,Kansas City Chiefs,1,7,0,10 Yard Pass,3rd & 3 at KC 43,01:22 3rd Shotgun,— P.Mahomes pass short left to S.Watkins to NE 47 for 10 yards (J.Jones) [A.Clayborn]. NE-J.Jones was injured during the play.
2018,Conference Championships,SUN,01/20,Patriots,Chiefs,4th Quarter,1,Kansas City Chiefs,1,8,0,33 Yard Pass,1st & 10 at NE 47,00:44 3rd Shotgun,— P.Mahomes pass short right to Dam. Williams to NE 14 for 33 yards (D.McCourty).
2018,Conference Championships,SUN,01/20,Patriots,Chiefs,4th Quarter,1,Kansas City Chiefs,1,9,0,Pass Incomplete,1st & 10 at NE 14,00:04 3rd Shotgun,— P.Mahomes pass incomplete short right to Dam. Williams.
2018,Conference Championships,SUN,01/20,Patriots,Chiefs,4th Quarter,1,Kansas City Chiefs,1,10,0,13 Yard Penalty,2nd & 10 at NE 14,15:00 4th Shotgun,"— P.Mahomes pass incomplete short left to T.Kelce. PENALTY on NE-J.Jackson, Defensive Pass Interference, 13 yards, enforced at NE 14 - No Play."
2018,Conference Championships,SUN,01/20,Patriots,Chiefs,4th Quarter,1,Kansas City Chiefs,1,11,1,Touchdown,1st & 1 at NE 1,14:56 4th,"— P.Mahomes pass short right to Dam. Williams for 1 yard, TOUCHDOWN."
2018,Conference Championships,SUN,01/20,Patriots,Chiefs,4th Quarter,1,Kansas City Chiefs,1,12,1,Extra Point,,14:51 4th,"— H.Butker extra point is GOOD, Center-J.Winchester, Holder-D.Colquitt."
2018,Conference Championships,SUN,01/20,Patriots,Chiefs,4th Quarter,2,New England Patriots,0,1,0,Kickoff from KC 35,,Kickoff,— H.Butker kicks 58 yards from KC 35 to NE 7. C.Patterson to NE 24 for 17 yards (B.Niemann).
2018,Conference Championships,SUN,01/20,Patriots,Chiefs,4th Quarter,2,New England Patriots,0,2,0,19 Yard Pass,1st & 10 at NE 24,14:43 4th,— T.Brady pass short middle to J.Edelman to NE 43 for 19 yards (D.Sorensen).
2018,Conference Championships,SUN,01/20,Patriots,Chiefs,4th Quarter,2,New England Patriots,0,3,0,1 Yard Run,1st & 10 at NE 43,14:03 4th,— S.Michel up the middle to NE 44 for 1 yard (A.Hitchens).
2018,Conference Championships,SUN,01/20,Patriots,Chiefs,4th Quarter,2,New England Patriots,0,4,0,10 Yard Run,2nd & 9 at NE 44,13:27 4th Shotgun,— S.Michel up the middle to KC 46 for 10 yards (D.Sorensen; A.Hitchens).
2018,Conference Championships,SUN,01/20,Patriots,Chiefs,4th Quarter,2,New England Patriots,0,5,0,3 Yard Run,1st & 10 at KC 46,12:49 4th,— S.Michel right tackle to KC 43 for 3 yards (X.Williams).
2018,Conference Championships,SUN,01/20,Patriots,Chiefs,4th Quarter,2,New England Patriots,0,6,0,9 Yard Pass,2nd & 7 at KC 43,12:11 4th,— T.Brady pass short left to J.Develin to KC 34 for 9 yards (R.Ragland).
2018,Conference Championships,SUN,01/20,Patriots,Chiefs,4th Quarter,2,New England Patriots,0,7,0,3 Yard Run,1st & 10 at KC 34,11:28 4th,— S.Michel up the middle to KC 31 for 3 yards (A.Bailey; D.Nnadi).
2018,Conference Championships,SUN,01/20,Patriots,Chiefs,4th Quarter,2,New England Patriots,0,8,0,5 Yard Pass,2nd & 7 at KC 31,10:45 4th Shotgun,— T.Brady pass short right to J.White to KC 26 for 5 yards (K.Fuller; A.Hitchens).
2018,Conference Championships,SUN,01/20,Patriots,Chiefs,4th Quarter,2,New England Patriots,0,9,0,1 Yard Run,3rd & 2 at KC 26,10:04 4th Shotgun,— J.White right tackle to KC 25 for 1 yard (A.Hitchens).
2018,Conference Championships,SUN,01/20,Patriots,Chiefs,4th Quarter,2,New England Patriots,0,10,0,Turnover on Downs,4th & 1 at KC 25,09:38 4th,— R.Burkhead up the middle to KC 25 for no gain (D.Sorensen).
2018,Conference Championships,SUN,01/20,Patriots,Chiefs,4th Quarter,3,Kansas City Chiefs,0,1,0,2 Yard Run,1st & 10 at KC 25,09:33 4th Shotgun,— Dam. Williams up the middle to KC 27 for 2 yards (J.Simon; K.Van Noy).
2018,Conference Championships,SUN,01/20,Patriots,Chiefs,4th Quarter,3,Kansas City Chiefs,0,2,0,Pass Incomplete,2nd & 8 at KC 27,08:56 4th Shotgun,— P.Mahomes pass incomplete deep right to Dam. Williams.
2018,Conference Championships,SUN,01/20,Patriots,Chiefs,4th Quarter,3,Kansas City Chiefs,0,3,0,Pass Incomplete,3rd & 8 at KC 27,08:51 4th Shotgun,— P.Mahomes pass incomplete deep right to T.Hill [D.McCourty].
2018,Conference Championships,SUN,01/20,Patriots,Chiefs,4th Quarter,3,Kansas City Chiefs,0,4,0,Punt,4th & 8 at KC 27,08:47 4th,"— D.Colquitt punts 42 yards to NE 31, Center-J.Winchester. J.Edelman MUFFS catch, touched at NE 31, RECOVERED by KC-G.Dieter at NE 26. The Replay Official reviewed the kick touched ruling, and the play was REVERSED. D.Colquitt punts 45 yards to NE 28, Center-J.Winchester, downed by KC-G.Dieter."
2018,Conference Championships,SUN,01/20,Patriots,Chiefs,4th Quarter,4,New England Patriots,0,1,0,2 Yard Run,1st & 10 at NE 28,08:39 4th,— S.Michel up the middle to NE 30 for 2 yards (K.Fuller; D.Nnadi).
2018,Conference Championships,SUN,01/20,Patriots,Chiefs,4th Quarter,4,New England Patriots,0,2,0,Interception,2nd & 8 at NE 30,08:06 4th,— T.Brady pass deep left intended for J.Edelman INTERCEPTED by D.Sorensen at NE 47. D.Sorensen to NE 23 for 24 yards (S.Michel).
2018,Conference Championships,SUN,01/20,Patriots,Chiefs,4th Quarter,5,Kansas City Chiefs,1,1,0,Pass Incomplete,1st & 10 at NE 23,07:55 4th Shotgun,"— P.Mahomes pass short middle to S.Watkins to NE 16 for 7 yards (E.Roberts). New England challenged the pass completion ruling, and the play was REVERSED. (Shotgun) P.Mahomes pass incomplete short middle to S.Watkins."
2018,Conference Championships,SUN,01/20,Patriots,Chiefs,4th Quarter,5,Kansas City Chiefs,1,2,1,Touchdown,2nd & 10 at NE 23,07:52 4th Shotgun,"— P.Mahomes pass short left to Dam. Williams for 23 yards, TOUCHDOWN."
2018,Conference Championships,SUN,01/20,Patriots,Chiefs,4th Quarter,5,Kansas City Chiefs,1,3,1,Extra Point,,07:45 4th,"— H.Butker extra point is GOOD, Center-J.Winchester, Holder-D.Colquitt."
2018,Conference Championships,SUN,01/20,Patriots,Chiefs,4th Quarter,6,New England Patriots,1,1,0,Kickoff from KC 35,,Kickoff,"— H.Butker kicks 65 yards from KC 35 to end zone, Touchback."
2018,Conference Championships,SUN,01/20,Patriots,Chiefs,4th Quarter,6,New England Patriots,1,2,0,3 Yard Pass,1st & 10 at NE 25,07:45 4th Shotgun,— T.Brady pass short right to C.Patterson pushed ob at NE 28 for 3 yards (A.Hitchens).
2018,Conference Championships,SUN,01/20,Patriots,Chiefs,4th Quarter,6,New England Patriots,1,3,0,15 Yard Penalty,2nd & 7 at NE 28,07:10 4th Shotgun,"— T.Brady pass incomplete short right to J.Edelman. PENALTY on KC-C.Jones, Roughing the Passer, 15 yards, enforced at NE 28 - No Play."
2018,Conference Championships,SUN,01/20,Patriots,Chiefs,4th Quarter,6,New England Patriots,1,4,0,2 Yard Run,1st & 10 at NE 43,07:05 4th,— S.Michel up the middle to NE 45 for 2 yards (R.Ragland; A.Bailey).
2018,Conference Championships,SUN,01/20,Patriots,Chiefs,4th Quarter,6,New England Patriots,1,5,0,Pass Incomplete,2nd & 8 at NE 45,06:29 4th Shotgun,— T.Brady pass incomplete deep right to R.Gronkowski.
2018,Conference Championships,SUN,01/20,Patriots,Chiefs,4th Quarter,6,New England Patriots,1,6,0,11 Yard Pass,3rd & 8 at NE 45,06:25 4th Shotgun,"— T.Brady pass short right to C.Hogan to KC 44 for 11 yards (S.Nelson). Kansas City challenged the pass completion ruling, and the play was Upheld. The ruling on the field stands. (Timeout #1.)"
2018,Conference Championships,SUN,01/20,Patriots,Chiefs,4th Quarter,6,New England Patriots,1,7,0,14 Yard Run,1st & 10 at KC 44,06:05 4th,— R.Burkhead left tackle to KC 30 for 14 yards (D.Sorensen).
2018,Conference Championships,SUN,01/20,Patriots,Chiefs,4th Quarter,6,New England Patriots,1,8,0,11 Yard Pass,1st & 10 at KC 30,05:28 4th,— T.Brady pass short left to R.Gronkowski pushed ob at KC 19 for 11 yards (D.Sorensen).
2018,Conference Championships,SUN,01/20,Patriots,Chiefs,4th Quarter,6,New England Patriots,1,9,0,3 Yard Run,1st & 10 at KC 19,04:53 4th,— R.Burkhead left tackle to KC 16 for 3 yards (R.Ragland; A.Bailey).
2018,Conference Championships,SUN,01/20,Patriots,Chiefs,4th Quarter,6,New England Patriots,1,10,0,6 Yard Pass,2nd & 7 at KC 16,04:10 4th,— T.Brady pass short left to R.Burkhead pushed ob at KC 10 for 6 yards (R.Ragland).
2018,Conference Championships,SUN,01/20,Patriots,Chiefs,4th Quarter,6,New England Patriots,1,11,0,0 Yard Run,3rd & 1 at KC 10,04:05 4th,— R.Burkhead left tackle to KC 10 for no gain (B.Speaks; D.Nnadi).
2018,Conference Championships,SUN,01/20,Patriots,Chiefs,4th Quarter,6,New England Patriots,1,12,1,Touchdown,4th & 1 at KC 10,03:35 4th,"— S.Michel up the middle for 10 yards, TOUCHDOWN."
2018,Conference Championships,SUN,01/20,Patriots,Chiefs,4th Quarter,6,New England Patriots,1,13,1,Extra Point,,03:32 4th,"— S.Gostkowski extra point is GOOD, Center-J.Cardona, Holder-R.Allen."
2018,Conference Championships,SUN,01/20,Patriots,Chiefs,4th Quarter,7,Kansas City Chiefs,1,1,0,Kickoff from NE 35,,Kickoff,— S.Gostkowski kicks 62 yards from NE 35 to KC 3. Tr. Smith to KC 32 for 29 yards (O.Melifonwu).
2018,Conference Championships,SUN,01/20,Patriots,Chiefs,4th Quarter,7,Kansas City Chiefs,1,2,0,Pass Incomplete,1st & 10 at KC 32,03:26 4th Shotgun,— P.Mahomes pass incomplete deep right to S.Watkins.
2018,Conference Championships,SUN,01/20,Patriots,Chiefs,4th Quarter,7,Kansas City Chiefs,1,3,0,5 Yard Penalty,2nd & 10 at KC 32,03:21 4th Shotgun,"— P.Mahomes pass short middle to T.Kelce to KC 33 for 1 yard (S.Gilmore). FUMBLES (S.Gilmore), RECOVERED by NE-D.Hightower at KC 28. D.Hightower pushed ob at KC 20 for 8 yards (A.Wylie). PENALTY on NE-J.Jackson, Defensive Holding, 5 yards, enforced at KC 32 - No Play."
2018,Conference Championships,SUN,01/20,Patriots,Chiefs,4th Quarter,7,Kansas City Chiefs,1,4,0,Pass Incomplete,1st & 10 at KC 37,03:11 4th Shotgun,— P.Mahomes pass incomplete short left to T.Kelce.
2018,Conference Championships,SUN,01/20,Patriots,Chiefs,4th Quarter,7,Kansas City Chiefs,1,5,0,23 Yard Penalty,2nd & 10 at KC 37,03:07 4th Shotgun,"— P.Mahomes pass incomplete deep right to S.Watkins [K.Van Noy]. PENALTY on NE-J.Jackson, Defensive Pass Interference, 23 yards, enforced at KC 37 - No Play. Penalty on NE-K.Van Noy, Roughing the Passer, declined."
2018,Conference Championships,SUN,01/20,Patriots,Chiefs,4th Quarter,7,Kansas City Chiefs,1,6,0,Pass Incomplete,1st & 10 at NE 40,03:02 4th Shotgun,— P.Mahomes pass incomplete deep left to T.Hill (J.Jones) [A.Butler].
2018,Conference Championships,SUN,01/20,Patriots,Chiefs,4th Quarter,7,Kansas City Chiefs,1,7,0,38 Yard Pass,2nd & 10 at NE 40,02:54 4th Shotgun,— P.Mahomes pass short left to S.Watkins to NE 2 for 38 yards (D.McCourty).
2018,Conference Championships,SUN,01/20,Patriots,Chiefs,4th Quarter,7,Kansas City Chiefs,1,8,1,Touchdown,1st & 2 at NE 2,02:06 4th Shotgun,"— Dam. Williams up the middle for 2 yards, TOUCHDOWN."
2018,Conference Championships,SUN,01/20,Patriots,Chiefs,4th Quarter,7,Kansas City Chiefs,1,9,1,Extra Point,,02:03 4th,"— H.Butker extra point is GOOD, Center-J.Winchester, Holder-D.Colquitt."
2018,Conference Championships,SUN,01/20,Patriots,Chiefs,4th Quarter,8,New England Patriots,1,1,0,Kickoff from KC 35,,Kickoff,— H.Butker kicks 68 yards from KC 35 to NE -3. C.Patterson pushed ob at NE 35 for 38 yards (Dar.Williams).
2018,Conference Championships,SUN,01/20,Patriots,Chiefs,4th Quarter,8,New England Patriots,1,2,0,20 Yard Pass,1st & 10 at NE 35,01:57 4th Shotgun,— T.Brady pass deep middle to J.Edelman to KC 45 for 20 yards (J.Lucas; K.Fuller).
2018,Conference Championships,SUN,01/20,Patriots,Chiefs,4th Quarter,8,New England Patriots,1,3,0,11 Yard Pass,1st & 10 at KC 45,01:30 4th Shotgun,— T.Brady pass short left to C.Hogan to KC 34 for 11 yards (S.Nelson).
2018,Conference Championships,SUN,01/20,Patriots,Chiefs,4th Quarter,8,New England Patriots,1,4,0,Pass Incomplete,1st & 10 at KC 34,"01:08 4th No Huddle, Shotgun",— T.Brady pass incomplete deep middle to P.Dorsett.
2018,Conference Championships,SUN,01/20,Patriots,Chiefs,4th Quarter,8,New England Patriots,1,5,0,Pass Incomplete,2nd & 10 at KC 34,01:05 4th Shotgun,"— T.Brady pass short left to C.Hogan to KC 21 for 13 yards (S.Nelson). The Replay Official reviewed the pass completion ruling, and the play was REVERSED. (Shotgun) T.Brady pass incomplete short left to C.Hogan."
2018,Conference Championships,SUN,01/20,Patriots,Chiefs,4th Quarter,8,New England Patriots,1,6,0,5 Yard Penalty,3rd & 10 at KC 34,01:01 4th Shotgun,"— T.Brady pass short right intended for R.Gronkowski INTERCEPTED by C.Ward at KC 30. C.Ward to KC 36 for 6 yards (R.Gronkowski). FUMBLES (R.Gronkowski), ball out of bounds at KC 40. PENALTY on KC-D.Ford, Defensive Offside, 5 yards, enforced at KC 34 - No Play."
2018,Conference Championships,SUN,01/20,Patriots,Chiefs,4th Quarter,8,New England Patriots,1,7,0,25 Yard Pass,3rd & 5 at KC 29,00:54 4th Shotgun,— T.Brady pass deep left to R.Gronkowski to KC 4 for 25 yards (E.Berry).
2018,Conference Championships,SUN,01/20,Patriots,Chiefs,4th Quarter,8,New England Patriots,1,8,0,Timeout,,00:42 4th,— Timeout #2 by KC at 00:42.
2018,Conference Championships,SUN,01/20,Patriots,Chiefs,4th Quarter,8,New England Patriots,1,9,1,Touchdown,1st & 4 at KC 4,00:42 4th,"— R.Burkhead left tackle for 4 yards, TOUCHDOWN."
2018,Conference Championships,SUN,01/20,Patriots,Chiefs,4th Quarter,8,New England Patriots,1,10,1,Extra Point,,00:39 4th,"— S.Gostkowski extra point is GOOD, Center-J.Cardona, Holder-R.Allen."
2018,Conference Championships,SUN,01/20,Patriots,Chiefs,4th Quarter,9,Kansas City Chiefs,1,1,0,Kickoff from NE 35,,Kickoff,— S.Gostkowski kicks 60 yards from NE 35 to KC 5. Tr. Smith to KC 31 for 26 yards (B.King).
2018,Conference Championships,SUN,01/20,Patriots,Chiefs,4th Quarter,9,Kansas City Chiefs,1,2,0,21 Yard Pass,1st & 10 at KC 31,00:32 4th Shotgun,— P.Mahomes pass deep right to S.Ware to NE 48 for 21 yards (K.Van Noy).
2018,Conference Championships,SUN,01/20,Patriots,Chiefs,4th Quarter,9,Kansas City Chiefs,1,3,0,Timeout,,00:23 4th,— Timeout #3 by KC at 00:23.
2018,Conference Championships,SUN,01/20,Patriots,Chiefs,4th Quarter,9,Kansas City Chiefs,1,4,0,27 Yard Pass,1st & 10 at NE 48,00:23 4th Shotgun,"— P.Mahomes pass deep left to D.Robinson to NE 21 for 27 yards (J.Jackson) [D.Hightower]. Penalty on NE-T.Flowers, Defensive Offside, declined."
2018,Conference Championships,SUN,01/20,Patriots,Chiefs,4th Quarter,9,Kansas City Chiefs,1,5,0,Pass Incomplete,1st & 10 at NE 21,00:16 4th Shotgun,— P.Mahomes pass incomplete deep right.
2018,Conference Championships,SUN,01/20,Patriots,Chiefs,4th Quarter,9,Kansas City Chiefs,1,6,0,Timeout,,00:11 4th,— Timeout #1 by NE at 00:11.
2018,Conference Championships,SUN,01/20,Patriots,Chiefs,4th Quarter,9,Kansas City Chiefs,1,7,1,Field Goal,2nd & 10 at NE 21,00:11 4th,"— H.Butker 39 yard field goal is GOOD, Center-J.Winchester, Holder-D.Colquitt."
2018,Conference Championships,SUN,01/20,Patriots,Chiefs,4th Quarter,10,New England Patriots,0,1,0,Kickoff from KC 35,,Kickoff,— H.Butker kicks 48 yards from KC 35 to NE 17. J.Develin to NE 19 for 2 yards.
2018,Conference Championships,SUN,01/20,Patriots,Chiefs,4th Quarter,10,New England Patriots,0,2,0,-1 Yard Run,1st & 10 at NE 19,00:06 4th,— T.Brady kneels to NE 18 for -1 yards.
2018,Conference Championships,SUN,01/20,Patriots,Chiefs,Overtime,1,New England Patriots,1,1,0,Kickoff from KC 35,,Kickoff,"— H.Butker kicks 65 yards from KC 35 to end zone, Touchback."
2018,Conference Championships,SUN,01/20,Patriots,Chiefs,Overtime,1,New England Patriots,1,2,0,10 Yard Pass,1st & 10 at NE 25,15:00 5th,— T.Brady pass short left to C.Hogan pushed ob at NE 35 for 10 yards (K.Fuller) [D.Nnadi].
2018,Conference Championships,SUN,01/20,Patriots,Chiefs,Overtime,1,New England Patriots,1,3,0,0 Yard Run,1st & 10 at NE 35,14:24 5th,— R.Burkhead up the middle to NE 35 for no gain (K.Fuller).
2018,Conference Championships,SUN,01/20,Patriots,Chiefs,Overtime,1,New England Patriots,1,4,0,Pass Incomplete,2nd & 10 at NE 35,13:45 5th,— T.Brady pass incomplete short right to J.Edelman.
2018,Conference Championships,SUN,01/20,Patriots,Chiefs,Overtime,1,New England Patriots,1,5,0,20 Yard Pass,3rd & 10 at NE 35,13:40 5th Shotgun,— T.Brady pass short middle to J.Edelman to KC 45 for 20 yards (D.Sorensen).
2018,Conference Championships,SUN,01/20,Patriots,Chiefs,Overtime,1,New England Patriots,1,6,0,Pass Incomplete,1st & 10 at KC 45,12:59 5th,— T.Brady pass incomplete deep left to P.Dorsett.
2018,Conference Championships,SUN,01/20,Patriots,Chiefs,Overtime,1,New England Patriots,1,7,0,Pass Incomplete,2nd & 10 at KC 45,12:54 5th Shotgun,— T.Brady pass incomplete short left to C.Patterson.
2018,Conference Championships,SUN,01/20,Patriots,Chiefs,Overtime,1,New England Patriots,1,8,0,15 Yard Pass,3rd & 10 at KC 45,12:51 5th Shotgun,— T.Brady pass short middle to J.Edelman to KC 30 for 15 yards (C.Ward).
2018,Conference Championships,SUN,01/20,Patriots,Chiefs,Overtime,1,New England Patriots,1,9,0,Pass Incomplete,1st & 10 at KC 30,12:10 5th,— T.Brady pass incomplete deep right to C.Hogan.
2018,Conference Championships,SUN,01/20,Patriots,Chiefs,Overtime,1,New England Patriots,1,10,0,Pass Incomplete,2nd & 10 at KC 30,12:03 5th Shotgun,— T.Brady pass incomplete deep middle to C.Patterson (S.Nelson).
2018,Conference Championships,SUN,01/20,Patriots,Chiefs,Overtime,1,New England Patriots,1,11,0,15 Yard Pass,3rd & 10 at KC 30,11:57 5th Shotgun,— T.Brady pass short left to R.Gronkowski to KC 15 for 15 yards (E.Berry).
2018,Conference Championships,SUN,01/20,Patriots,Chiefs,Overtime,1,New England Patriots,1,12,0,10 Yard Run,1st & 10 at KC 15,11:18 5th,— R.Burkhead up the middle to KC 5 for 10 yards (K.Fuller).
2018,Conference Championships,SUN,01/20,Patriots,Chiefs,Overtime,1,New England Patriots,1,13,0,3 Yard Run,1st & 5 at KC 5,10:48 5th,— R.Burkhead up the middle to KC 2 for 3 yards (D.Sorensen).
2018,Conference Championships,SUN,01/20,Patriots,Chiefs,Overtime,1,New England Patriots,1,14,1,Touchdown,2nd & 2 at KC 2,10:10 5th,"— R.Burkhead up the middle for 2 yards, TOUCHDOWN."
