Season,Week,GameStatus,Day,Date,AwayTeam,AwayRecord,AwayScore,AwayWin,HomeTeam,HomeRecord,HomeScore,HomeWin,AwaySeeding,HomeSeeding,PostSeason
2017,Hall Of Fame,FINAL,THU,08/03,Cardinals,0-1,18,0.0,Cowboys,1-0,20,1.0,,,0
2017,Preseason Week 1,FINAL,WED,08/09,Texans,0-1,17,0.0,Panthers,1-0,27,1.0,,,0
2017,Preseason Week 1,FINAL,THU,08/10,Vikings,1-0,17,1.0,Bills,0-1,10,0.0,,,0
2017,Preseason Week 1,FINAL,THU,08/10,Falcons,0-1,20,0.0,Dolphins,1-0,23,1.0,,,0
2017,Preseason Week 1,FINAL,THU,08/10,Redskins,0-1,3,0.0,Ravens,1-0,23,1.0,,,0
2017,Preseason Week 1,FINAL,THU,08/10,Jaguars,1-0,31,1.0,Patriots,0-1,24,0.0,,,0
2017,Preseason Week 1,FINAL,THU,08/10,Broncos,1-0,24,1.0,Bears,0-1,17,0.0,,,0
2017,Preseason Week 1,FINAL,THU,08/10,Saints,0-1,14,0.0,Browns,1-0,20,1.0,,,0
2017,Preseason Week 1,FINAL,THU,08/10,Eagles,0-1,9,0.0,Packers,1-0,24,1.0,,,0
2017,Preseason Week 1,FINAL,FRI,08/11,Steelers,1-0,20,1.0,Giants,0-1,12,0.0,,,0
2017,Preseason Week 1,FINAL,FRI,08/11,Buccaneers,0-1,12,0.0,Bengals,1-0,23,1.0,,,0
2017,Preseason Week 1,FINAL,FRI,08/11,49ers,1-0,27,1.0,Chiefs,0-1,17,0.0,,,0
2017,Preseason Week 1,FINAL,SAT,08/12,Titans,0-1,3,0.0,Jets,1-0,7,1.0,,,0
2017,Preseason Week 1,FINAL,SAT,08/12,Cowboys,1-1,10,0.0,Rams,1-0,13,1.0,,,0
2017,Preseason Week 1,FINAL,SAT,08/12,Raiders,0-1,10,0.0,Cardinals,1-1,20,1.0,,,0
2017,Preseason Week 1,FINAL,SUN,08/13,Lions,1-0,24,1.0,Colts,0-1,10,0.0,,,0
2017,Preseason Week 1,FINAL,SUN,08/13,Seahawks,1-0,48,1.0,Chargers,0-1,17,0.0,,,0
2017,Preseason Week 2,FINAL,THU,08/17,Ravens,2-0,31,1.0,Dolphins,1-1,7,0.0,,,0
2017,Preseason Week 2,FINAL,THU,08/17,Bills,0-2,16,0.0,Eagles,1-1,20,1.0,,,0
2017,Preseason Week 2,FINAL,THU,08/17,Buccaneers,1-1,12,1.0,Jaguars,1-1,8,0.0,,,0
2017,Preseason Week 2,FINAL,FRI,08/18,Vikings,1-1,13,0.0,Seahawks,2-0,20,1.0,,,0
2017,Preseason Week 2,FINAL,SAT,08/19,Panthers,1-1,27,0.0,Titans,1-1,34,1.0,,,0
2017,Preseason Week 2,FINAL,SAT,08/19,Chiefs,1-1,30,1.0,Bengals,1-1,12,0.0,,,0
2017,Preseason Week 2,FINAL,SAT,08/19,Colts,0-2,19,0.0,Cowboys,2-1,24,1.0,,,0
2017,Preseason Week 2,FINAL,SAT,08/19,Jets,1-1,6,0.0,Lions,2-0,16,1.0,,,0
2017,Preseason Week 2,FINAL,SAT,08/19,Packers,2-0,21,1.0,Redskins,0-2,17,0.0,,,0
2017,Preseason Week 2,FINAL,SAT,08/19,Patriots,0-2,23,0.0,Texans,1-1,27,1.0,,,0
2017,Preseason Week 2,FINAL,SAT,08/19,Rams,2-0,24,1.0,Raiders,0-2,21,0.0,,,0
2017,Preseason Week 2,FINAL,SAT,08/19,Broncos,2-0,33,1.0,49ers,1-1,14,0.0,,,0
2017,Preseason Week 2,FINAL,SAT,08/19,Bears,1-1,24,1.0,Cardinals,1-2,23,0.0,,,0
2017,Preseason Week 2,FINAL,SUN,08/20,Falcons,0-2,13,0.0,Steelers,2-0,17,1.0,,,0
2017,Preseason Week 2,FINAL,SUN,08/20,Saints,1-1,13,1.0,Chargers,0-2,7,0.0,,,0
2017,Preseason Week 2,FINAL,MON,08/21,Giants,0-2,6,0.0,Browns,2-0,10,1.0,,,0
2017,Preseason Week 3,FINAL,THU,08/24,Dolphins,1-2,31,0.0,Eagles,2-1,38,1.0,,,0
2017,Preseason Week 3,FINAL,THU,08/24,Panthers,2-1,24,1.0,Jaguars,1-2,23,0.0,,,0
2017,Preseason Week 3,FINAL,FRI,08/25,Patriots,1-2,30,1.0,Lions,2-1,28,0.0,,,0
2017,Preseason Week 3,FINAL,FRI,08/25,Chiefs,1-2,13,0.0,Seahawks,3-0,26,1.0,,,0
2017,Preseason Week 3,FINAL,SAT,08/26,Cardinals,2-2,24,1.0,Falcons,0-3,14,0.0,,,0
2017,Preseason Week 3,FINAL,SAT,08/26,Bills,0-3,9,0.0,Ravens,3-0,13,1.0,,,0
2017,Preseason Week 3,FINAL,SAT,08/26,Jets,1-2,31,0.0,Giants,1-2,32,1.0,,,0
2017,Preseason Week 3,FINAL,SAT,08/26,Colts,1-2,19,1.0,Steelers,2-1,15,0.0,,,0
2017,Preseason Week 3,FINAL,SAT,08/26,Browns,3-0,13,1.0,Buccaneers,1-2,9,0.0,,,0
2017,Preseason Week 3,FINAL,SAT,08/26,Raiders,0-3,20,0.0,Cowboys,3-1,24,1.0,,,0
2017,Preseason Week 3,FINAL,SAT,08/26,Chargers,1-2,21,1.0,Rams,2-1,19,0.0,,,0
2017,Preseason Week 3,FINAL,SAT,08/26,Texans,1-2,0,0.0,Saints,2-1,13,1.0,,,0
2017,Preseason Week 3,FINAL,SAT,08/26,Packers,2-1,17,0.0,Broncos,3-0,20,1.0,,,0
2017,Preseason Week 3,FINAL,SUN,08/27,Bears,2-1,19,1.0,Titans,1-2,7,0.0,,,0
2017,Preseason Week 3,FINAL,SUN,08/27,Bengals,1-2,17,0.0,Redskins,1-2,23,1.0,,,0
2017,Preseason Week 3,FINAL,SUN,08/27,49ers,1-2,31,0.0,Vikings,2-1,32,1.0,,,0
2017,Preseason Week 4,FINAL,THU,08/31,Eagles,2-2,10,0.0,Jets,2-2,16,1.0,,,0
2017,Preseason Week 4,FINAL,THU,08/31,Jaguars,2-2,13,1.0,Falcons,0-4,7,0.0,,,0
2017,Preseason Week 4,FINAL,THU,08/31,Lions,2-2,17,0.0,Bills,1-3,27,1.0,,,0
2017,Preseason Week 4,FINAL,THU,08/31,Rams,2-2,10,0.0,Packers,3-1,24,1.0,,,0
2017,Preseason Week 4,FINAL,THU,08/31,Bengals,1-3,6,0.0,Colts,2-2,7,1.0,,,0
2017,Preseason Week 4,FINAL,THU,08/31,Steelers,3-1,17,1.0,Panthers,2-2,14,0.0,,,0
2017,Preseason Week 4,FINAL,THU,08/31,Giants,2-2,40,1.0,Patriots,1-3,38,0.0,,,0
2017,Preseason Week 4,FINAL,THU,08/31,Redskins,2-2,13,1.0,Buccaneers,1-3,10,0.0,,,0
2017,Preseason Week 4,FINAL,THU,08/31,Browns,4-0,25,1.0,Bears,2-2,0,0.0,,,0
2017,Preseason Week 4,FINAL,THU,08/31,Dolphins,2-2,30,1.0,Vikings,2-2,9,0.0,,,0
2017,Preseason Week 4,FINAL,THU,08/31,Ravens,4-0,14,1.0,Saints,2-2,13,0.0,,,0
2017,Preseason Week 4,FINAL,THU,08/31,Titans,1-3,6,0.0,Chiefs,2-2,30,1.0,,,0
2017,Preseason Week 4,FINAL,THU,08/31,Cardinals,2-3,2,0.0,Broncos,4-0,30,1.0,,,0
2017,Preseason Week 4,FINAL,THU,08/31,Seahawks,4-0,17,1.0,Raiders,0-4,13,0.0,,,0
2017,Preseason Week 4,FINAL,THU,08/31,Chargers,1-3,13,0.0,49ers,2-2,23,1.0,,,0
2017,Preseason Week 4,CANCELLED,CANCELLED,CANCELLED,Cowboys,3-1,0,0.0,Texans,1-2,0,0.0,,,0
2017,Week 1,FINAL,THU,09/07,Chiefs,1-0,42,1.0,Patriots,0-1,27,0.0,,,0
2017,Week 1,FINAL,SUN,09/10,Jets,0-1,12,0.0,Bills,1-0,21,1.0,,,0
2017,Week 1,FINAL,SUN,09/10,Falcons,1-0,23,1.0,Bears,0-1,17,0.0,,,0
2017,Week 1,FINAL,SUN,09/10,Ravens,1-0,20,1.0,Bengals,0-1,0,0.0,,,0
2017,Week 1,FINAL,SUN,09/10,Steelers,1-0,21,1.0,Browns,0-1,18,0.0,,,0
2017,Week 1,FINAL,SUN,09/10,Cardinals,0-1,23,0.0,Lions,1-0,35,1.0,,,0
2017,Week 1,FINAL,SUN,09/10,Jaguars,1-0,29,1.0,Texans,0-1,7,0.0,,,0
2017,Week 1,FINAL,SUN,09/10,Raiders,1-0,26,1.0,Titans,0-1,16,0.0,,,0
2017,Week 1,FINAL,SUN,09/10,Eagles,1-0,30,1.0,Redskins,0-1,17,0.0,,,0
2017,Week 1,FINAL,SUN,09/10,Colts,0-1,9,0.0,Rams,1-0,46,1.0,,,0
2017,Week 1,FINAL,SUN,09/10,Seahawks,0-1,9,0.0,Packers,1-0,17,1.0,,,0
2017,Week 1,FINAL,SUN,09/10,Panthers,1-0,23,1.0,49ers,0-1,3,0.0,,,0
2017,Week 1,FINAL,SUN,09/10,Giants,0-1,3,0.0,Cowboys,1-0,19,1.0,,,0
2017,Week 1,FINAL,MON,09/11,Saints,0-1,19,0.0,Vikings,1-0,29,1.0,,,0
2017,Week 1,FINAL,MON,09/11,Chargers,0-1,21,0.0,Broncos,1-0,24,1.0,,,0
2017,Week 1,BYE,,,Buccaneers,3-1,,,,,,,,,0
2017,Week 1,BYE,,,Dolphins,1-3,,,,,,,,,0
2017,Week 2,FINAL,THU,09/14,Texans,1-1,13,1.0,Bengals,0-2,9,0.0,,,0
2017,Week 2,FINAL,SUN,09/17,Browns,0-2,10,0.0,Ravens,2-0,24,1.0,,,0
2017,Week 2,FINAL,SUN,09/17,Bills,1-1,3,0.0,Panthers,2-0,9,1.0,,,0
2017,Week 2,FINAL,SUN,09/17,Cardinals,1-1,16,1.0,Colts,0-2,13,0.0,,,0
2017,Week 2,FINAL,SUN,09/17,Titans,1-1,37,1.0,Jaguars,1-1,16,0.0,,,0
2017,Week 2,FINAL,SUN,09/17,Eagles,1-1,20,0.0,Chiefs,2-0,27,1.0,,,0
2017,Week 2,FINAL,SUN,09/17,Patriots,1-1,36,1.0,Saints,0-2,20,0.0,,,0
2017,Week 2,FINAL,SUN,09/17,Vikings,1-1,9,0.0,Steelers,2-0,26,1.0,,,0
2017,Week 2,FINAL,SUN,09/17,Bears,0-2,7,0.0,Buccaneers,1-0,29,1.0,,,0
2017,Week 2,FINAL,SUN,09/17,Dolphins,1-0,19,1.0,Chargers,0-2,17,0.0,,,0
2017,Week 2,FINAL,SUN,09/17,Jets,0-2,20,0.0,Raiders,2-0,45,1.0,,,0
2017,Week 2,FINAL,SUN,09/17,Cowboys,1-1,17,0.0,Broncos,2-0,42,1.0,,,0
2017,Week 2,FINAL,SUN,09/17,Redskins,1-1,27,1.0,Rams,1-1,20,0.0,,,0
2017,Week 2,FINAL,SUN,09/17,49ers,0-2,9,0.0,Seahawks,1-1,12,1.0,,,0
2017,Week 2,FINAL,SUN,09/17,Packers,1-1,23,0.0,Falcons,2-0,34,1.0,,,0
2017,Week 2,FINAL,MON,09/18,Lions,2-0,24,1.0,Giants,0-2,10,0.0,,,0
2017,Week 3,FINAL,THU,09/21,Rams,2-1,41,1.0,49ers,0-3,39,0.0,,,0
2017,Week 3,FINAL,SUN,09/24,Ravens,2-1,7,0.0,Jaguars,2-1,44,1.0,,,0
2017,Week 3,FINAL,SUN,09/24,Broncos,2-1,16,0.0,Bills,2-1,26,1.0,,,0
2017,Week 3,FINAL,SUN,09/24,Saints,1-2,34,1.0,Panthers,2-1,13,0.0,,,0
2017,Week 3,FINAL,SUN,09/24,Steelers,2-1,17,0.0,Bears,1-2,23,1.0,,,0
2017,Week 3,FINAL,SUN,09/24,Falcons,3-0,30,1.0,Lions,2-1,26,0.0,,,0
2017,Week 3,FINAL,SUN,09/24,Browns,0-3,28,0.0,Colts,1-2,31,1.0,,,0
2017,Week 3,FINAL,SUN,09/24,Buccaneers,1-1,17,0.0,Vikings,2-1,34,1.0,,,0
2017,Week 3,FINAL,SUN,09/24,Texans,1-2,33,0.0,Patriots,2-1,36,1.0,,,0
2017,Week 3,FINAL,SUN,09/24,Dolphins,1-1,6,0.0,Jets,1-2,20,1.0,,,0
2017,Week 3,FINAL,SUN,09/24,Giants,0-3,24,0.0,Eagles,2-1,27,1.0,,,0
2017,Week 3,FINAL,SUN,09/24,Seahawks,1-2,27,0.0,Titans,2-1,33,1.0,,,0
2017,Week 3,FINAL,SUN,09/24,Bengals,0-3,24,0.0,Packers,2-1,27,1.0,,,0
2017,Week 3,FINAL,SUN,09/24,Chiefs,3-0,24,1.0,Chargers,0-3,10,0.0,,,0
2017,Week 3,FINAL,SUN,09/24,Raiders,2-1,10,0.0,Redskins,2-1,27,1.0,,,0
2017,Week 3,FINAL,MON,09/25,Cowboys,2-1,28,1.0,Cardinals,1-2,17,0.0,,,0
2017,Week 4,FINAL,THU,09/28,Bears,1-3,14,0.0,Packers,3-1,35,1.0,,,0
2017,Week 4,FINAL,SUN,10/01,Saints,2-2,20,1.0,Dolphins,1-2,0,0.0,,,0
2017,Week 4,FINAL,SUN,10/01,Bills,3-1,23,1.0,Falcons,3-1,17,0.0,,,0
2017,Week 4,FINAL,SUN,10/01,Steelers,3-1,26,1.0,Ravens,2-2,9,0.0,,,0
2017,Week 4,FINAL,SUN,10/01,Bengals,1-3,31,1.0,Browns,0-4,7,0.0,,,0
2017,Week 4,FINAL,SUN,10/01,Rams,3-1,35,1.0,Cowboys,2-2,30,0.0,,,0
2017,Week 4,FINAL,SUN,10/01,Titans,2-2,14,0.0,Texans,2-2,57,1.0,,,0
2017,Week 4,FINAL,SUN,10/01,Lions,3-1,14,1.0,Vikings,2-2,7,0.0,,,0
2017,Week 4,FINAL,SUN,10/01,Panthers,3-1,33,1.0,Patriots,2-2,30,0.0,,,0
2017,Week 4,FINAL,SUN,10/01,Jaguars,2-2,20,0.0,Jets,2-2,23,1.0,,,0
2017,Week 4,FINAL,SUN,10/01,49ers,0-4,15,0.0,Cardinals,2-2,18,1.0,,,0
2017,Week 4,FINAL,SUN,10/01,Eagles,3-1,26,1.0,Chargers,0-4,24,0.0,,,0
2017,Week 4,FINAL,SUN,10/01,Giants,0-4,23,0.0,Buccaneers,2-1,25,1.0,,,0
2017,Week 4,FINAL,SUN,10/01,Raiders,2-2,10,0.0,Broncos,3-1,16,1.0,,,0
2017,Week 4,FINAL,SUN,10/01,Colts,1-3,18,0.0,Seahawks,2-2,46,1.0,,,0
2017,Week 4,FINAL,MON,10/02,Redskins,2-2,20,0.0,Chiefs,4-0,29,1.0,,,0
2017,Week 5,FINAL,THU,10/05,Patriots,3-2,19,1.0,Buccaneers,2-2,14,0.0,,,0
2017,Week 5,FINAL,SUN,10/08,Bills,3-2,16,0.0,Bengals,2-3,20,1.0,,,0
2017,Week 5,FINAL,SUN,10/08,Jets,3-2,17,1.0,Browns,0-5,14,0.0,,,0
2017,Week 5,FINAL,SUN,10/08,Panthers,4-1,27,1.0,Lions,3-2,24,0.0,,,0
2017,Week 5,FINAL,SUN,10/08,49ers,0-5,23,0.0,Colts,2-3,26,1.0,,,0
2017,Week 5,FINAL,SUN,10/08,Titans,2-3,10,0.0,Dolphins,2-2,16,1.0,,,0
2017,Week 5,FINAL,SUN,10/08,Chargers,1-4,27,1.0,Giants,0-5,22,0.0,,,0
2017,Week 5,FINAL,SUN,10/08,Cardinals,2-3,7,0.0,Eagles,4-1,34,1.0,,,0
2017,Week 5,FINAL,SUN,10/08,Jaguars,3-2,30,1.0,Steelers,3-2,9,0.0,,,0
2017,Week 5,FINAL,SUN,10/08,Seahawks,3-2,16,1.0,Rams,3-2,10,0.0,,,0
2017,Week 5,FINAL,SUN,10/08,Ravens,3-2,30,1.0,Raiders,2-3,17,0.0,,,0
2017,Week 5,FINAL,SUN,10/08,Packers,4-1,35,1.0,Cowboys,2-3,31,0.0,,,0
2017,Week 5,FINAL,SUN,10/08,Chiefs,5-0,42,1.0,Texans,2-3,34,0.0,,,0
2017,Week 5,FINAL,MON,10/09,Vikings,3-2,20,1.0,Bears,1-4,17,0.0,,,0
2017,Week 5,BYE,,,Falcons,2-2,,,,,,,,,0
2017,Week 5,BYE,,,Saints,0-4,,,,,,,,,0
2017,Week 5,BYE,,,Redskins,2-2,,,,,,,,,0
2017,Week 5,BYE,,,Broncos,2-2,,,,,,,,,0
2017,Week 6,FINAL,THU,10/12,Eagles,5-1,28,1.0,Panthers,4-2,23,0.0,,,0
2017,Week 6,FINAL,SUN,10/15,Dolphins,3-2,20,1.0,Falcons,3-2,17,0.0,,,0
2017,Week 6,FINAL,SUN,10/15,Bears,2-4,27,1.0,Ravens,3-3,24,0.0,,,0
2017,Week 6,FINAL,SUN,10/15,Browns,0-6,17,0.0,Texans,3-3,33,1.0,,,0
2017,Week 6,FINAL,SUN,10/15,Packers,4-2,10,0.0,Vikings,4-2,23,1.0,,,0
2017,Week 6,FINAL,SUN,10/15,Lions,3-3,38,0.0,Saints,3-2,52,1.0,,,0
2017,Week 6,FINAL,SUN,10/15,Patriots,4-2,24,1.0,Jets,3-3,17,0.0,,,0
2017,Week 6,FINAL,SUN,10/15,49ers,0-6,24,0.0,Redskins,3-2,26,1.0,,,0
2017,Week 6,FINAL,SUN,10/15,Buccaneers,2-3,33,0.0,Cardinals,3-3,38,1.0,,,0
2017,Week 6,FINAL,SUN,10/15,Rams,4-2,27,1.0,Jaguars,3-3,17,0.0,,,0
2017,Week 6,FINAL,SUN,10/15,Steelers,4-2,19,1.0,Chiefs,5-1,13,0.0,,,0
2017,Week 6,FINAL,SUN,10/15,Chargers,2-4,17,1.0,Raiders,2-4,16,0.0,,,0
2017,Week 6,FINAL,SUN,10/15,Giants,1-5,23,1.0,Broncos,3-2,10,0.0,,,0
2017,Week 6,FINAL,MON,10/16,Colts,2-4,22,0.0,Titans,3-3,36,1.0,,,0
2017,Week 6,BYE,,,Bills,4-0,,,,,,,,,0
2017,Week 6,BYE,,,Cowboys,1-2-1,,,,,,,,,0
2017,Week 6,BYE,,,Bengals,2-2,,,,,,,,,0
2017,Week 6,BYE,,,Seahawks,3-1,,,,,,,,,0
2017,Week 7,FINAL,THU,10/19,Chiefs,5-2,30,0.0,Raiders,3-4,31,1.0,,,0
2017,Week 7,FINAL,SUN,10/22,Buccaneers,2-4,27,0.0,Bills,4-2,30,1.0,,,0
2017,Week 7,FINAL,SUN,10/22,Panthers,4-3,3,0.0,Bears,3-4,17,1.0,,,0
2017,Week 7,FINAL,SUN,10/22,Titans,4-3,12,1.0,Browns,0-7,9,0.0,,,0
2017,Week 7,FINAL,SUN,10/22,Saints,4-2,26,1.0,Packers,4-3,17,0.0,,,0
2017,Week 7,FINAL,SUN,10/22,Jaguars,4-3,27,1.0,Colts,2-5,0,0.0,,,0
2017,Week 7,FINAL,SUN,10/22,Cardinals,3-4,0,0.0,Rams,5-2,33,1.0,,,0
2017,Week 7,FINAL,SUN,10/22,Jets,3-4,28,0.0,Dolphins,4-2,31,1.0,,,0
2017,Week 7,FINAL,SUN,10/22,Ravens,3-4,16,0.0,Vikings,5-2,24,1.0,,,0
2017,Week 7,FINAL,SUN,10/22,Cowboys,3-3,40,1.0,49ers,0-7,10,0.0,,,0
2017,Week 7,FINAL,SUN,10/22,Bengals,2-4,14,0.0,Steelers,5-2,29,1.0,,,0
2017,Week 7,FINAL,SUN,10/22,Broncos,3-3,0,0.0,Chargers,3-4,21,1.0,,,0
2017,Week 7,FINAL,SUN,10/22,Seahawks,4-2,24,1.0,Giants,1-6,7,0.0,,,0
2017,Week 7,FINAL,SUN,10/22,Falcons,3-3,7,0.0,Patriots,5-2,23,1.0,,,0
2017,Week 7,FINAL,MON,10/23,Redskins,3-3,24,0.0,Eagles,6-1,34,1.0,,,0
2017,Week 7,BYE,,,Texans,1-3,,,,,,,,,0
2017,Week 7,BYE,,,Lions,3-1,,,,,,,,,0
2017,Week 8,FINAL,THU,10/26,Dolphins,4-3,0,0.0,Ravens,4-4,40,1.0,,,0
2017,Week 8,FINAL,SUN,10/29,Vikings,6-2,33,1.0,Browns,0-8,16,0.0,,,0
2017,Week 8,FINAL,SUN,10/29,Raiders,3-5,14,0.0,Bills,5-2,34,1.0,,,0
2017,Week 8,FINAL,SUN,10/29,Colts,2-6,23,0.0,Bengals,3-4,24,1.0,,,0
2017,Week 8,FINAL,SUN,10/29,Chargers,3-5,13,0.0,Patriots,6-2,21,1.0,,,0
2017,Week 8,FINAL,SUN,10/29,Bears,3-5,12,0.0,Saints,5-2,20,1.0,,,0
2017,Week 8,FINAL,SUN,10/29,Falcons,4-3,25,1.0,Jets,3-5,20,0.0,,,0
2017,Week 8,FINAL,SUN,10/29,49ers,0-8,10,0.0,Eagles,7-1,33,1.0,,,0
2017,Week 8,FINAL,SUN,10/29,Panthers,5-3,17,1.0,Buccaneers,2-5,3,0.0,,,0
2017,Week 8,FINAL,SUN,10/29,Texans,3-4,38,0.0,Seahawks,5-2,41,1.0,,,0
2017,Week 8,FINAL,SUN,10/29,Cowboys,4-3,33,1.0,Redskins,3-4,19,0.0,,,0
2017,Week 8,FINAL,SUN,10/29,Steelers,6-2,20,1.0,Lions,3-4,15,0.0,,,0
2017,Week 8,FINAL,MON,10/30,Broncos,3-4,19,0.0,Chiefs,6-2,29,1.0,,,0
2017,Week 8,BYE,,,Jaguars,3-1,,,,,,,,,0
2017,Week 8,BYE,,,Giants,1-3,,,,,,,,,0
2017,Week 8,BYE,,,Rams,3-1,,,,,,,,,0
2017,Week 8,BYE,,,Titans,0-4,,,,,,,,,0
2017,Week 8,BYE,,,Cardinals,2-2,,,,,,,,,0
2017,Week 8,BYE,,,Packers,2-1-1,,,,,,,,,0
2017,Week 9,FINAL,THU,11/02,Bills,5-3,21,0.0,Jets,4-5,34,1.0,,,0
2017,Week 9,FINAL,SUN,11/05,Falcons,4-4,17,0.0,Panthers,6-3,20,1.0,,,0
2017,Week 9,FINAL,SUN,11/05,Colts,3-6,20,1.0,Texans,3-5,14,0.0,,,0
2017,Week 9,FINAL,SUN,11/05,Bengals,3-5,7,0.0,Jaguars,5-3,23,1.0,,,0
2017,Week 9,FINAL,SUN,11/05,Buccaneers,2-6,10,0.0,Saints,6-2,30,1.0,,,0
2017,Week 9,FINAL,SUN,11/05,Rams,6-2,51,1.0,Giants,1-7,17,0.0,,,0
2017,Week 9,FINAL,SUN,11/05,Broncos,3-5,23,0.0,Eagles,8-1,51,1.0,,,0
2017,Week 9,FINAL,SUN,11/05,Ravens,4-5,20,0.0,Titans,5-3,23,1.0,,,0
2017,Week 9,FINAL,SUN,11/05,Cardinals,4-4,20,1.0,49ers,0-9,10,0.0,,,0
2017,Week 9,FINAL,SUN,11/05,Redskins,4-4,17,1.0,Seahawks,5-3,14,0.0,,,0
2017,Week 9,FINAL,SUN,11/05,Chiefs,6-3,17,0.0,Cowboys,5-3,28,1.0,,,0
2017,Week 9,FINAL,SUN,11/05,Raiders,4-5,27,1.0,Dolphins,4-4,24,0.0,,,0
2017,Week 9,FINAL,MON,11/06,Lions,4-4,30,1.0,Packers,4-4,17,0.0,,,0
2017,Week 9,BYE,,,Bears,2-2,,,,,,,,,0
2017,Week 9,BYE,,,Browns,1-3,,,,,,,,,0
2017,Week 9,BYE,,,Steelers,3-1,,,,,,,,,0
2017,Week 9,BYE,,,Chargers,3-1,,,,,,,,,0
2017,Week 9,BYE,,,Vikings,2-2,,,,,,,,,0
2017,Week 9,BYE,,,Patriots,2-2,,,,,,,,,0
2017,Week 10,FINAL,THU,11/09,Seahawks,6-3,22,1.0,Cardinals,4-5,16,0.0,,,0
2017,Week 10,FINAL,SUN,11/12,Saints,7-2,47,1.0,Bills,5-4,10,0.0,,,0
2017,Week 10,FINAL,SUN,11/12,Packers,5-4,23,1.0,Bears,3-6,16,0.0,,,0
2017,Week 10,FINAL,SUN,11/12,Browns,0-9,24,0.0,Lions,5-4,38,1.0,,,0
2017,Week 10,FINAL,SUN,11/12,Steelers,7-2,20,1.0,Colts,3-7,17,0.0,,,0
2017,Week 10,FINAL,SUN,11/12,Chargers,3-6,17,0.0,Jaguars,6-3,20,1.0,,,0
2017,Week 10,FINAL,SUN,11/12,Jets,4-6,10,0.0,Buccaneers,3-6,15,1.0,,,0
2017,Week 10,FINAL,SUN,11/12,Bengals,3-6,20,0.0,Titans,6-3,24,1.0,,,0
2017,Week 10,FINAL,SUN,11/12,Vikings,7-2,38,1.0,Redskins,4-5,30,0.0,,,0
2017,Week 10,FINAL,SUN,11/12,Texans,3-6,7,0.0,Rams,7-2,33,1.0,,,0
2017,Week 10,FINAL,SUN,11/12,Cowboys,5-4,7,0.0,Falcons,5-4,27,1.0,,,0
2017,Week 10,FINAL,SUN,11/12,Giants,1-8,21,0.0,49ers,1-9,31,1.0,,,0
2017,Week 10,FINAL,SUN,11/12,Patriots,7-2,41,1.0,Broncos,3-6,16,0.0,,,0
2017,Week 10,FINAL,MON,11/13,Dolphins,4-5,21,0.0,Panthers,7-3,45,1.0,,,0
2017,Week 10,BYE,,,Ravens,1-3,,,,,,,,,0
2017,Week 10,BYE,,,Chiefs,2-2,,,,,,,,,0
2017,Week 10,BYE,,,Raiders,1-3,,,,,,,,,0
2017,Week 10,BYE,,,Eagles,4-0,,,,,,,,,0
2017,Week 11,FINAL,THU,11/16,Titans,6-4,17,0.0,Steelers,8-2,40,1.0,,,0
2017,Week 11,FINAL,SUN,11/19,Lions,6-4,27,1.0,Bears,3-7,24,0.0,,,0
2017,Week 11,FINAL,SUN,11/19,Jaguars,7-3,19,1.0,Browns,0-10,7,0.0,,,0
2017,Week 11,FINAL,SUN,11/19,Ravens,5-5,23,1.0,Packers,5-5,0,0.0,,,0
2017,Week 11,FINAL,SUN,11/19,Cardinals,4-6,21,0.0,Texans,4-6,31,1.0,,,0
2017,Week 11,FINAL,SUN,11/19,Rams,7-3,7,0.0,Vikings,8-2,24,1.0,,,0
2017,Week 11,FINAL,SUN,11/19,Redskins,4-6,31,0.0,Saints,8-2,34,1.0,,,0
2017,Week 11,FINAL,SUN,11/19,Chiefs,6-4,9,0.0,Giants,2-8,12,1.0,,,0
2017,Week 11,FINAL,SUN,11/19,Buccaneers,4-6,30,1.0,Dolphins,4-6,20,0.0,,,0
2017,Week 11,FINAL,SUN,11/19,Bills,5-5,24,0.0,Chargers,4-6,54,1.0,,,0
2017,Week 11,FINAL,SUN,11/19,Bengals,4-6,20,1.0,Broncos,3-7,17,0.0,,,0
2017,Week 11,FINAL,SUN,11/19,Patriots,8-2,33,1.0,Raiders,4-6,8,0.0,,,0
2017,Week 11,FINAL,SUN,11/19,Eagles,9-1,37,1.0,Cowboys,5-5,9,0.0,,,0
2017,Week 11,FINAL,MON,11/20,Falcons,6-4,34,1.0,Seahawks,6-4,31,0.0,,,0
2017,Week 11,BYE,,,Colts,3-1,,,,,,,,,0
2017,Week 11,BYE,,,Jets,0-4,,,,,,,,,0
2017,Week 11,BYE,,,Panthers,1-3,,,,,,,,,0
2017,Week 11,BYE,,,49ers,3-1,,,,,,,,,0
2017,Week 12,FINAL,THU,11/23,Vikings,9-2,30,1.0,Lions,6-5,23,0.0,,,0
2017,Week 12,FINAL,THU,11/23,Chargers,5-6,28,1.0,Cowboys,5-6,6,0.0,,,0
2017,Week 12,FINAL,THU,11/23,Giants,2-9,10,0.0,Redskins,5-6,20,1.0,,,0
2017,Week 12,FINAL,SUN,11/26,Buccaneers,4-7,20,0.0,Falcons,7-4,34,1.0,,,0
2017,Week 12,FINAL,SUN,11/26,Browns,0-11,16,0.0,Bengals,5-6,30,1.0,,,0
2017,Week 12,FINAL,SUN,11/26,Titans,7-4,20,1.0,Colts,3-8,16,0.0,,,0
2017,Week 12,FINAL,SUN,11/26,Bills,6-5,16,1.0,Chiefs,6-5,10,0.0,,,0
2017,Week 12,FINAL,SUN,11/26,Dolphins,4-7,17,0.0,Patriots,9-2,35,1.0,,,0
2017,Week 12,FINAL,SUN,11/26,Panthers,8-3,35,1.0,Jets,4-7,27,0.0,,,0
2017,Week 12,FINAL,SUN,11/26,Bears,3-8,3,0.0,Eagles,10-1,31,1.0,,,0
2017,Week 12,FINAL,SUN,11/26,Seahawks,7-4,24,1.0,49ers,1-10,13,0.0,,,0
2017,Week 12,FINAL,SUN,11/26,Saints,8-3,20,0.0,Rams,8-3,26,1.0,,,0
2017,Week 12,FINAL,SUN,11/26,Jaguars,7-4,24,0.0,Cardinals,5-6,27,1.0,,,0
2017,Week 12,FINAL,SUN,11/26,Broncos,3-8,14,0.0,Raiders,5-6,21,1.0,,,0
2017,Week 12,FINAL,SUN,11/26,Packers,5-6,28,0.0,Steelers,9-2,31,1.0,,,0
2017,Week 12,FINAL,MON,11/27,Texans,4-7,16,0.0,Ravens,6-5,23,1.0,,,0
2017,Week 13,FINAL,THU,11/30,Redskins,5-7,14,0.0,Cowboys,6-6,38,1.0,,,0
2017,Week 13,FINAL,SUN,12/03,Vikings,10-2,14,1.0,Falcons,7-5,9,0.0,,,0
2017,Week 13,FINAL,SUN,12/03,Lions,6-6,20,0.0,Ravens,7-5,44,1.0,,,0
2017,Week 13,FINAL,SUN,12/03,Patriots,10-2,23,1.0,Bills,6-6,3,0.0,,,0
2017,Week 13,FINAL,SUN,12/03,49ers,2-10,15,1.0,Bears,3-9,14,0.0,,,0
2017,Week 13,FINAL,SUN,12/03,Buccaneers,4-8,20,0.0,Packers,6-6,26,1.0,,,0
2017,Week 13,FINAL,SUN,12/03,Colts,3-9,10,0.0,Jaguars,8-4,30,1.0,,,0
2017,Week 13,FINAL,SUN,12/03,Broncos,3-9,9,0.0,Dolphins,5-7,35,1.0,,,0
2017,Week 13,FINAL,SUN,12/03,Chiefs,6-6,31,0.0,Jets,5-7,38,1.0,,,0
2017,Week 13,FINAL,SUN,12/03,Texans,4-8,13,0.0,Titans,8-4,24,1.0,,,0
2017,Week 13,FINAL,SUN,12/03,Browns,0-12,10,0.0,Chargers,6-6,19,1.0,,,0
2017,Week 13,FINAL,SUN,12/03,Panthers,8-4,21,0.0,Saints,9-3,31,1.0,,,0
2017,Week 13,FINAL,SUN,12/03,Rams,9-3,32,1.0,Cardinals,5-7,16,0.0,,,0
2017,Week 13,FINAL,SUN,12/03,Giants,2-10,17,0.0,Raiders,6-6,24,1.0,,,0
2017,Week 13,FINAL,SUN,12/03,Eagles,10-2,10,0.0,Seahawks,8-4,24,1.0,,,0
2017,Week 13,FINAL,MON,12/04,Steelers,10-2,23,1.0,Bengals,5-7,20,0.0,,,0
2017,Week 14,FINAL,THU,12/07,Saints,9-4,17,0.0,Falcons,8-5,20,1.0,,,0
2017,Week 14,FINAL,SUN,12/10,Colts,3-10,7,0.0,Bills,7-6,13,1.0,,,0
2017,Week 14,FINAL,SUN,12/10,Vikings,10-3,24,0.0,Panthers,9-4,31,1.0,,,0
2017,Week 14,FINAL,SUN,12/10,Bears,4-9,33,1.0,Bengals,5-8,7,0.0,,,0
2017,Week 14,FINAL,SUN,12/10,Packers,7-6,27,1.0,Browns,0-13,21,0.0,,,0
2017,Week 14,FINAL,SUN,12/10,49ers,3-10,26,1.0,Texans,4-9,16,0.0,,,0
2017,Week 14,FINAL,SUN,12/10,Raiders,6-7,15,0.0,Chiefs,7-6,26,1.0,,,0
2017,Week 14,FINAL,SUN,12/10,Lions,7-6,24,1.0,Buccaneers,4-9,21,0.0,,,0
2017,Week 14,FINAL,SUN,12/10,Cowboys,7-6,30,1.0,Giants,2-11,10,0.0,,,0
2017,Week 14,FINAL,SUN,12/10,Titans,8-5,7,0.0,Cardinals,6-7,12,1.0,,,0
2017,Week 14,FINAL,SUN,12/10,Jets,5-8,0,0.0,Broncos,4-9,23,1.0,,,0
2017,Week 14,FINAL,SUN,12/10,Redskins,5-8,13,0.0,Chargers,7-6,30,1.0,,,0
2017,Week 14,FINAL,SUN,12/10,Seahawks,8-5,24,0.0,Jaguars,9-4,30,1.0,,,0
2017,Week 14,FINAL,SUN,12/10,Eagles,11-2,43,1.0,Rams,9-4,35,0.0,,,0
2017,Week 14,FINAL,SUN,12/10,Ravens,7-6,38,0.0,Steelers,11-2,39,1.0,,,0
2017,Week 14,FINAL,MON,12/11,Patriots,10-3,20,0.0,Dolphins,6-7,27,1.0,,,0
2017,Week 15,FINAL,THU,12/14,Broncos,5-9,25,1.0,Colts,3-11,13,0.0,,,0
2017,Week 15,FINAL,SAT,12/16,Bears,4-10,10,0.0,Lions,8-6,20,1.0,,,0
2017,Week 15,FINAL,SAT,12/16,Chargers,7-7,13,0.0,Chiefs,8-6,30,1.0,,,0
2017,Week 15,FINAL,SUN,12/17,Dolphins,6-8,16,0.0,Bills,8-6,24,1.0,,,0
2017,Week 15,FINAL,SUN,12/17,Packers,7-7,24,0.0,Panthers,10-4,31,1.0,,,0
2017,Week 15,FINAL,SUN,12/17,Ravens,8-6,27,1.0,Browns,0-14,10,0.0,,,0
2017,Week 15,FINAL,SUN,12/17,Texans,4-10,7,0.0,Jaguars,10-4,45,1.0,,,0
2017,Week 15,FINAL,SUN,12/17,Bengals,5-9,7,0.0,Vikings,11-3,34,1.0,,,0
2017,Week 15,FINAL,SUN,12/17,Jets,5-9,19,0.0,Saints,10-4,31,1.0,,,0
2017,Week 15,FINAL,SUN,12/17,Eagles,12-2,34,1.0,Giants,2-12,29,0.0,,,0
2017,Week 15,FINAL,SUN,12/17,Cardinals,6-8,15,0.0,Redskins,6-8,20,1.0,,,0
2017,Week 15,FINAL,SUN,12/17,Rams,10-4,42,1.0,Seahawks,8-6,7,0.0,,,0
2017,Week 15,FINAL,SUN,12/17,Patriots,11-3,27,1.0,Steelers,11-3,24,0.0,,,0
2017,Week 15,FINAL,SUN,12/17,Titans,8-6,23,0.0,49ers,4-10,25,1.0,,,0
2017,Week 15,FINAL,SUN,12/17,Cowboys,8-6,20,1.0,Raiders,6-8,17,0.0,,,0
2017,Week 15,FINAL,MON,12/18,Falcons,9-5,24,1.0,Buccaneers,4-10,21,0.0,,,0
2017,Week 16,FINAL,SAT,12/23,Colts,3-12,16,0.0,Ravens,9-6,23,1.0,,,0
2017,Week 16,FINAL,SAT,12/23,Vikings,12-3,16,1.0,Packers,7-8,0,0.0,,,0
2017,Week 16,FINAL,SUN,12/24,Buccaneers,4-11,19,0.0,Panthers,11-4,22,1.0,,,0
2017,Week 16,FINAL,SUN,12/24,Browns,0-15,3,0.0,Bears,5-10,20,1.0,,,0
2017,Week 16,FINAL,SUN,12/24,Lions,8-7,17,0.0,Bengals,6-9,26,1.0,,,0
2017,Week 16,FINAL,SUN,12/24,Dolphins,6-9,13,0.0,Chiefs,9-6,29,1.0,,,0
2017,Week 16,FINAL,SUN,12/24,Bills,8-7,16,0.0,Patriots,12-3,37,1.0,,,0
2017,Week 16,FINAL,SUN,12/24,Falcons,9-6,13,0.0,Saints,11-4,23,1.0,,,0
2017,Week 16,FINAL,SUN,12/24,Chargers,8-7,14,1.0,Jets,5-10,7,0.0,,,0
2017,Week 16,FINAL,SUN,12/24,Rams,11-4,27,1.0,Titans,8-7,23,0.0,,,0
2017,Week 16,FINAL,SUN,12/24,Broncos,5-10,11,0.0,Redskins,7-8,27,1.0,,,0
2017,Week 16,FINAL,SUN,12/24,Jaguars,10-5,33,0.0,49ers,5-10,44,1.0,,,0
2017,Week 16,FINAL,SUN,12/24,Giants,2-13,0,0.0,Cardinals,7-8,23,1.0,,,0
2017,Week 16,FINAL,SUN,12/24,Seahawks,9-6,21,1.0,Cowboys,8-7,12,0.0,,,0
2017,Week 16,FINAL,MON,12/25,Steelers,12-3,34,1.0,Texans,4-11,6,0.0,,,0
2017,Week 16,FINAL,MON,12/25,Raiders,6-9,10,0.0,Eagles,13-2,19,1.0,,,0
2017,Week 17,FINAL,SUN,12/31,Packers,7-9,11,0.0,Lions,9-7,35,1.0,,,0
2017,Week 17,FINAL,SUN,12/31,Texans,4-12,13,0.0,Colts,4-12,22,1.0,,,0
2017,Week 17,FINAL,SUN,12/31,Bears,5-11,10,0.0,Vikings,13-3,23,1.0,,,0
2017,Week 17,FINAL,SUN,12/31,Jets,5-11,6,0.0,Patriots,13-3,26,1.0,,,0
2017,Week 17,FINAL,SUN,12/31,Redskins,7-9,10,0.0,Giants,3-13,18,1.0,,,0
2017,Week 17,FINAL,SUN,12/31,Cowboys,9-7,6,1.0,Eagles,13-3,0,0.0,,,0
2017,Week 17,FINAL,SUN,12/31,Browns,0-16,24,0.0,Steelers,13-3,28,1.0,,,0
2017,Week 17,FINAL,SUN,12/31,Panthers,11-5,10,0.0,Falcons,10-6,22,1.0,,,0
2017,Week 17,FINAL,SUN,12/31,Bengals,7-9,31,1.0,Ravens,9-7,27,0.0,,,0
2017,Week 17,FINAL,SUN,12/31,Bills,9-7,22,1.0,Dolphins,6-10,16,0.0,,,0
2017,Week 17,FINAL,SUN,12/31,Saints,11-5,24,0.0,Buccaneers,5-11,31,1.0,,,0
2017,Week 17,FINAL,SUN,12/31,Jaguars,10-6,10,0.0,Titans,9-7,15,1.0,,,0
2017,Week 17,FINAL,SUN,12/31,Chiefs,10-6,27,1.0,Broncos,5-11,24,0.0,,,0
2017,Week 17,FINAL,SUN,12/31,Raiders,6-10,10,0.0,Chargers,9-7,30,1.0,,,0
2017,Week 17,FINAL,SUN,12/31,49ers,6-10,34,1.0,Rams,11-5,13,0.0,,,0
2017,Week 17,FINAL,SUN,12/31,Cardinals,8-8,26,1.0,Seahawks,9-7,24,0.0,,,0
2017,Wild Card,FINAL,SAT,01/06,Titans,9-7,22,1.0,Chiefs,10-6,21,0.0,5,4,1
2017,Wild Card,FINAL,SAT,01/06,Falcons,10-6,26,1.0,Rams,11-5,13,0.0,6,3,1
2017,Wild Card,FINAL,SUN,01/07,Bills,9-7,3,0.0,Jaguars,10-6,10,1.0,6,3,1
2017,Wild Card,FINAL,SUN,01/07,Panthers,11-5,26,0.0,Saints,11-5,31,1.0,5,4,1
2017,Divisional Playoffs,FINAL,SAT,01/13,Falcons,10-6,10,0.0,Eagles,13-3,15,1.0,6,1,1
2017,Divisional Playoffs,FINAL,SAT,01/13,Titans,9-7,14,0.0,Patriots,13-3,35,1.0,5,1,1
2017,Divisional Playoffs,FINAL,SUN,01/14,Jaguars,10-6,45,1.0,Steelers,13-3,42,0.0,3,2,1
2017,Divisional Playoffs,FINAL,SUN,01/14,Saints,11-5,24,0.0,Vikings,13-3,29,1.0,4,2,1
2017,Conference Championships,FINAL,SUN,01/21,Jaguars,10-6,20,0.0,Patriots,13-3,24,1.0,3,1,1
2017,Conference Championships,FINAL,SUN,01/21,Vikings,13-3,7,0.0,Eagles,13-3,38,1.0,2,1,1
2017,Pro Bowl,FINAL,SUN,01/28,NFC Pro Bowl,,23,0.0,AFC Pro Bowl,,24,1.0,,,0
2017,Super Bowl,FINAL,SUN,02/04,Eagles,13-3,41,1.0,Patriots,13-3,33,0.0,1,1,1
