Season,Week,GameStatus,Day,Date,AwayTeam,AwayRecord,AwayScore,AwayWin,HomeTeam,HomeRecord,HomeScore,HomeWin,AwaySeeding,HomeSeeding,PostSeason
2018,Hall Of Fame,FINAL,THU,08/02,Bears,0-1,16,0.0,Ravens,1-0,17,1.0,,,0
2018,Preseason Week 1,FINAL,THU,08/09,Panthers,1-0,28,1.0,Bills,0-1,23,0.0,,,0
2018,Preseason Week 1,FINAL,THU,08/09,Bears,0-2,27,0.0,Bengals,1-0,30,1.0,,,0
2018,Preseason Week 1,FINAL,THU,08/09,Saints,1-0,24,1.0,Jaguars,0-1,20,0.0,,,0
2018,Preseason Week 1,FINAL,THU,08/09,Buccaneers,1-0,26,1.0,Dolphins,0-1,24,0.0,,,0
2018,Preseason Week 1,FINAL,THU,08/09,Browns,1-0,20,1.0,Giants,0-1,10,0.0,,,0
2018,Preseason Week 1,FINAL,THU,08/09,Steelers,1-0,31,1.0,Eagles,0-1,14,0.0,,,0
2018,Preseason Week 1,FINAL,THU,08/09,Rams,0-1,7,0.0,Ravens,2-0,33,1.0,,,0
2018,Preseason Week 1,FINAL,THU,08/09,Redskins,0-1,17,0.0,Patriots,1-0,26,1.0,,,0
2018,Preseason Week 1,FINAL,THU,08/09,Titans,0-1,17,0.0,Packers,1-0,31,1.0,,,0
2018,Preseason Week 1,FINAL,THU,08/09,Texans,1-0,17,1.0,Chiefs,0-1,10,0.0,,,0
2018,Preseason Week 1,FINAL,THU,08/09,Cowboys,0-1,21,0.0,49ers,1-0,24,1.0,,,0
2018,Preseason Week 1,FINAL,THU,08/09,Colts,1-0,19,1.0,Seahawks,0-1,17,0.0,,,0
2018,Preseason Week 1,FINAL,FRI,08/10,Falcons,0-1,0,0.0,Jets,1-0,17,1.0,,,0
2018,Preseason Week 1,FINAL,FRI,08/10,Lions,0-1,10,0.0,Raiders,1-0,16,1.0,,,0
2018,Preseason Week 1,FINAL,SAT,08/11,Vikings,1-0,42,1.0,Broncos,0-1,28,0.0,,,0
2018,Preseason Week 1,FINAL,SAT,08/11,Chargers,0-1,17,0.0,Cardinals,1-0,24,1.0,,,0
2018,Preseason Week 2,FINAL,THU,08/16,Eagles,0-2,20,0.0,Patriots,2-0,37,1.0,,,0
2018,Preseason Week 2,FINAL,THU,08/16,Jets,1-1,13,0.0,Redskins,1-1,15,1.0,,,0
2018,Preseason Week 2,FINAL,THU,08/16,Steelers,1-1,34,0.0,Packers,2-0,51,1.0,,,0
2018,Preseason Week 2,FINAL,FRI,08/17,Chiefs,1-1,28,1.0,Falcons,0-2,14,0.0,,,0
2018,Preseason Week 2,FINAL,FRI,08/17,Giants,1-1,30,1.0,Lions,0-2,17,0.0,,,0
2018,Preseason Week 2,FINAL,FRI,08/17,Dolphins,0-2,20,0.0,Panthers,2-0,27,1.0,,,0
2018,Preseason Week 2,FINAL,FRI,08/17,Bills,1-1,19,1.0,Browns,1-1,17,0.0,,,0
2018,Preseason Week 2,FINAL,FRI,08/17,Cardinals,2-0,20,1.0,Saints,1-1,15,0.0,,,0
2018,Preseason Week 2,FINAL,SAT,08/18,Jaguars,1-1,14,1.0,Vikings,1-1,10,0.0,,,0
2018,Preseason Week 2,FINAL,SAT,08/18,Raiders,1-1,15,0.0,Rams,1-1,19,1.0,,,0
2018,Preseason Week 2,FINAL,SAT,08/18,Bengals,2-0,21,1.0,Cowboys,0-2,13,0.0,,,0
2018,Preseason Week 2,FINAL,SAT,08/18,49ers,1-1,13,0.0,Texans,2-0,16,1.0,,,0
2018,Preseason Week 2,FINAL,SAT,08/18,Buccaneers,2-0,30,1.0,Titans,0-2,14,0.0,,,0
2018,Preseason Week 2,FINAL,SAT,08/18,Bears,1-2,24,1.0,Broncos,0-2,23,0.0,,,0
2018,Preseason Week 2,FINAL,SAT,08/18,Seahawks,0-2,14,0.0,Chargers,1-1,24,1.0,,,0
2018,Preseason Week 2,FINAL,MON,08/20,Ravens,3-0,20,1.0,Colts,1-1,19,0.0,,,0
2018,Preseason Week 3,FINAL,THU,08/23,Eagles,0-3,0,0.0,Browns,2-1,5,1.0,,,0
2018,Preseason Week 3,FINAL,FRI,08/24,Patriots,2-1,14,0.0,Panthers,3-0,25,1.0,,,0
2018,Preseason Week 3,FINAL,FRI,08/24,Giants,2-1,22,1.0,Jets,1-2,16,0.0,,,0
2018,Preseason Week 3,FINAL,FRI,08/24,Broncos,1-2,29,1.0,Redskins,1-2,17,0.0,,,0
2018,Preseason Week 3,FINAL,FRI,08/24,Seahawks,0-3,20,0.0,Vikings,2-1,21,1.0,,,0
2018,Preseason Week 3,FINAL,FRI,08/24,Lions,1-2,33,1.0,Buccaneers,2-1,30,0.0,,,0
2018,Preseason Week 3,FINAL,FRI,08/24,Packers,2-1,6,0.0,Raiders,2-1,13,1.0,,,0
2018,Preseason Week 3,FINAL,SAT,08/25,Chiefs,1-2,20,0.0,Bears,2-2,27,1.0,,,0
2018,Preseason Week 3,FINAL,SAT,08/25,Texans,2-1,20,0.0,Rams,2-1,21,1.0,,,0
2018,Preseason Week 3,FINAL,SAT,08/25,Titans,0-3,6,0.0,Steelers,2-1,16,1.0,,,0
2018,Preseason Week 3,FINAL,SAT,08/25,49ers,1-2,17,0.0,Colts,2-1,23,1.0,,,0
2018,Preseason Week 3,FINAL,SAT,08/25,Falcons,0-3,6,0.0,Jaguars,2-1,17,1.0,,,0
2018,Preseason Week 3,FINAL,SAT,08/25,Ravens,4-0,27,1.0,Dolphins,0-3,10,0.0,,,0
2018,Preseason Week 3,FINAL,SAT,08/25,Saints,2-1,36,1.0,Chargers,1-2,7,0.0,,,0
2018,Preseason Week 3,FINAL,SUN,08/26,Bengals,3-0,26,1.0,Bills,1-2,13,0.0,,,0
2018,Preseason Week 3,FINAL,SUN,08/26,Cardinals,3-0,27,1.0,Cowboys,0-3,3,0.0,,,0
2018,Preseason Week 4,FINAL,THU,08/30,Dolphins,1-3,34,1.0,Falcons,0-4,7,0.0,,,0
2018,Preseason Week 4,FINAL,THU,08/30,Colts,3-1,27,1.0,Bengals,3-1,26,0.0,,,0
2018,Preseason Week 4,FINAL,THU,08/30,Browns,3-1,35,1.0,Lions,1-3,17,0.0,,,0
2018,Preseason Week 4,FINAL,THU,08/30,Patriots,3-1,17,1.0,Giants,2-2,12,0.0,,,0
2018,Preseason Week 4,FINAL,THU,08/30,Jets,1-3,9,0.0,Eagles,1-3,10,1.0,,,0
2018,Preseason Week 4,FINAL,THU,08/30,Redskins,1-3,20,0.0,Ravens,5-0,30,1.0,,,0
2018,Preseason Week 4,FINAL,THU,08/30,Panthers,3-1,24,0.0,Steelers,3-1,39,1.0,,,0
2018,Preseason Week 4,FINAL,THU,08/30,Jaguars,3-1,25,1.0,Buccaneers,2-2,10,0.0,,,0
2018,Preseason Week 4,FINAL,THU,08/30,Bills,2-2,28,1.0,Bears,2-3,27,0.0,,,0
2018,Preseason Week 4,FINAL,THU,08/30,Cowboys,0-4,6,0.0,Texans,3-1,14,1.0,,,0
2018,Preseason Week 4,FINAL,THU,08/30,Rams,2-2,0,0.0,Saints,3-1,28,1.0,,,0
2018,Preseason Week 4,FINAL,THU,08/30,Vikings,3-1,13,1.0,Titans,0-4,3,0.0,,,0
2018,Preseason Week 4,FINAL,THU,08/30,Packers,2-2,21,0.0,Chiefs,2-2,33,1.0,,,0
2018,Preseason Week 4,FINAL,THU,08/30,Broncos,2-2,21,1.0,Cardinals,3-1,10,0.0,,,0
2018,Preseason Week 4,FINAL,THU,08/30,Chargers,2-2,23,1.0,49ers,1-3,21,0.0,,,0
2018,Preseason Week 4,FINAL,THU,08/30,Raiders,3-1,30,1.0,Seahawks,0-4,19,0.0,,,0
2018,Week 1,FINAL,THU,09/06,Falcons,0-1,12,0.0,Eagles,1-0,18,1.0,,,0
2018,Week 1,FINAL,SUN,09/09,Bills,0-1,3,0.0,Ravens,1-0,47,1.0,,,0
2018,Week 1,FINAL,SUN,09/09,Steelers,0-0-1,21,0.0,Browns,0-0-1,21,0.0,,,0
2018,Week 1,FINAL,SUN,09/09,Bengals,1-0,34,1.0,Colts,0-1,23,0.0,,,0
2018,Week 1,FINAL,SUN,09/09,Titans,0-1,20,0.0,Dolphins,1-0,27,1.0,,,0
2018,Week 1,FINAL,SUN,09/09,49ers,0-1,16,0.0,Vikings,1-0,24,1.0,,,0
2018,Week 1,FINAL,SUN,09/09,Texans,0-1,20,0.0,Patriots,1-0,27,1.0,,,0
2018,Week 1,FINAL,SUN,09/09,Buccaneers,1-0,48,1.0,Saints,0-1,40,0.0,,,0
2018,Week 1,FINAL,SUN,09/09,Jaguars,1-0,20,1.0,Giants,0-1,15,0.0,,,0
2018,Week 1,FINAL,SUN,09/09,Chiefs,1-0,38,1.0,Chargers,0-1,28,0.0,,,0
2018,Week 1,FINAL,SUN,09/09,Redskins,1-0,24,1.0,Cardinals,0-1,6,0.0,,,0
2018,Week 1,FINAL,SUN,09/09,Cowboys,0-1,8,0.0,Panthers,1-0,16,1.0,,,0
2018,Week 1,FINAL,SUN,09/09,Seahawks,0-1,24,0.0,Broncos,1-0,27,1.0,,,0
2018,Week 1,FINAL,SUN,09/09,Bears,0-1,23,0.0,Packers,1-0,24,1.0,,,0
2018,Week 1,FINAL,MON,09/10,Jets,1-0,48,1.0,Lions,0-1,17,0.0,,,0
2018,Week 1,FINAL,MON,09/10,Rams,1-0,33,1.0,Raiders,0-1,13,0.0,,,0
2018,Week 2,FINAL,THU,09/13,Ravens,1-1,23,0.0,Bengals,2-0,34,1.0,,,0
2018,Week 2,FINAL,SUN,09/16,Panthers,1-1,24,0.0,Falcons,1-1,31,1.0,,,0
2018,Week 2,FINAL,SUN,09/16,Chargers,1-1,31,1.0,Bills,0-2,20,0.0,,,0
2018,Week 2,FINAL,SUN,09/16,Vikings,1-0-1,29,0.0,Packers,1-0-1,29,0.0,,,0
2018,Week 2,FINAL,SUN,09/16,Browns,0-1-1,18,0.0,Saints,1-1,21,1.0,,,0
2018,Week 2,FINAL,SUN,09/16,Dolphins,2-0,20,1.0,Jets,1-1,12,0.0,,,0
2018,Week 2,FINAL,SUN,09/16,Chiefs,2-0,42,1.0,Steelers,0-1-1,37,0.0,,,0
2018,Week 2,FINAL,SUN,09/16,Eagles,1-1,21,0.0,Buccaneers,2-0,27,1.0,,,0
2018,Week 2,FINAL,SUN,09/16,Texans,0-2,17,0.0,Titans,1-1,20,1.0,,,0
2018,Week 2,FINAL,SUN,09/16,Colts,1-1,21,1.0,Redskins,1-1,9,0.0,,,0
2018,Week 2,FINAL,SUN,09/16,Cardinals,0-2,0,0.0,Rams,2-0,34,1.0,,,0
2018,Week 2,FINAL,SUN,09/16,Lions,0-2,27,0.0,49ers,1-1,30,1.0,,,0
2018,Week 2,FINAL,SUN,09/16,Raiders,0-2,19,0.0,Broncos,2-0,20,1.0,,,0
2018,Week 2,FINAL,SUN,09/16,Patriots,1-1,20,0.0,Jaguars,2-0,31,1.0,,,0
2018,Week 2,FINAL,SUN,09/16,Giants,0-2,13,0.0,Cowboys,1-1,20,1.0,,,0
2018,Week 2,FINAL,MON,09/17,Seahawks,0-2,17,0.0,Bears,1-1,24,1.0,,,0
2018,Week 3,FINAL,THU,09/20,Jets,1-2,17,0.0,Browns,1-1-1,21,1.0,,,0
2018,Week 3,FINAL,SUN,09/23,Saints,2-1,43,1.0,Falcons,1-2,37,0.0,,,0
2018,Week 3,FINAL,SUN,09/23,Broncos,2-1,14,0.0,Ravens,2-1,27,1.0,,,0
2018,Week 3,FINAL,SUN,09/23,Bengals,2-1,21,0.0,Panthers,2-1,31,1.0,,,0
2018,Week 3,FINAL,SUN,09/23,Giants,1-2,27,1.0,Texans,0-3,22,0.0,,,0
2018,Week 3,FINAL,SUN,09/23,Titans,2-1,9,1.0,Jaguars,2-1,6,0.0,,,0
2018,Week 3,FINAL,SUN,09/23,49ers,1-2,27,0.0,Chiefs,3-0,38,1.0,,,0
2018,Week 3,FINAL,SUN,09/23,Raiders,0-3,20,0.0,Dolphins,3-0,28,1.0,,,0
2018,Week 3,FINAL,SUN,09/23,Bills,1-2,27,1.0,Vikings,1-1-1,6,0.0,,,0
2018,Week 3,FINAL,SUN,09/23,Colts,1-2,16,0.0,Eagles,2-1,20,1.0,,,0
2018,Week 3,FINAL,SUN,09/23,Packers,1-1-1,17,0.0,Redskins,2-1,31,1.0,,,0
2018,Week 3,FINAL,SUN,09/23,Chargers,1-2,23,0.0,Rams,3-0,35,1.0,,,0
2018,Week 3,FINAL,SUN,09/23,Bears,2-1,16,1.0,Cardinals,0-3,14,0.0,,,0
2018,Week 3,FINAL,SUN,09/23,Cowboys,1-2,13,0.0,Seahawks,1-2,24,1.0,,,0
2018,Week 3,FINAL,SUN,09/23,Patriots,1-2,10,0.0,Lions,1-2,26,1.0,,,0
2018,Week 3,FINAL,MON,09/24,Steelers,1-1-1,30,1.0,Buccaneers,2-1,27,0.0,,,0
2018,Week 4,FINAL,THU,09/27,Vikings,1-2-1,31,0.0,Rams,4-0,38,1.0,,,0
2018,Week 4,FINAL,SUN,09/30,Bengals,3-1,37,1.0,Falcons,1-3,36,0.0,,,0
2018,Week 4,FINAL,SUN,09/30,Buccaneers,2-2,10,0.0,Bears,3-1,48,1.0,,,0
2018,Week 4,FINAL,SUN,09/30,Lions,1-3,24,0.0,Cowboys,2-2,26,1.0,,,0
2018,Week 4,FINAL,SUN,09/30,Bills,1-3,0,0.0,Packers,2-1-1,22,1.0,,,0
2018,Week 4,FINAL,SUN,09/30,Texans,1-3,37,1.0,Colts,1-3,34,0.0,,,0
2018,Week 4,FINAL,SUN,09/30,Jets,1-3,12,0.0,Jaguars,3-1,31,1.0,,,0
2018,Week 4,FINAL,SUN,09/30,Dolphins,3-1,7,0.0,Patriots,2-2,38,1.0,,,0
2018,Week 4,FINAL,SUN,09/30,Eagles,2-2,23,0.0,Titans,3-1,26,1.0,,,0
2018,Week 4,FINAL,SUN,09/30,Seahawks,2-2,20,1.0,Cardinals,0-4,17,0.0,,,0
2018,Week 4,FINAL,SUN,09/30,Browns,1-2-1,42,0.0,Raiders,1-3,45,1.0,,,0
2018,Week 4,FINAL,SUN,09/30,49ers,1-3,27,0.0,Chargers,2-2,29,1.0,,,0
2018,Week 4,FINAL,SUN,09/30,Saints,3-1,33,1.0,Giants,1-3,18,0.0,,,0
2018,Week 4,FINAL,SUN,09/30,Ravens,3-1,26,1.0,Steelers,1-2-1,14,0.0,,,0
2018,Week 4,FINAL,MON,10/01,Chiefs,4-0,27,1.0,Broncos,2-2,23,0.0,,,0
2018,Week 4,BYE,,,Panthers,1-3,,,,,,,,,0
2018,Week 4,BYE,,,Redskins,2-2,,,,,,,,,0
2018,Week 5,FINAL,THU,10/04,Colts,1-4,24,0.0,Patriots,3-2,38,1.0,,,0
2018,Week 5,FINAL,SUN,10/07,Titans,3-2,12,0.0,Bills,2-3,13,1.0,,,0
2018,Week 5,FINAL,SUN,10/07,Giants,1-4,31,0.0,Panthers,3-1,33,1.0,,,0
2018,Week 5,FINAL,SUN,10/07,Dolphins,3-2,17,0.0,Bengals,4-1,27,1.0,,,0
2018,Week 5,FINAL,SUN,10/07,Ravens,3-2,9,0.0,Browns,2-2-1,12,1.0,,,0
2018,Week 5,FINAL,SUN,10/07,Packers,2-2-1,23,0.0,Lions,2-3,31,1.0,,,0
2018,Week 5,FINAL,SUN,10/07,Jaguars,3-2,14,0.0,Chiefs,5-0,30,1.0,,,0
2018,Week 5,FINAL,SUN,10/07,Broncos,2-3,16,0.0,Jets,2-3,34,1.0,,,0
2018,Week 5,FINAL,SUN,10/07,Falcons,1-4,17,0.0,Steelers,2-2-1,41,1.0,,,0
2018,Week 5,FINAL,SUN,10/07,Raiders,1-4,10,0.0,Chargers,3-2,26,1.0,,,0
2018,Week 5,FINAL,SUN,10/07,Vikings,2-2-1,23,1.0,Eagles,2-3,21,0.0,,,0
2018,Week 5,FINAL,SUN,10/07,Cardinals,1-4,28,1.0,49ers,1-4,18,0.0,,,0
2018,Week 5,FINAL,SUN,10/07,Rams,5-0,33,1.0,Seahawks,2-3,31,0.0,,,0
2018,Week 5,FINAL,SUN,10/07,Cowboys,2-3,16,0.0,Texans,2-3,19,1.0,,,0
2018,Week 5,FINAL,MON,10/08,Redskins,2-2,19,0.0,Saints,4-1,43,1.0,,,0
2018,Week 5,BYE,,,Buccaneers,3-1,,,,,,,,,0
2018,Week 5,BYE,,,Bears,2-2,,,,,,,,,0
2018,Week 6,FINAL,THU,10/11,Eagles,3-3,34,1.0,Giants,1-5,13,0.0,,,0
2018,Week 6,FINAL,SUN,10/14,Buccaneers,2-3,29,0.0,Falcons,2-4,34,1.0,,,0
2018,Week 6,FINAL,SUN,10/14,Steelers,3-2-1,28,1.0,Bengals,4-2,21,0.0,,,0
2018,Week 6,FINAL,SUN,10/14,Chargers,4-2,38,1.0,Browns,2-3-1,14,0.0,,,0
2018,Week 6,FINAL,SUN,10/14,Bills,2-4,13,0.0,Texans,3-3,20,1.0,,,0
2018,Week 6,FINAL,SUN,10/14,Bears,3-2,28,0.0,Dolphins,4-2,31,1.0,,,0
2018,Week 6,FINAL,SUN,10/14,Cardinals,1-5,17,0.0,Vikings,3-2-1,27,1.0,,,0
2018,Week 6,FINAL,SUN,10/14,Colts,1-5,34,0.0,Jets,3-3,42,1.0,,,0
2018,Week 6,FINAL,SUN,10/14,Seahawks,3-3,27,1.0,Raiders,1-5,3,0.0,,,0
2018,Week 6,FINAL,SUN,10/14,Panthers,3-2,17,0.0,Redskins,3-2,23,1.0,,,0
2018,Week 6,FINAL,SUN,10/14,Rams,6-0,23,1.0,Broncos,2-4,20,0.0,,,0
2018,Week 6,FINAL,SUN,10/14,Jaguars,3-3,7,0.0,Cowboys,3-3,40,1.0,,,0
2018,Week 6,FINAL,SUN,10/14,Ravens,4-2,21,1.0,Titans,3-3,0,0.0,,,0
2018,Week 6,FINAL,SUN,10/14,Chiefs,5-1,40,0.0,Patriots,4-2,43,1.0,,,0
2018,Week 6,FINAL,MON,10/15,49ers,1-5,30,0.0,Packers,3-2-1,33,1.0,,,0
2018,Week 6,BYE,,,Lions,3-1,,,,,,,,,0
2018,Week 6,BYE,,,Saints,0-4,,,,,,,,,0
2018,Week 7,FINAL,THU,10/18,Broncos,3-4,45,1.0,Cardinals,1-6,10,0.0,,,0
2018,Week 7,FINAL,SUN,10/21,Titans,3-4,19,0.0,Chargers,5-2,20,1.0,,,0
2018,Week 7,FINAL,SUN,10/21,Patriots,5-2,38,1.0,Bears,3-3,31,0.0,,,0
2018,Week 7,FINAL,SUN,10/21,Bills,2-5,5,0.0,Colts,2-5,37,1.0,,,0
2018,Week 7,FINAL,SUN,10/21,Texans,4-3,20,1.0,Jaguars,3-4,7,0.0,,,0
2018,Week 7,FINAL,SUN,10/21,Lions,3-3,32,1.0,Dolphins,4-3,21,0.0,,,0
2018,Week 7,FINAL,SUN,10/21,Vikings,4-2-1,37,1.0,Jets,3-4,17,0.0,,,0
2018,Week 7,FINAL,SUN,10/21,Panthers,4-2,21,1.0,Eagles,3-4,17,0.0,,,0
2018,Week 7,FINAL,SUN,10/21,Browns,2-4-1,23,0.0,Buccaneers,3-3,26,1.0,,,0
2018,Week 7,FINAL,SUN,10/21,Saints,5-1,24,1.0,Ravens,4-3,23,0.0,,,0
2018,Week 7,FINAL,SUN,10/21,Cowboys,3-4,17,0.0,Redskins,4-2,20,1.0,,,0
2018,Week 7,FINAL,SUN,10/21,Rams,7-0,39,1.0,49ers,1-6,10,0.0,,,0
2018,Week 7,FINAL,SUN,10/21,Bengals,4-3,10,0.0,Chiefs,6-1,45,1.0,,,0
2018,Week 7,FINAL,MON,10/22,Giants,1-6,20,0.0,Falcons,3-4,23,1.0,,,0
2018,Week 7,BYE,,,Seahawks,3-1,,,,,,,,,0
2018,Week 7,BYE,,,Steelers,3-1,,,,,,,,,0
2018,Week 7,BYE,,,Raiders,1-3,,,,,,,,,0
2018,Week 7,BYE,,,Packers,2-1-1,,,,,,,,,0
2018,Week 8,FINAL,THU,10/25,Dolphins,4-4,23,0.0,Texans,5-3,42,1.0,,,0
2018,Week 8,FINAL,SUN,10/28,Eagles,4-4,24,1.0,Jaguars,3-5,18,0.0,,,0
2018,Week 8,FINAL,SUN,10/28,Ravens,4-4,21,0.0,Panthers,5-2,36,1.0,,,0
2018,Week 8,FINAL,SUN,10/28,Jets,3-5,10,0.0,Bears,4-3,24,1.0,,,0
2018,Week 8,FINAL,SUN,10/28,Buccaneers,3-4,34,0.0,Bengals,5-3,37,1.0,,,0
2018,Week 8,FINAL,SUN,10/28,Seahawks,4-3,28,1.0,Lions,3-4,14,0.0,,,0
2018,Week 8,FINAL,SUN,10/28,Broncos,3-5,23,0.0,Chiefs,7-1,30,1.0,,,0
2018,Week 8,FINAL,SUN,10/28,Redskins,5-2,20,1.0,Giants,1-7,13,0.0,,,0
2018,Week 8,FINAL,SUN,10/28,Browns,2-5-1,18,0.0,Steelers,4-2-1,33,1.0,,,0
2018,Week 8,FINAL,SUN,10/28,Colts,3-5,42,1.0,Raiders,1-6,28,0.0,,,0
2018,Week 8,FINAL,SUN,10/28,49ers,1-7,15,0.0,Cardinals,2-6,18,1.0,,,0
2018,Week 8,FINAL,SUN,10/28,Packers,3-3-1,27,0.0,Rams,8-0,29,1.0,,,0
2018,Week 8,FINAL,SUN,10/28,Saints,6-1,30,1.0,Vikings,4-3-1,20,0.0,,,0
2018,Week 8,FINAL,MON,10/29,Patriots,6-2,25,1.0,Bills,2-6,6,0.0,,,0
2018,Week 8,BYE,,,Falcons,2-2,,,,,,,,,0
2018,Week 8,BYE,,,Chargers,3-1,,,,,,,,,0
2018,Week 8,BYE,,,Cowboys,1-2-1,,,,,,,,,0
2018,Week 8,BYE,,,Titans,0-4,,,,,,,,,0
2018,Week 9,FINAL,THU,11/01,Raiders,1-7,3,0.0,49ers,2-7,34,1.0,,,0
2018,Week 9,FINAL,SUN,11/04,Steelers,5-2-1,23,1.0,Ravens,4-5,16,0.0,,,0
2018,Week 9,FINAL,SUN,11/04,Bears,5-3,41,1.0,Bills,2-7,9,0.0,,,0
2018,Week 9,FINAL,SUN,11/04,Buccaneers,3-5,28,0.0,Panthers,6-2,42,1.0,,,0
2018,Week 9,FINAL,SUN,11/04,Chiefs,8-1,37,1.0,Browns,2-6-1,21,0.0,,,0
2018,Week 9,FINAL,SUN,11/04,Jets,3-6,6,0.0,Dolphins,5-4,13,1.0,,,0
2018,Week 9,FINAL,SUN,11/04,Lions,3-5,9,0.0,Vikings,5-3-1,24,1.0,,,0
2018,Week 9,FINAL,SUN,11/04,Falcons,4-4,38,1.0,Redskins,5-3,14,0.0,,,0
2018,Week 9,FINAL,SUN,11/04,Texans,6-3,19,1.0,Broncos,3-6,17,0.0,,,0
2018,Week 9,FINAL,SUN,11/04,Chargers,6-2,25,1.0,Seahawks,4-4,17,0.0,,,0
2018,Week 9,FINAL,SUN,11/04,Rams,8-1,35,0.0,Saints,7-1,45,1.0,,,0
2018,Week 9,FINAL,SUN,11/04,Packers,3-4-1,17,0.0,Patriots,7-2,31,1.0,,,0
2018,Week 9,FINAL,MON,11/05,Titans,4-4,28,1.0,Cowboys,3-5,14,0.0,,,0
2018,Week 9,BYE,,,Bengals,2-2,,,,,,,,,0
2018,Week 9,BYE,,,Colts,3-1,,,,,,,,,0
2018,Week 9,BYE,,,Jaguars,3-1,,,,,,,,,0
2018,Week 9,BYE,,,Cardinals,2-2,,,,,,,,,0
2018,Week 9,BYE,,,Eagles,4-0,,,,,,,,,0
2018,Week 9,BYE,,,Giants,1-3,,,,,,,,,0
2018,Week 10,FINAL,THU,11/08,Panthers,6-3,21,0.0,Steelers,6-2-1,52,1.0,,,0
2018,Week 10,FINAL,SUN,11/11,Lions,3-6,22,0.0,Bears,6-3,34,1.0,,,0
2018,Week 10,FINAL,SUN,11/11,Saints,8-1,51,1.0,Bengals,5-4,14,0.0,,,0
2018,Week 10,FINAL,SUN,11/11,Falcons,4-5,16,0.0,Browns,3-6-1,28,1.0,,,0
2018,Week 10,FINAL,SUN,11/11,Jaguars,3-6,26,0.0,Colts,4-5,29,1.0,,,0
2018,Week 10,FINAL,SUN,11/11,Cardinals,2-7,14,0.0,Chiefs,9-1,26,1.0,,,0
2018,Week 10,FINAL,SUN,11/11,Bills,3-7,41,1.0,Jets,3-7,10,0.0,,,0
2018,Week 10,FINAL,SUN,11/11,Redskins,6-3,16,1.0,Buccaneers,3-6,3,0.0,,,0
2018,Week 10,FINAL,SUN,11/11,Patriots,7-3,10,0.0,Titans,5-4,34,1.0,,,0
2018,Week 10,FINAL,SUN,11/11,Chargers,7-2,20,1.0,Raiders,1-8,6,0.0,,,0
2018,Week 10,FINAL,SUN,11/11,Dolphins,5-5,12,0.0,Packers,4-4-1,31,1.0,,,0
2018,Week 10,FINAL,SUN,11/11,Seahawks,4-5,31,0.0,Rams,9-1,36,1.0,,,0
2018,Week 10,FINAL,SUN,11/11,Cowboys,4-5,27,1.0,Eagles,4-5,20,0.0,,,0
2018,Week 10,FINAL,MON,11/12,Giants,2-7,27,1.0,49ers,2-8,23,0.0,,,0
2018,Week 10,BYE,,,Ravens,1-3,,,,,,,,,0
2018,Week 10,BYE,,,Texans,1-3,,,,,,,,,0
2018,Week 10,BYE,,,Broncos,2-2,,,,,,,,,0
2018,Week 10,BYE,,,Vikings,2-2,,,,,,,,,0
2018,Week 11,FINAL,THU,11/15,Packers,4-5-1,24,0.0,Seahawks,5-5,27,1.0,,,0
2018,Week 11,FINAL,SUN,11/18,Cowboys,5-5,22,1.0,Falcons,4-6,19,0.0,,,0
2018,Week 11,FINAL,SUN,11/18,Bengals,5-5,21,0.0,Ravens,5-5,24,1.0,,,0
2018,Week 11,FINAL,SUN,11/18,Panthers,6-4,19,0.0,Lions,4-6,20,1.0,,,0
2018,Week 11,FINAL,SUN,11/18,Titans,5-5,10,0.0,Colts,5-5,38,1.0,,,0
2018,Week 11,FINAL,SUN,11/18,Buccaneers,3-7,35,0.0,Giants,3-7,38,1.0,,,0
2018,Week 11,FINAL,SUN,11/18,Texans,7-3,23,1.0,Redskins,6-4,21,0.0,,,0
2018,Week 11,FINAL,SUN,11/18,Steelers,7-2-1,20,1.0,Jaguars,3-7,16,0.0,,,0
2018,Week 11,FINAL,SUN,11/18,Raiders,2-8,23,1.0,Cardinals,2-8,21,0.0,,,0
2018,Week 11,FINAL,SUN,11/18,Broncos,4-6,23,1.0,Chargers,7-3,22,0.0,,,0
2018,Week 11,FINAL,SUN,11/18,Eagles,4-6,7,0.0,Saints,9-1,48,1.0,,,0
2018,Week 11,FINAL,SUN,11/18,Vikings,5-4-1,20,0.0,Bears,7-3,25,1.0,,,0
2018,Week 11,FINAL,MON,11/19,Chiefs,9-2,51,0.0,Rams,10-1,54,1.0,,,0
2018,Week 11,BYE,,,Bills,4-0,,,,,,,,,0
2018,Week 11,BYE,,,Browns,1-3,,,,,,,,,0
2018,Week 11,BYE,,,Jets,0-4,,,,,,,,,0
2018,Week 11,BYE,,,Patriots,2-2,,,,,,,,,0
2018,Week 11,BYE,,,49ers,3-1,,,,,,,,,0
2018,Week 11,BYE,,,Dolphins,1-3,,,,,,,,,0
2018,Week 12,FINAL,THU,11/22,Bears,8-3,23,1.0,Lions,4-7,16,0.0,,,0
2018,Week 12,FINAL,THU,11/22,Redskins,6-5,23,0.0,Cowboys,6-5,31,1.0,,,0
2018,Week 12,FINAL,THU,11/22,Falcons,4-7,17,0.0,Saints,10-1,31,1.0,,,0
2018,Week 12,FINAL,SUN,11/25,Raiders,2-9,17,0.0,Ravens,6-5,34,1.0,,,0
2018,Week 12,FINAL,SUN,11/25,Jaguars,3-8,21,0.0,Bills,4-7,24,1.0,,,0
2018,Week 12,FINAL,SUN,11/25,Seahawks,6-5,30,1.0,Panthers,6-5,27,0.0,,,0
2018,Week 12,FINAL,SUN,11/25,Browns,4-6-1,35,1.0,Bengals,5-6,20,0.0,,,0
2018,Week 12,FINAL,SUN,11/25,Patriots,8-3,27,1.0,Jets,3-8,13,0.0,,,0
2018,Week 12,FINAL,SUN,11/25,Giants,3-8,22,0.0,Eagles,5-6,25,1.0,,,0
2018,Week 12,FINAL,SUN,11/25,49ers,2-9,9,0.0,Buccaneers,4-7,27,1.0,,,0
2018,Week 12,FINAL,SUN,11/25,Cardinals,2-9,10,0.0,Chargers,8-3,45,1.0,,,0
2018,Week 12,FINAL,SUN,11/25,Dolphins,5-6,24,0.0,Colts,6-5,27,1.0,,,0
2018,Week 12,FINAL,SUN,11/25,Steelers,7-3-1,17,0.0,Broncos,5-6,24,1.0,,,0
2018,Week 12,FINAL,SUN,11/25,Packers,4-6-1,17,0.0,Vikings,6-4-1,24,1.0,,,0
2018,Week 12,FINAL,MON,11/26,Titans,5-6,17,0.0,Texans,8-3,34,1.0,,,0
2018,Week 12,BYE,,,Rams,3-1,,,,,,,,,0
2018,Week 12,BYE,,,Chiefs,2-2,,,,,,,,,0
2018,Week 13,FINAL,THU,11/29,Saints,10-2,10,0.0,Cowboys,7-5,13,1.0,,,0
2018,Week 13,FINAL,SUN,12/02,Ravens,7-5,26,1.0,Falcons,4-8,16,0.0,,,0
2018,Week 13,FINAL,SUN,12/02,Broncos,6-6,24,1.0,Bengals,5-7,10,0.0,,,0
2018,Week 13,FINAL,SUN,12/02,Rams,11-1,30,1.0,Lions,4-8,16,0.0,,,0
2018,Week 13,FINAL,SUN,12/02,Cardinals,3-9,20,1.0,Packers,4-7-1,17,0.0,,,0
2018,Week 13,FINAL,SUN,12/02,Browns,4-7-1,13,0.0,Texans,9-3,29,1.0,,,0
2018,Week 13,FINAL,SUN,12/02,Colts,6-6,0,0.0,Jaguars,4-8,6,1.0,,,0
2018,Week 13,FINAL,SUN,12/02,Bills,4-8,17,0.0,Dolphins,6-6,21,1.0,,,0
2018,Week 13,FINAL,SUN,12/02,Bears,8-4,27,0.0,Giants,4-8,30,1.0,,,0
2018,Week 13,FINAL,SUN,12/02,Panthers,6-6,17,0.0,Buccaneers,5-7,24,1.0,,,0
2018,Week 13,FINAL,SUN,12/02,Chiefs,10-2,40,1.0,Raiders,2-10,33,0.0,,,0
2018,Week 13,FINAL,SUN,12/02,Jets,3-9,22,0.0,Titans,6-6,26,1.0,,,0
2018,Week 13,FINAL,SUN,12/02,Vikings,6-5-1,10,0.0,Patriots,9-3,24,1.0,,,0
2018,Week 13,FINAL,SUN,12/02,49ers,2-10,16,0.0,Seahawks,7-5,43,1.0,,,0
2018,Week 13,FINAL,SUN,12/02,Chargers,9-3,33,1.0,Steelers,7-4-1,30,0.0,,,0
2018,Week 13,FINAL,MON,12/03,Redskins,6-6,13,0.0,Eagles,6-6,28,1.0,,,0
2018,Week 14,FINAL,THU,12/06,Jaguars,4-9,9,0.0,Titans,7-6,30,1.0,,,0
2018,Week 14,FINAL,SUN,12/09,Jets,4-9,27,1.0,Bills,4-9,23,0.0,,,0
2018,Week 14,FINAL,SUN,12/09,Panthers,6-7,20,0.0,Browns,5-7-1,26,1.0,,,0
2018,Week 14,FINAL,SUN,12/09,Falcons,4-9,20,0.0,Packers,5-7-1,34,1.0,,,0
2018,Week 14,FINAL,SUN,12/09,Colts,7-6,24,1.0,Texans,9-4,21,0.0,,,0
2018,Week 14,FINAL,SUN,12/09,Ravens,7-6,24,0.0,Chiefs,11-2,27,1.0,,,0
2018,Week 14,FINAL,SUN,12/09,Patriots,9-4,33,0.0,Dolphins,7-6,34,1.0,,,0
2018,Week 14,FINAL,SUN,12/09,Saints,11-2,28,1.0,Buccaneers,5-8,14,0.0,,,0
2018,Week 14,FINAL,SUN,12/09,Giants,5-8,40,1.0,Redskins,6-7,16,0.0,,,0
2018,Week 14,FINAL,SUN,12/09,Bengals,5-8,21,0.0,Chargers,10-3,26,1.0,,,0
2018,Week 14,FINAL,SUN,12/09,Broncos,6-7,14,0.0,49ers,3-10,20,1.0,,,0
2018,Week 14,FINAL,SUN,12/09,Lions,5-8,17,1.0,Cardinals,3-10,3,0.0,,,0
2018,Week 14,FINAL,SUN,12/09,Eagles,6-7,23,0.0,Cowboys,8-5,29,1.0,,,0
2018,Week 14,FINAL,SUN,12/09,Steelers,7-5-1,21,0.0,Raiders,3-10,24,1.0,,,0
2018,Week 14,FINAL,SUN,12/09,Rams,11-2,6,0.0,Bears,9-4,15,1.0,,,0
2018,Week 14,FINAL,MON,12/10,Vikings,6-6-1,7,0.0,Seahawks,8-5,21,1.0,,,0
2018,Week 15,FINAL,THU,12/13,Chargers,11-3,29,1.0,Chiefs,11-3,28,0.0,,,0
2018,Week 15,FINAL,SAT,12/15,Texans,10-4,29,1.0,Jets,4-10,22,0.0,,,0
2018,Week 15,FINAL,SAT,12/15,Browns,6-7-1,17,1.0,Broncos,6-8,16,0.0,,,0
2018,Week 15,FINAL,SUN,12/16,Cardinals,3-11,14,0.0,Falcons,5-9,40,1.0,,,0
2018,Week 15,FINAL,SUN,12/16,Buccaneers,5-9,12,0.0,Ravens,8-6,20,1.0,,,0
2018,Week 15,FINAL,SUN,12/16,Lions,5-9,13,0.0,Bills,5-9,14,1.0,,,0
2018,Week 15,FINAL,SUN,12/16,Packers,5-8-1,17,0.0,Bears,10-4,24,1.0,,,0
2018,Week 15,FINAL,SUN,12/16,Raiders,3-11,16,0.0,Bengals,6-8,30,1.0,,,0
2018,Week 15,FINAL,SUN,12/16,Cowboys,8-6,0,0.0,Colts,8-6,23,1.0,,,0
2018,Week 15,FINAL,SUN,12/16,Redskins,7-7,16,1.0,Jaguars,4-10,13,0.0,,,0
2018,Week 15,FINAL,SUN,12/16,Dolphins,7-7,17,0.0,Vikings,7-6-1,41,1.0,,,0
2018,Week 15,FINAL,SUN,12/16,Titans,8-6,17,1.0,Giants,5-9,0,0.0,,,0
2018,Week 15,FINAL,SUN,12/16,Seahawks,8-6,23,0.0,49ers,4-10,26,1.0,,,0
2018,Week 15,FINAL,SUN,12/16,Patriots,9-5,10,0.0,Steelers,8-5-1,17,1.0,,,0
2018,Week 15,FINAL,SUN,12/16,Eagles,7-7,30,1.0,Rams,11-3,23,0.0,,,0
2018,Week 15,FINAL,MON,12/17,Saints,12-2,12,1.0,Panthers,6-8,9,0.0,,,0
2018,Week 16,FINAL,SAT,12/22,Redskins,7-8,16,0.0,Titans,9-6,25,1.0,,,0
2018,Week 16,FINAL,SAT,12/22,Ravens,9-6,22,1.0,Chargers,11-4,10,0.0,,,0
2018,Week 16,FINAL,SUN,12/23,Giants,5-10,27,0.0,Colts,9-6,28,1.0,,,0
2018,Week 16,FINAL,SUN,12/23,Jaguars,5-10,17,1.0,Dolphins,7-8,7,0.0,,,0
2018,Week 16,FINAL,SUN,12/23,Falcons,6-9,24,1.0,Panthers,6-9,10,0.0,,,0
2018,Week 16,FINAL,SUN,12/23,Bengals,6-9,18,0.0,Browns,7-7-1,26,1.0,,,0
2018,Week 16,FINAL,SUN,12/23,Buccaneers,5-10,20,0.0,Cowboys,9-6,27,1.0,,,0
2018,Week 16,FINAL,SUN,12/23,Vikings,8-6-1,27,1.0,Lions,5-10,9,0.0,,,0
2018,Week 16,FINAL,SUN,12/23,Bills,5-10,12,0.0,Patriots,10-5,24,1.0,,,0
2018,Week 16,FINAL,SUN,12/23,Packers,6-8-1,44,1.0,Jets,4-11,38,0.0,,,0
2018,Week 16,FINAL,SUN,12/23,Texans,10-5,30,0.0,Eagles,8-7,32,1.0,,,0
2018,Week 16,FINAL,SUN,12/23,Rams,12-3,31,1.0,Cardinals,3-12,9,0.0,,,0
2018,Week 16,FINAL,SUN,12/23,Bears,11-4,14,1.0,49ers,4-11,9,0.0,,,0
2018,Week 16,FINAL,SUN,12/23,Steelers,8-6-1,28,0.0,Saints,13-2,31,1.0,,,0
2018,Week 16,FINAL,SUN,12/23,Chiefs,11-4,31,0.0,Seahawks,9-6,38,1.0,,,0
2018,Week 16,FINAL,MON,12/24,Broncos,6-9,14,0.0,Raiders,4-11,27,1.0,,,0
2018,Week 17,FINAL,SUN,12/30,Dolphins,7-9,17,0.0,Bills,6-10,42,1.0,,,0
2018,Week 17,FINAL,SUN,12/30,Lions,6-10,31,1.0,Packers,6-9-1,0,0.0,,,0
2018,Week 17,FINAL,SUN,12/30,Jaguars,5-11,3,0.0,Texans,11-5,20,1.0,,,0
2018,Week 17,FINAL,SUN,12/30,Jets,4-12,3,0.0,Patriots,11-5,38,1.0,,,0
2018,Week 17,FINAL,SUN,12/30,Panthers,7-9,33,1.0,Saints,13-3,14,0.0,,,0
2018,Week 17,FINAL,SUN,12/30,Cowboys,10-6,36,1.0,Giants,5-11,35,0.0,,,0
2018,Week 17,FINAL,SUN,12/30,Falcons,7-9,34,1.0,Buccaneers,5-11,32,0.0,,,0
2018,Week 17,FINAL,SUN,12/30,Browns,7-8-1,24,0.0,Ravens,10-6,26,1.0,,,0
2018,Week 17,FINAL,SUN,12/30,Raiders,4-12,3,0.0,Chiefs,12-4,35,1.0,,,0
2018,Week 17,FINAL,SUN,12/30,Bears,12-4,24,1.0,Vikings,8-7-1,10,0.0,,,0
2018,Week 17,FINAL,SUN,12/30,Bengals,6-10,13,0.0,Steelers,9-6-1,16,1.0,,,0
2018,Week 17,FINAL,SUN,12/30,Eagles,9-7,24,1.0,Redskins,7-9,0,0.0,,,0
2018,Week 17,FINAL,SUN,12/30,Chargers,12-4,23,1.0,Broncos,6-10,9,0.0,,,0
2018,Week 17,FINAL,SUN,12/30,49ers,4-12,32,0.0,Rams,13-3,48,1.0,,,0
2018,Week 17,FINAL,SUN,12/30,Cardinals,3-13,24,0.0,Seahawks,10-6,27,1.0,,,0
2018,Week 17,FINAL,SUN,12/30,Colts,10-6,33,1.0,Titans,9-7,17,0.0,,,0
2018,Wild Card,FINAL,SAT,01/05,Colts,10-6,21,1.0,Texans,11-5,7,0.0,6,3,1
2018,Wild Card,FINAL,SAT,01/05,Seahawks,10-6,22,0.0,Cowboys,10-6,24,1.0,5,4,1
2018,Wild Card,FINAL,SUN,01/06,Chargers,12-4,23,1.0,Ravens,10-6,17,0.0,5,4,1
2018,Wild Card,FINAL,SUN,01/06,Eagles,9-7,16,1.0,Bears,12-4,15,0.0,6,3,1
2018,Divisional Playoffs,FINAL,SAT,01/12,Colts,10-6,13,0.0,Chiefs,12-4,31,1.0,6,1,1
2018,Divisional Playoffs,FINAL,SAT,01/12,Cowboys,10-6,22,0.0,Rams,13-3,30,1.0,4,2,1
2018,Divisional Playoffs,FINAL,SUN,01/13,Chargers,12-4,28,0.0,Patriots,11-5,41,1.0,5,2,1
2018,Divisional Playoffs,FINAL,SUN,01/13,Eagles,9-7,14,0.0,Saints,13-3,20,1.0,6,1,1
2018,Conference Championships,FINAL,SUN,01/20,Rams,13-3,26,1.0,Saints,13-3,23,0.0,2,1,1
2018,Conference Championships,FINAL,SUN,01/20,Patriots,11-5,37,1.0,Chiefs,12-4,31,0.0,2,1,1
2018,Pro Bowl,FINAL,SUN,01/27,AFC Pro Bowl,,26,1.0,NFC Pro Bowl,,7,0.0,,,0
2018,Super Bowl,FINAL,SUN,02/03,Patriots,11-5,13,1.0,Rams,13-3,3,0.0,2,2,1
