Season,Week,GameStatus,Day,Date,AwayTeam,AwayRecord,AwayScore,AwayWin,HomeTeam,HomeRecord,HomeScore,HomeWin,AwaySeeding,HomeSeeding,PostSeason
2021,Hall Of Fame,FINAL,THU,08/05,Cowboys,0-1,3,0.0,Steelers,1-0,16,1.0,,,0
2021,Preseason Week 1,FINAL,THU,08/12,Football Team,0-1,13,0.0,Patriots,1-0,22,1.0,,,0
2021,Preseason Week 1,FINAL,THU,08/12,Steelers,2-0,24,1.0,Eagles,0-1,16,0.0,,,0
2021,Preseason Week 1,FINAL,FRI,08/13,Titans,1-0,23,1.0,Falcons,0-1,3,0.0,,,0
2021,Preseason Week 1,FINAL,FRI,08/13,Bills,1-0,16,1.0,Lions,0-1,15,0.0,,,0
2021,Preseason Week 1,FINAL,FRI,08/13,Cowboys,0-2,16,0.0,Cardinals,1-0,19,1.0,,,0
2021,Preseason Week 1,FINAL,SAT,08/14,Dolphins,0-1,13,0.0,Bears,1-0,20,1.0,,,0
2021,Preseason Week 1,FINAL,SAT,08/14,Broncos,1-0,33,1.0,Vikings,0-1,6,0.0,,,0
2021,Preseason Week 1,FINAL,SAT,08/14,Saints,0-1,14,0.0,Ravens,1-0,17,1.0,,,0
2021,Preseason Week 1,FINAL,SAT,08/14,Browns,1-0,23,1.0,Jaguars,0-1,13,0.0,,,0
2021,Preseason Week 1,FINAL,SAT,08/14,Jets,1-0,12,1.0,Giants,0-1,7,0.0,,,0
2021,Preseason Week 1,FINAL,SAT,08/14,Bengals,1-0,19,1.0,Buccaneers,0-1,14,0.0,,,0
2021,Preseason Week 1,FINAL,SAT,08/14,Texans,1-0,26,1.0,Packers,0-1,7,0.0,,,0
2021,Preseason Week 1,FINAL,SAT,08/14,Chiefs,1-0,19,1.0,49ers,0-1,16,0.0,,,0
2021,Preseason Week 1,FINAL,SAT,08/14,Seahawks,0-1,7,0.0,Raiders,1-0,20,1.0,,,0
2021,Preseason Week 1,FINAL,SAT,08/14,Chargers,1-0,13,1.0,Rams,0-1,6,0.0,,,0
2021,Preseason Week 1,FINAL,SUN,08/15,Panthers,0-1,18,0.0,Colts,1-0,21,1.0,,,0
2021,Preseason Week 2,FINAL,THU,08/19,Patriots,2-0,35,1.0,Eagles,0-2,0,0.0,,,0
2021,Preseason Week 2,FINAL,FRI,08/20,Bengals,1-1,13,0.0,Football Team,1-1,17,1.0,,,0
2021,Preseason Week 2,FINAL,FRI,08/20,Chiefs,2-0,17,1.0,Cardinals,1-1,10,0.0,,,0
2021,Preseason Week 2,FINAL,SAT,08/21,Bills,2-0,41,1.0,Bears,1-1,15,0.0,,,0
2021,Preseason Week 2,FINAL,SAT,08/21,Jets,2-0,23,1.0,Packers,0-2,14,0.0,,,0
2021,Preseason Week 2,FINAL,SAT,08/21,Ravens,2-0,20,1.0,Panthers,0-2,3,0.0,,,0
2021,Preseason Week 2,FINAL,SAT,08/21,Falcons,0-2,17,0.0,Dolphins,1-1,37,1.0,,,0
2021,Preseason Week 2,FINAL,SAT,08/21,Titans,2-0,34,1.0,Buccaneers,0-2,3,0.0,,,0
2021,Preseason Week 2,FINAL,SAT,08/21,Lions,0-2,20,0.0,Steelers,3-0,26,1.0,,,0
2021,Preseason Week 2,FINAL,SAT,08/21,Colts,2-0,12,1.0,Vikings,0-2,10,0.0,,,0
2021,Preseason Week 2,FINAL,SAT,08/21,Texans,2-0,20,1.0,Cowboys,0-3,14,0.0,,,0
2021,Preseason Week 2,FINAL,SAT,08/21,Raiders,2-0,17,1.0,Rams,0-2,16,0.0,,,0
2021,Preseason Week 2,FINAL,SAT,08/21,Broncos,2-0,30,1.0,Seahawks,0-2,3,0.0,,,0
2021,Preseason Week 2,FINAL,SUN,08/22,Giants,0-2,13,0.0,Browns,2-0,17,1.0,,,0
2021,Preseason Week 2,FINAL,SUN,08/22,49ers,1-1,15,1.0,Chargers,1-1,10,0.0,,,0
2021,Preseason Week 2,FINAL,MON,08/23,Jaguars,0-2,21,0.0,Saints,1-1,23,1.0,,,0
2021,Preseason Week 3,FINAL,FRI,08/27,Colts,3-0,27,1.0,Lions,0-3,17,0.0,,,0
2021,Preseason Week 3,FINAL,FRI,08/27,Steelers,3-1,9,0.0,Panthers,1-2,34,1.0,,,0
2021,Preseason Week 3,FINAL,FRI,08/27,Eagles,0-2-1,31,0.0,Jets,2-0-1,31,0.0,,,0
2021,Preseason Week 3,FINAL,FRI,08/27,Vikings,0-3,25,0.0,Chiefs,3-0,28,1.0,,,0
2021,Preseason Week 3,FINAL,SAT,08/28,Packers,0-3,0,0.0,Bills,3-0,19,1.0,,,0
2021,Preseason Week 3,FINAL,SAT,08/28,Ravens,3-0,37,1.0,Football Team,1-2,3,0.0,,,0
2021,Preseason Week 3,FINAL,SAT,08/28,Bears,2-1,27,1.0,Titans,2-1,24,0.0,,,0
2021,Preseason Week 3,FINAL,SAT,08/28,Buccaneers,1-2,23,1.0,Texans,2-1,16,0.0,,,0
2021,Preseason Week 3,FINAL,SAT,08/28,Rams,0-3,12,0.0,Broncos,3-0,17,1.0,,,0
2021,Preseason Week 3,FINAL,SAT,08/28,Chargers,1-2,0,0.0,Seahawks,1-2,27,1.0,,,0
2021,Preseason Week 3,FINAL,SUN,08/29,Jaguars,1-2,34,1.0,Cowboys,0-4,14,0.0,,,0
2021,Preseason Week 3,FINAL,SUN,08/29,Dolphins,2-1,29,1.0,Bengals,1-2,26,0.0,,,0
2021,Preseason Week 3,FINAL,SUN,08/29,Raiders,2-1,10,0.0,49ers,2-1,34,1.0,,,0
2021,Preseason Week 3,FINAL,SUN,08/29,Patriots,3-0,22,1.0,Giants,0-3,20,0.0,,,0
2021,Preseason Week 3,FINAL,SUN,08/29,Browns,3-0,19,1.0,Falcons,0-3,10,0.0,,,0
2021,Preseason Week 3,CANCELLED,CANCELLED,CANCELLED,Cardinals,1-1,0,0.0,Saints,1-1,0,0.0,,,0
2021,Week 1,FINAL,THU,09/09,Cowboys,0-1,29,0.0,Buccaneers,1-0,31,1.0,,,0
2021,Week 1,FINAL,SUN,09/12,Jaguars,0-1,21,0.0,Texans,1-0,37,1.0,,,0
2021,Week 1,FINAL,SUN,09/12,Chargers,1-0,20,1.0,Football Team,0-1,16,0.0,,,0
2021,Week 1,FINAL,SUN,09/12,Seahawks,1-0,28,1.0,Colts,0-1,16,0.0,,,0
2021,Week 1,FINAL,SUN,09/12,Jets,0-1,14,0.0,Panthers,1-0,19,1.0,,,0
2021,Week 1,FINAL,SUN,09/12,Vikings,0-1,24,0.0,Bengals,1-0,27,1.0,,,0
2021,Week 1,FINAL,SUN,09/12,Cardinals,1-0,38,1.0,Titans,0-1,13,0.0,,,0
2021,Week 1,FINAL,SUN,09/12,49ers,1-0,41,1.0,Lions,0-1,33,0.0,,,0
2021,Week 1,FINAL,SUN,09/12,Steelers,1-0,23,1.0,Bills,0-1,16,0.0,,,0
2021,Week 1,FINAL,SUN,09/12,Eagles,1-0,32,1.0,Falcons,0-1,6,0.0,,,0
2021,Week 1,FINAL,SUN,09/12,Browns,0-1,29,0.0,Chiefs,1-0,33,1.0,,,0
2021,Week 1,FINAL,SUN,09/12,Packers,0-1,3,0.0,Saints,1-0,38,1.0,,,0
2021,Week 1,FINAL,SUN,09/12,Broncos,1-0,27,1.0,Giants,0-1,13,0.0,,,0
2021,Week 1,FINAL,SUN,09/12,Dolphins,1-0,17,1.0,Patriots,0-1,16,0.0,,,0
2021,Week 1,FINAL,SUN,09/12,Bears,0-1,14,0.0,Rams,1-0,34,1.0,,,0
2021,Week 1,FINAL,MON,09/13,Ravens,0-1,27,0.0,Raiders,1-0,33,1.0,,,0
2021,Week 2,FINAL,THU,09/16,Giants,0-2,29,0.0,Football Team,1-1,30,1.0,,,0
2021,Week 2,FINAL,SUN,09/19,Patriots,1-1,25,1.0,Jets,0-2,6,0.0,,,0
2021,Week 2,FINAL,SUN,09/19,Broncos,2-0,23,1.0,Jaguars,0-2,13,0.0,,,0
2021,Week 2,FINAL,SUN,09/19,Bills,1-1,35,1.0,Dolphins,1-1,0,0.0,,,0
2021,Week 2,FINAL,SUN,09/19,49ers,2-0,17,1.0,Eagles,1-1,11,0.0,,,0
2021,Week 2,FINAL,SUN,09/19,Rams,2-0,27,1.0,Colts,0-2,24,0.0,,,0
2021,Week 2,FINAL,SUN,09/19,Raiders,2-0,26,1.0,Steelers,1-1,17,0.0,,,0
2021,Week 2,FINAL,SUN,09/19,Bengals,1-1,17,0.0,Bears,1-1,20,1.0,,,0
2021,Week 2,FINAL,SUN,09/19,Texans,1-1,21,0.0,Browns,1-1,31,1.0,,,0
2021,Week 2,FINAL,SUN,09/19,Saints,1-1,7,0.0,Panthers,2-0,26,1.0,,,0
2021,Week 2,FINAL,SUN,09/19,Vikings,0-2,33,0.0,Cardinals,2-0,34,1.0,,,0
2021,Week 2,FINAL,SUN,09/19,Falcons,0-2,25,0.0,Buccaneers,2-0,48,1.0,,,0
2021,Week 2,FINAL,SUN,09/19,Titans,1-1,33,1.0,Seahawks,1-1,30,0.0,,,0
2021,Week 2,FINAL,SUN,09/19,Cowboys,1-1,20,1.0,Chargers,1-1,17,0.0,,,0
2021,Week 2,FINAL,SUN,09/19,Chiefs,1-1,35,0.0,Ravens,1-1,36,1.0,,,0
2021,Week 2,FINAL,MON,09/20,Lions,0-2,17,0.0,Packers,1-1,35,1.0,,,0
2021,Week 3,FINAL,THU,09/23,Panthers,3-0,24,1.0,Texans,1-2,9,0.0,,,0
2021,Week 3,FINAL,SUN,09/26,Colts,0-3,16,0.0,Titans,2-1,25,1.0,,,0
2021,Week 3,FINAL,SUN,09/26,Falcons,1-2,17,1.0,Giants,0-3,14,0.0,,,0
2021,Week 3,FINAL,SUN,09/26,Chargers,2-1,30,1.0,Chiefs,1-2,24,0.0,,,0
2021,Week 3,FINAL,SUN,09/26,Bengals,2-1,24,1.0,Steelers,1-2,10,0.0,,,0
2021,Week 3,FINAL,SUN,09/26,Bears,1-2,6,0.0,Browns,2-1,26,1.0,,,0
2021,Week 3,FINAL,SUN,09/26,Ravens,2-1,19,1.0,Lions,0-3,17,0.0,,,0
2021,Week 3,FINAL,SUN,09/26,Saints,2-1,28,1.0,Patriots,1-2,13,0.0,,,0
2021,Week 3,FINAL,SUN,09/26,Cardinals,3-0,31,1.0,Jaguars,0-3,19,0.0,,,0
2021,Week 3,FINAL,SUN,09/26,Football Team,1-2,21,0.0,Bills,2-1,43,1.0,,,0
2021,Week 3,FINAL,SUN,09/26,Jets,0-3,0,0.0,Broncos,3-0,26,1.0,,,0
2021,Week 3,FINAL,SUN,09/26,Dolphins,1-2,28,0.0,Raiders,3-0,31,1.0,,,0
2021,Week 3,FINAL,SUN,09/26,Seahawks,1-2,17,0.0,Vikings,1-2,30,1.0,,,0
2021,Week 3,FINAL,SUN,09/26,Buccaneers,2-1,24,0.0,Rams,3-0,34,1.0,,,0
2021,Week 3,FINAL,SUN,09/26,Packers,2-1,30,1.0,49ers,2-1,28,0.0,,,0
2021,Week 3,FINAL,MON,09/27,Eagles,1-2,21,0.0,Cowboys,2-1,41,1.0,,,0
2021,Week 4,FINAL,THU,09/30,Jaguars,0-4,21,0.0,Bengals,3-1,24,1.0,,,0
2021,Week 4,FINAL,SUN,10/03,Titans,2-2,24,0.0,Jets,1-3,27,1.0,,,0
2021,Week 4,FINAL,SUN,10/03,Chiefs,2-2,42,1.0,Eagles,1-3,30,0.0,,,0
2021,Week 4,FINAL,SUN,10/03,Panthers,3-1,28,0.0,Cowboys,3-1,36,1.0,,,0
2021,Week 4,FINAL,SUN,10/03,Giants,1-3,27,1.0,Saints,2-2,21,0.0,,,0
2021,Week 4,FINAL,SUN,10/03,Browns,3-1,14,1.0,Vikings,1-3,7,0.0,,,0
2021,Week 4,FINAL,SUN,10/03,Lions,0-4,14,0.0,Bears,2-2,24,1.0,,,0
2021,Week 4,FINAL,SUN,10/03,Texans,1-3,0,0.0,Bills,3-1,40,1.0,,,0
2021,Week 4,FINAL,SUN,10/03,Colts,1-3,27,1.0,Dolphins,1-3,17,0.0,,,0
2021,Week 4,FINAL,SUN,10/03,Football Team,2-2,34,1.0,Falcons,1-3,30,0.0,,,0
2021,Week 4,FINAL,SUN,10/03,Seahawks,2-2,28,1.0,49ers,2-2,21,0.0,,,0
2021,Week 4,FINAL,SUN,10/03,Cardinals,4-0,37,1.0,Rams,3-1,20,0.0,,,0
2021,Week 4,FINAL,SUN,10/03,Steelers,1-3,17,0.0,Packers,3-1,27,1.0,,,0
2021,Week 4,FINAL,SUN,10/03,Ravens,3-1,23,1.0,Broncos,3-1,7,0.0,,,0
2021,Week 4,FINAL,SUN,10/03,Buccaneers,3-1,19,1.0,Patriots,1-3,17,0.0,,,0
2021,Week 4,FINAL,MON,10/04,Raiders,3-1,14,0.0,Chargers,3-1,28,1.0,,,0
2021,Week 5,FINAL,THU,10/07,Rams,4-1,26,1.0,Seahawks,2-3,17,0.0,,,0
2021,Week 5,FINAL,SUN,10/10,Jets,1-4,20,0.0,Falcons,2-3,27,1.0,,,0
2021,Week 5,FINAL,SUN,10/10,Lions,0-5,17,0.0,Vikings,2-3,19,1.0,,,0
2021,Week 5,FINAL,SUN,10/10,Saints,3-2,33,1.0,Football Team,2-3,22,0.0,,,0
2021,Week 5,FINAL,SUN,10/10,Patriots,2-3,25,1.0,Texans,1-4,22,0.0,,,0
2021,Week 5,FINAL,SUN,10/10,Dolphins,1-4,17,0.0,Buccaneers,4-1,45,1.0,,,0
2021,Week 5,FINAL,SUN,10/10,Packers,4-1,25,1.0,Bengals,3-2,22,0.0,,,0
2021,Week 5,FINAL,SUN,10/10,Broncos,3-2,19,0.0,Steelers,2-3,27,1.0,,,0
2021,Week 5,FINAL,SUN,10/10,Eagles,2-3,21,1.0,Panthers,3-2,18,0.0,,,0
2021,Week 5,FINAL,SUN,10/10,Titans,3-2,37,1.0,Jaguars,0-5,19,0.0,,,0
2021,Week 5,FINAL,SUN,10/10,Browns,3-2,42,0.0,Chargers,4-1,47,1.0,,,0
2021,Week 5,FINAL,SUN,10/10,Bears,3-2,20,1.0,Raiders,3-2,9,0.0,,,0
2021,Week 5,FINAL,SUN,10/10,49ers,2-3,10,0.0,Cardinals,5-0,17,1.0,,,0
2021,Week 5,FINAL,SUN,10/10,Giants,1-4,20,0.0,Cowboys,4-1,44,1.0,,,0
2021,Week 5,FINAL,SUN,10/10,Bills,4-1,38,1.0,Chiefs,2-3,20,0.0,,,0
2021,Week 5,FINAL,MON,10/11,Colts,1-4,25,0.0,Ravens,4-1,31,1.0,,,0
2021,Week 6,FINAL,THU,10/14,Buccaneers,5-1,28,1.0,Eagles,2-4,22,0.0,,,0
2021,Week 6,FINAL,SUN,10/17,Dolphins,1-5,20,0.0,Jaguars,1-5,23,1.0,,,0
2021,Week 6,FINAL,SUN,10/17,Chiefs,3-3,31,1.0,Football Team,2-4,13,0.0,,,0
2021,Week 6,FINAL,SUN,10/17,Rams,5-1,38,1.0,Giants,1-5,11,0.0,,,0
2021,Week 6,FINAL,SUN,10/17,Texans,1-5,3,0.0,Colts,2-4,31,1.0,,,0
2021,Week 6,FINAL,SUN,10/17,Bengals,4-2,34,1.0,Lions,0-6,11,0.0,,,0
2021,Week 6,FINAL,SUN,10/17,Packers,5-1,24,1.0,Bears,3-3,14,0.0,,,0
2021,Week 6,FINAL,SUN,10/17,Chargers,4-2,6,0.0,Ravens,5-1,34,1.0,,,0
2021,Week 6,FINAL,SUN,10/17,Vikings,3-3,34,1.0,Panthers,3-3,28,0.0,,,0
2021,Week 6,FINAL,SUN,10/17,Cardinals,6-0,37,1.0,Browns,3-3,14,0.0,,,0
2021,Week 6,FINAL,SUN,10/17,Raiders,4-2,34,1.0,Broncos,3-3,24,0.0,,,0
2021,Week 6,FINAL,SUN,10/17,Cowboys,5-1,35,1.0,Patriots,2-4,29,0.0,,,0
2021,Week 6,FINAL,SUN,10/17,Seahawks,2-4,20,0.0,Steelers,3-3,23,1.0,,,0
2021,Week 6,FINAL,MON,10/18,Bills,4-2,31,0.0,Titans,4-2,34,1.0,,,0
2021,Week 6,BYE,,,Jets,0-4,,,,,,,,,0
2021,Week 6,BYE,,,Falcons,2-2,,,,,,,,,0
2021,Week 6,BYE,,,49ers,3-1,,,,,,,,,0
2021,Week 6,BYE,,,Saints,0-4,,,,,,,,,0
2021,Week 7,FINAL,THU,10/21,Broncos,3-4,14,0.0,Browns,4-3,17,1.0,,,0
2021,Week 7,FINAL,SUN,10/24,Panthers,3-4,3,0.0,Giants,2-5,25,1.0,,,0
2021,Week 7,FINAL,SUN,10/24,Jets,1-5,13,0.0,Patriots,3-4,54,1.0,,,0
2021,Week 7,FINAL,SUN,10/24,Chiefs,3-4,3,0.0,Titans,5-2,27,1.0,,,0
2021,Week 7,FINAL,SUN,10/24,Football Team,2-5,10,0.0,Packers,6-1,24,1.0,,,0
2021,Week 7,FINAL,SUN,10/24,Falcons,3-3,30,1.0,Dolphins,1-6,28,0.0,,,0
2021,Week 7,FINAL,SUN,10/24,Bengals,5-2,41,1.0,Ravens,5-2,17,0.0,,,0
2021,Week 7,FINAL,SUN,10/24,Lions,0-7,19,0.0,Rams,6-1,28,1.0,,,0
2021,Week 7,FINAL,SUN,10/24,Eagles,2-5,22,0.0,Raiders,5-2,33,1.0,,,0
2021,Week 7,FINAL,SUN,10/24,Texans,1-6,5,0.0,Cardinals,7-0,31,1.0,,,0
2021,Week 7,FINAL,SUN,10/24,Bears,3-4,3,0.0,Buccaneers,6-1,38,1.0,,,0
2021,Week 7,FINAL,SUN,10/24,Colts,3-4,30,1.0,49ers,2-4,18,0.0,,,0
2021,Week 7,FINAL,MON,10/25,Saints,4-2,13,1.0,Seahawks,2-5,10,0.0,,,0
2021,Week 7,BYE,,,Steelers,3-1,,,,,,,,,0
2021,Week 7,BYE,,,Bills,4-0,,,,,,,,,0
2021,Week 7,BYE,,,Chargers,3-1,,,,,,,,,0
2021,Week 7,BYE,,,Jaguars,3-1,,,,,,,,,0
2021,Week 7,BYE,,,Vikings,2-2,,,,,,,,,0
2021,Week 7,BYE,,,Cowboys,1-2-1,,,,,,,,,0
2021,Week 8,FINAL,THU,10/28,Packers,7-1,24,1.0,Cardinals,7-1,21,0.0,,,0
2021,Week 8,FINAL,SUN,10/31,Bengals,5-3,31,0.0,Jets,2-5,34,1.0,,,0
2021,Week 8,FINAL,SUN,10/31,Titans,6-2,34,1.0,Colts,3-5,31,0.0,,,0
2021,Week 8,FINAL,SUN,10/31,Rams,7-1,38,1.0,Texans,1-7,22,0.0,,,0
2021,Week 8,FINAL,SUN,10/31,Steelers,4-3,15,1.0,Browns,4-4,10,0.0,,,0
2021,Week 8,FINAL,SUN,10/31,Eagles,3-5,44,1.0,Lions,0-8,6,0.0,,,0
2021,Week 8,FINAL,SUN,10/31,49ers,3-4,33,1.0,Bears,3-5,22,0.0,,,0
2021,Week 8,FINAL,SUN,10/31,Panthers,4-4,19,1.0,Falcons,3-4,13,0.0,,,0
2021,Week 8,FINAL,SUN,10/31,Dolphins,1-7,11,0.0,Bills,5-2,26,1.0,,,0
2021,Week 8,FINAL,SUN,10/31,Patriots,4-4,27,1.0,Chargers,4-3,24,0.0,,,0
2021,Week 8,FINAL,SUN,10/31,Jaguars,1-6,7,0.0,Seahawks,3-5,31,1.0,,,0
2021,Week 8,FINAL,SUN,10/31,Football Team,2-6,10,0.0,Broncos,4-4,17,1.0,,,0
2021,Week 8,FINAL,SUN,10/31,Buccaneers,6-2,27,0.0,Saints,5-2,36,1.0,,,0
2021,Week 8,FINAL,SUN,10/31,Cowboys,6-1,20,1.0,Vikings,3-4,16,0.0,,,0
2021,Week 8,FINAL,MON,11/01,Giants,2-6,17,0.0,Chiefs,4-4,20,1.0,,,0
2021,Week 8,BYE,,,Ravens,1-3,,,,,,,,,0
2021,Week 8,BYE,,,Raiders,1-3,,,,,,,,,0
2021,Week 9,FINAL,THU,11/04,Jets,2-6,30,0.0,Colts,4-5,45,1.0,,,0
2021,Week 9,FINAL,SUN,11/07,Falcons,4-4,27,1.0,Saints,5-3,25,0.0,,,0
2021,Week 9,FINAL,SUN,11/07,Broncos,5-4,30,1.0,Cowboys,6-2,16,0.0,,,0
2021,Week 9,FINAL,SUN,11/07,Patriots,5-4,24,1.0,Panthers,4-5,6,0.0,,,0
2021,Week 9,FINAL,SUN,11/07,Vikings,3-5,31,0.0,Ravens,6-2,34,1.0,,,0
2021,Week 9,FINAL,SUN,11/07,Browns,5-4,41,1.0,Bengals,5-4,16,0.0,,,0
2021,Week 9,FINAL,SUN,11/07,Bills,5-3,6,0.0,Jaguars,2-6,9,1.0,,,0
2021,Week 9,FINAL,SUN,11/07,Texans,1-8,9,0.0,Dolphins,2-7,17,1.0,,,0
2021,Week 9,FINAL,SUN,11/07,Raiders,5-3,16,0.0,Giants,3-6,23,1.0,,,0
2021,Week 9,FINAL,SUN,11/07,Chargers,5-3,27,1.0,Eagles,3-6,24,0.0,,,0
2021,Week 9,FINAL,SUN,11/07,Packers,7-2,7,0.0,Chiefs,5-4,13,1.0,,,0
2021,Week 9,FINAL,SUN,11/07,Cardinals,8-1,31,1.0,49ers,3-5,17,0.0,,,0
2021,Week 9,FINAL,SUN,11/07,Titans,7-2,28,1.0,Rams,7-2,16,0.0,,,0
2021,Week 9,FINAL,MON,11/08,Bears,3-6,27,0.0,Steelers,5-3,29,1.0,,,0
2021,Week 9,BYE,,,Football,ea,,,,,,,,,0
2021,Week 9,BYE,,,Buccaneers,3-1,,,,,,,,,0
2021,Week 9,BYE,,,Lions,3-1,,,,,,,,,0
2021,Week 9,BYE,,,Seahawks,3-1,,,,,,,,,0
2021,Week 10,FINAL,THU,11/11,Ravens,6-3,10,0.0,Dolphins,3-7,22,1.0,,,0
2021,Week 10,FINAL,SUN,11/14,Bills,6-3,45,1.0,Jets,2-7,17,0.0,,,0
2021,Week 10,FINAL,SUN,11/14,Buccaneers,6-3,19,0.0,Football Team,3-6,29,1.0,,,0
2021,Week 10,FINAL,SUN,11/14,Falcons,4-5,3,0.0,Cowboys,7-2,43,1.0,,,0
2021,Week 10,FINAL,SUN,11/14,Saints,5-4,21,0.0,Titans,8-2,23,1.0,,,0
2021,Week 10,FINAL,SUN,11/14,Jaguars,2-7,17,0.0,Colts,5-5,23,1.0,,,0
2021,Week 10,FINAL,SUN,11/14,Lions,0-8-1,16,0.0,Steelers,5-3-1,16,0.0,,,0
2021,Week 10,FINAL,SUN,11/14,Browns,5-5,7,0.0,Patriots,6-4,45,1.0,,,0
2021,Week 10,FINAL,SUN,11/14,Vikings,4-5,27,1.0,Chargers,5-4,20,0.0,,,0
2021,Week 10,FINAL,SUN,11/14,Panthers,5-5,34,1.0,Cardinals,8-2,10,0.0,,,0
2021,Week 10,FINAL,SUN,11/14,Eagles,4-6,30,1.0,Broncos,5-5,13,0.0,,,0
2021,Week 10,FINAL,SUN,11/14,Seahawks,3-6,0,0.0,Packers,8-2,17,1.0,,,0
2021,Week 10,FINAL,SUN,11/14,Chiefs,6-4,41,1.0,Raiders,5-4,14,0.0,,,0
2021,Week 10,FINAL,MON,11/15,Rams,7-3,10,0.0,49ers,4-5,31,1.0,,,0
2021,Week 10,BYE,,,Texans,1-3,,,,,,,,,0
2021,Week 10,BYE,,,Bears,2-2,,,,,,,,,0
2021,Week 10,BYE,,,Bengals,2-2,,,,,,,,,0
2021,Week 10,BYE,,,Giants,1-3,,,,,,,,,0
2021,Week 11,FINAL,THU,11/18,Patriots,7-4,25,1.0,Falcons,4-6,0,0.0,,,0
2021,Week 11,FINAL,SUN,11/21,Saints,5-5,29,0.0,Eagles,5-6,40,1.0,,,0
2021,Week 11,FINAL,SUN,11/21,Dolphins,4-7,24,1.0,Jets,2-8,17,0.0,,,0
2021,Week 11,FINAL,SUN,11/21,Football Team,4-6,27,1.0,Panthers,5-6,21,0.0,,,0
2021,Week 11,FINAL,SUN,11/21,Colts,6-5,41,1.0,Bills,6-4,15,0.0,,,0
2021,Week 11,FINAL,SUN,11/21,Lions,0-9-1,10,0.0,Browns,6-5,13,1.0,,,0
2021,Week 11,FINAL,SUN,11/21,49ers,5-5,30,1.0,Jaguars,2-8,10,0.0,,,0
2021,Week 11,FINAL,SUN,11/21,Texans,2-8,22,1.0,Titans,8-3,13,0.0,,,0
2021,Week 11,FINAL,SUN,11/21,Packers,8-3,31,0.0,Vikings,5-5,34,1.0,,,0
2021,Week 11,FINAL,SUN,11/21,Ravens,7-3,16,1.0,Bears,3-7,13,0.0,,,0
2021,Week 11,FINAL,SUN,11/21,Bengals,6-4,32,1.0,Raiders,5-5,13,0.0,,,0
2021,Week 11,FINAL,SUN,11/21,Cardinals,9-2,23,1.0,Seahawks,3-7,13,0.0,,,0
2021,Week 11,FINAL,SUN,11/21,Cowboys,7-3,9,0.0,Chiefs,7-4,19,1.0,,,0
2021,Week 11,FINAL,SUN,11/21,Steelers,5-4-1,37,0.0,Chargers,6-4,41,1.0,,,0
2021,Week 11,FINAL,MON,11/22,Giants,3-7,10,0.0,Buccaneers,7-3,30,1.0,,,0
2021,Week 11,BYE,,,Broncos,2-2,,,,,,,,,0
2021,Week 11,BYE,,,Rams,3-1,,,,,,,,,0
2021,Week 12,FINAL,THU,11/25,Bears,4-7,16,1.0,Lions,0-10-1,14,0.0,,,0
2021,Week 12,FINAL,THU,11/25,Raiders,6-5,36,1.0,Cowboys,7-4,33,0.0,,,0
2021,Week 12,FINAL,THU,11/25,Bills,7-4,31,1.0,Saints,5-6,6,0.0,,,0
2021,Week 12,FINAL,SUN,11/28,Buccaneers,8-3,38,1.0,Colts,6-6,31,0.0,,,0
2021,Week 12,FINAL,SUN,11/28,Jets,3-8,21,1.0,Texans,2-9,14,0.0,,,0
2021,Week 12,FINAL,SUN,11/28,Eagles,5-7,7,0.0,Giants,4-7,13,1.0,,,0
2021,Week 12,FINAL,SUN,11/28,Panthers,5-7,10,0.0,Dolphins,5-7,33,1.0,,,0
2021,Week 12,FINAL,SUN,11/28,Titans,8-4,13,0.0,Patriots,8-4,36,1.0,,,0
2021,Week 12,FINAL,SUN,11/28,Steelers,5-5-1,10,0.0,Bengals,7-4,41,1.0,,,0
2021,Week 12,FINAL,SUN,11/28,Falcons,5-6,21,1.0,Jaguars,2-9,14,0.0,,,0
2021,Week 12,FINAL,SUN,11/28,Chargers,6-5,13,0.0,Broncos,6-5,28,1.0,,,0
2021,Week 12,FINAL,SUN,11/28,Rams,7-4,28,0.0,Packers,9-3,36,1.0,,,0
2021,Week 12,FINAL,SUN,11/28,Vikings,5-6,26,0.0,49ers,6-5,34,1.0,,,0
2021,Week 12,FINAL,SUN,11/28,Browns,6-6,10,0.0,Ravens,8-3,16,1.0,,,0
2021,Week 12,FINAL,MON,11/29,Seahawks,3-8,15,0.0,Football Team,5-6,17,1.0,,,0
2021,Week 12,BYE,,,Cardinals,2-2,,,,,,,,,0
2021,Week 12,BYE,,,Chiefs,2-2,,,,,,,,,0
2021,Week 13,FINAL,THU,12/02,Cowboys,8-4,27,1.0,Saints,5-7,17,0.0,,,0
2021,Week 13,FINAL,SUN,12/05,Giants,4-8,9,0.0,Dolphins,6-7,20,1.0,,,0
2021,Week 13,FINAL,SUN,12/05,Colts,7-6,31,1.0,Texans,2-10,0,0.0,,,0
2021,Week 13,FINAL,SUN,12/05,Vikings,5-7,27,0.0,Lions,1-10-1,29,1.0,,,0
2021,Week 13,FINAL,SUN,12/05,Eagles,6-7,33,1.0,Jets,3-9,18,0.0,,,0
2021,Week 13,FINAL,SUN,12/05,Cardinals,10-2,33,1.0,Bears,4-8,22,0.0,,,0
2021,Week 13,FINAL,SUN,12/05,Chargers,7-5,41,1.0,Bengals,7-5,22,0.0,,,0
2021,Week 13,FINAL,SUN,12/05,Buccaneers,9-3,30,1.0,Falcons,5-7,17,0.0,,,0
2021,Week 13,FINAL,SUN,12/05,Jaguars,2-10,7,0.0,Rams,8-4,37,1.0,,,0
2021,Week 13,FINAL,SUN,12/05,Football Team,6-6,17,1.0,Raiders,6-6,15,0.0,,,0
2021,Week 13,FINAL,SUN,12/05,Ravens,8-4,19,0.0,Steelers,6-5-1,20,1.0,,,0
2021,Week 13,FINAL,SUN,12/05,49ers,6-6,23,0.0,Seahawks,4-8,30,1.0,,,0
2021,Week 13,FINAL,SUN,12/05,Broncos,6-6,9,0.0,Chiefs,8-4,22,1.0,,,0
2021,Week 13,FINAL,MON,12/06,Patriots,9-4,14,1.0,Bills,7-5,10,0.0,,,0
2021,Week 13,BYE,,,Titans,0-4,,,,,,,,,0
2021,Week 13,BYE,,,Panthers,1-3,,,,,,,,,0
2021,Week 13,BYE,,,Browns,1-3,,,,,,,,,0
2021,Week 13,BYE,,,Packers,2-1-1,,,,,,,,,0
2021,Week 14,FINAL,THU,12/09,Steelers,6-6-1,28,0.0,Vikings,6-7,36,1.0,,,0
2021,Week 14,FINAL,SUN,12/12,Cowboys,9-4,27,1.0,Football Team,6-7,20,0.0,,,0
2021,Week 14,FINAL,SUN,12/12,Jaguars,2-11,0,0.0,Titans,9-4,20,1.0,,,0
2021,Week 14,FINAL,SUN,12/12,Seahawks,5-8,33,1.0,Texans,2-11,13,0.0,,,0
2021,Week 14,FINAL,SUN,12/12,Raiders,6-7,9,0.0,Chiefs,9-4,48,1.0,,,0
2021,Week 14,FINAL,SUN,12/12,Saints,6-7,30,1.0,Jets,3-10,9,0.0,,,0
2021,Week 14,FINAL,SUN,12/12,Falcons,6-7,29,1.0,Panthers,5-8,21,0.0,,,0
2021,Week 14,FINAL,SUN,12/12,Ravens,8-5,22,0.0,Browns,7-6,24,1.0,,,0
2021,Week 14,FINAL,SUN,12/12,Giants,4-9,21,0.0,Chargers,8-5,37,1.0,,,0
2021,Week 14,FINAL,SUN,12/12,Lions,1-11-1,10,0.0,Broncos,7-6,38,1.0,,,0
2021,Week 14,FINAL,SUN,12/12,49ers,7-6,26,1.0,Bengals,7-6,23,0.0,,,0
2021,Week 14,FINAL,SUN,12/12,Bills,7-6,27,0.0,Buccaneers,10-3,33,1.0,,,0
2021,Week 14,FINAL,SUN,12/12,Bears,4-9,30,0.0,Packers,10-3,45,1.0,,,0
2021,Week 14,FINAL,MON,12/13,Rams,9-4,30,1.0,Cardinals,10-3,23,0.0,,,0
2021,Week 14,BYE,,,Colts,3-1,,,,,,,,,0
2021,Week 14,BYE,,,Patriots,2-2,,,,,,,,,0
2021,Week 14,BYE,,,Dolphins,1-3,,,,,,,,,0
2021,Week 14,BYE,,,Eagles,4-0,,,,,,,,,0
2021,Week 15,FINAL,THU,12/16,Chiefs,10-4,34,1.0,Chargers,8-6,28,0.0,,,0
2021,Week 15,FINAL,SAT,12/18,Patriots,9-5,17,0.0,Colts,8-6,27,1.0,,,0
2021,Week 15,FINAL,SUN,12/19,Cowboys,10-4,21,1.0,Giants,4-10,6,0.0,,,0
2021,Week 15,FINAL,SUN,12/19,Texans,3-11,30,1.0,Jaguars,2-12,16,0.0,,,0
2021,Week 15,FINAL,SUN,12/19,Titans,9-5,13,0.0,Steelers,7-6-1,19,1.0,,,0
2021,Week 15,FINAL,SUN,12/19,Jets,3-11,24,0.0,Dolphins,7-7,31,1.0,,,0
2021,Week 15,FINAL,SUN,12/19,Cardinals,10-4,12,0.0,Lions,2-11-1,30,1.0,,,0
2021,Week 15,FINAL,SUN,12/19,Panthers,5-9,14,0.0,Bills,8-6,31,1.0,,,0
2021,Week 15,FINAL,SUN,12/19,Bengals,8-6,15,1.0,Broncos,7-7,10,0.0,,,0
2021,Week 15,FINAL,SUN,12/19,Falcons,6-8,13,0.0,49ers,8-6,31,1.0,,,0
2021,Week 15,FINAL,SUN,12/19,Packers,11-3,31,1.0,Ravens,8-6,30,0.0,,,0
2021,Week 15,FINAL,SUN,12/19,Saints,7-7,9,1.0,Buccaneers,10-4,0,0.0,,,0
2021,Week 15,FINAL,MON,12/20,Raiders,7-7,16,1.0,Browns,7-7,14,0.0,,,0
2021,Week 15,FINAL,MON,12/20,Vikings,7-7,17,1.0,Bears,4-10,9,0.0,,,0
2021,Week 15,FINAL,TUE,12/21,Seahawks,5-9,10,0.0,Rams,10-4,20,1.0,,,0
2021,Week 15,FINAL,TUE,12/21,Football Team,6-8,17,0.0,Eagles,7-7,27,1.0,,,0
2021,Week 16,FINAL,THU,12/23,49ers,8-7,17,0.0,Titans,10-5,20,1.0,,,0
2021,Week 16,FINAL,SAT,12/25,Browns,7-8,22,0.0,Packers,12-3,24,1.0,,,0
2021,Week 16,FINAL,SAT,12/25,Colts,9-6,22,1.0,Cardinals,10-5,16,0.0,,,0
2021,Week 16,FINAL,SUN,12/26,Giants,4-11,10,0.0,Eagles,8-7,34,1.0,,,0
2021,Week 16,FINAL,SUN,12/26,Rams,11-4,30,1.0,Vikings,7-8,23,0.0,,,0
2021,Week 16,FINAL,SUN,12/26,Bills,9-6,33,1.0,Patriots,9-6,21,0.0,,,0
2021,Week 16,FINAL,SUN,12/26,Buccaneers,11-4,32,1.0,Panthers,5-10,6,0.0,,,0
2021,Week 16,FINAL,SUN,12/26,Jaguars,2-13,21,0.0,Jets,4-11,26,1.0,,,0
2021,Week 16,FINAL,SUN,12/26,Lions,2-12-1,16,0.0,Falcons,7-8,20,1.0,,,0
2021,Week 16,FINAL,SUN,12/26,Chargers,8-7,29,0.0,Texans,4-11,41,1.0,,,0
2021,Week 16,FINAL,SUN,12/26,Ravens,8-7,21,0.0,Bengals,9-6,41,1.0,,,0
2021,Week 16,FINAL,SUN,12/26,Bears,5-10,25,1.0,Seahawks,5-10,24,0.0,,,0
2021,Week 16,FINAL,SUN,12/26,Steelers,7-7-1,10,0.0,Chiefs,11-4,36,1.0,,,0
2021,Week 16,FINAL,SUN,12/26,Broncos,7-8,13,0.0,Raiders,8-7,17,1.0,,,0
2021,Week 16,FINAL,SUN,12/26,Football Team,6-9,14,0.0,Cowboys,11-4,56,1.0,,,0
2021,Week 16,FINAL,MON,12/27,Dolphins,8-7,20,1.0,Saints,7-8,3,0.0,,,0
2021,Week 17,FINAL,SUN,01/02,Eagles,9-7,20,1.0,Football Team,6-10,16,0.0,,,0
2021,Week 17,FINAL,SUN,01/02,Rams,12-4,20,1.0,Ravens,8-8,19,0.0,,,0
2021,Week 17,FINAL,SUN,01/02,Buccaneers,12-4,28,1.0,Jets,4-12,24,0.0,,,0
2021,Week 17,FINAL,SUN,01/02,Dolphins,8-8,3,0.0,Titans,11-5,34,1.0,,,0
2021,Week 17,FINAL,SUN,01/02,Jaguars,2-14,10,0.0,Patriots,10-6,50,1.0,,,0
2021,Week 17,FINAL,SUN,01/02,Raiders,9-7,23,1.0,Colts,9-7,20,0.0,,,0
2021,Week 17,FINAL,SUN,01/02,Chiefs,11-5,31,0.0,Bengals,10-6,34,1.0,,,0
2021,Week 17,FINAL,SUN,01/02,Giants,4-12,3,0.0,Bears,6-10,29,1.0,,,0
2021,Week 17,FINAL,SUN,01/02,Falcons,7-9,15,0.0,Bills,10-6,29,1.0,,,0
2021,Week 17,FINAL,SUN,01/02,Texans,4-12,7,0.0,49ers,9-7,23,1.0,,,0
2021,Week 17,FINAL,SUN,01/02,Broncos,7-9,13,0.0,Chargers,9-7,34,1.0,,,0
2021,Week 17,FINAL,SUN,01/02,Panthers,5-11,10,0.0,Saints,8-8,18,1.0,,,0
2021,Week 17,FINAL,SUN,01/02,Lions,2-13-1,29,0.0,Seahawks,6-10,51,1.0,,,0
2021,Week 17,FINAL,SUN,01/02,Cardinals,11-5,25,1.0,Cowboys,11-5,22,0.0,,,0
2021,Week 17,FINAL,SUN,01/02,Vikings,7-9,10,0.0,Packers,13-3,37,1.0,,,0
2021,Week 17,FINAL,MON,01/03,Browns,7-9,14,0.0,Steelers,8-7-1,26,1.0,,,0
2021,Week 18,FINAL,SAT,01/08,Chiefs,12-5,28,1.0,Broncos,7-10,24,0.0,,,0
2021,Week 18,FINAL,SAT,01/08,Cowboys,12-5,51,1.0,Eagles,9-8,26,0.0,,,0
2021,Week 18,FINAL,SUN,01/09,Packers,13-4,30,0.0,Lions,3-13-1,37,1.0,,,0
2021,Week 18,FINAL,SUN,01/09,Colts,9-8,11,0.0,Jaguars,3-14,26,1.0,,,0
2021,Week 18,FINAL,SUN,01/09,Football Team,7-10,22,1.0,Giants,4-13,7,0.0,,,0
2021,Week 18,FINAL,SUN,01/09,Bears,6-11,17,0.0,Vikings,8-9,31,1.0,,,0
2021,Week 18,FINAL,SUN,01/09,Titans,12-5,28,1.0,Texans,4-13,25,0.0,,,0
2021,Week 18,FINAL,SUN,01/09,Steelers,9-7-1,16,1.0,Ravens,8-9,13,0.0,,,0
2021,Week 18,FINAL,SUN,01/09,Bengals,10-7,16,0.0,Browns,8-9,21,1.0,,,0
2021,Week 18,FINAL,SUN,01/09,49ers,10-7,27,1.0,Rams,12-5,24,0.0,,,0
2021,Week 18,FINAL,SUN,01/09,Panthers,5-12,17,0.0,Buccaneers,13-4,41,1.0,,,0
2021,Week 18,FINAL,SUN,01/09,Seahawks,7-10,38,1.0,Cardinals,11-6,30,0.0,,,0
2021,Week 18,FINAL,SUN,01/09,Patriots,10-7,24,0.0,Dolphins,9-8,33,1.0,,,0
2021,Week 18,FINAL,SUN,01/09,Saints,9-8,30,1.0,Falcons,7-10,20,0.0,,,0
2021,Week 18,FINAL,SUN,01/09,Jets,4-13,10,0.0,Bills,11-6,27,1.0,,,0
2021,Week 18,FINAL,SUN,01/09,Chargers,9-8,32,0.0,Raiders,10-7,35,1.0,,,0
2021,Wild Card,FINAL,SAT,01/15,Raiders,10-7,19,0.0,Bengals,10-7,26,1.0,5,4,1
2021,Wild Card,FINAL,SAT,01/15,Patriots,10-7,17,0.0,Bills,11-6,47,1.0,6,3,1
2021,Wild Card,FINAL,SUN,01/16,Eagles,9-8,15,0.0,Buccaneers,13-4,31,1.0,7,2,1
2021,Wild Card,FINAL,SUN,01/16,49ers,10-7,23,1.0,Cowboys,12-5,17,0.0,6,3,1
2021,Wild Card,FINAL,SUN,01/16,Steelers,9-7-1,21,0.0,Chiefs,12-5,42,1.0,7,2,1
2021,Wild Card,FINAL,MON,01/17,Cardinals,11-6,11,0.0,Rams,12-5,34,1.0,5,4,1
2021,Divisional Playoffs,FINAL,SAT,01/22,Bengals,10-7,19,1.0,Titans,12-5,16,0.0,4,1,1
2021,Divisional Playoffs,FINAL,SAT,01/22,49ers,10-7,13,1.0,Packers,13-4,10,0.0,6,1,1
2021,Divisional Playoffs,FINAL,SUN,01/23,Rams,12-5,30,1.0,Buccaneers,13-4,27,0.0,4,2,1
2021,Divisional Playoffs,FINAL,SUN,01/23,Bills,11-6,36,0.0,Chiefs,12-5,42,1.0,3,2,1
2021,Conference Championships,FINAL,SUN,01/30,Bengals,10-7,27,1.0,Chiefs,12-5,24,0.0,4,2,1
2021,Conference Championships,FINAL,SUN,01/30,49ers,10-7,17,0.0,Rams,12-5,20,1.0,6,4,1
2021,Pro Bowl,FINAL,SUN,02/06,NFC Pro Bowl,,35,0.0,AFC Pro Bowl,,41,1.0,,,0
2021,Super Bowl,FINAL,SUN,02/13,Rams,12-5,23,1.0,Bengals,10-7,20,0.0,4,4,1
