Season,Week,GameStatus,Day,Date,AwayTeam,AwayRecord,AwayScore,AwayWin,HomeTeam,HomeRecord,HomeScore,HomeWin,AwaySeeding,HomeSeeding,PostSeason
2023,Hall Of Fame,FINAL,THU,08/03,Jets,0-1,16,0.0,Browns,1-0,21,1.0,,,0
2023,Preseason Week 1,FINAL,THU,08/10,Texans,1-0,20,1.0,Patriots,0-1,9,0.0,,,0
2023,Preseason Week 1,FINAL,THU,08/10,Vikings,0-1,13,0.0,Seahawks,1-0,24,1.0,,,0
2023,Preseason Week 1,FINAL,FRI,08/11,Giants,0-1,16,0.0,Lions,1-0,21,1.0,,,0
2023,Preseason Week 1,FINAL,FRI,08/11,Steelers,1-0,27,1.0,Buccaneers,0-1,17,0.0,,,0
2023,Preseason Week 1,FINAL,FRI,08/11,Packers,1-0,36,1.0,Bengals,0-1,19,0.0,,,0
2023,Preseason Week 1,FINAL,FRI,08/11,Falcons,1-0,19,1.0,Dolphins,0-1,3,0.0,,,0
2023,Preseason Week 1,FINAL,FRI,08/11,Commanders,1-0,17,1.0,Browns,1-1,15,0.0,,,0
2023,Preseason Week 1,FINAL,FRI,08/11,Broncos,0-1,17,0.0,Cardinals,1-0,18,1.0,,,0
2023,Preseason Week 1,FINAL,SAT,08/12,Titans,0-1,17,0.0,Bears,1-0,23,1.0,,,0
2023,Preseason Week 1,FINAL,SAT,08/12,Colts,0-1,19,0.0,Bills,1-0,23,1.0,,,0
2023,Preseason Week 1,FINAL,SAT,08/12,Jets,1-1,27,1.0,Panthers,0-1,0,0.0,,,0
2023,Preseason Week 1,FINAL,SAT,08/12,Jaguars,1-0,28,1.0,Cowboys,0-1,23,0.0,,,0
2023,Preseason Week 1,FINAL,SAT,08/12,Eagles,0-1,19,0.0,Ravens,1-0,20,1.0,,,0
2023,Preseason Week 1,FINAL,SAT,08/12,Chargers,1-0,34,1.0,Rams,0-1,17,0.0,,,0
2023,Preseason Week 1,FINAL,SUN,08/13,Chiefs,0-1,24,0.0,Saints,1-0,26,1.0,,,0
2023,Preseason Week 1,FINAL,SUN,08/13,49ers,0-1,7,0.0,Raiders,1-0,34,1.0,,,0
2023,Preseason Week 2,FINAL,THU,08/17,Browns,1-1-1,18,0.0,Eagles,0-1-1,18,0.0,,,0
2023,Preseason Week 2,FINAL,FRI,08/18,Panthers,0-2,19,0.0,Giants,1-1,21,1.0,,,0
2023,Preseason Week 2,FINAL,FRI,08/18,Bengals,0-1-1,13,0.0,Falcons,1-0-1,13,0.0,,,0
2023,Preseason Week 2,FINAL,SAT,08/19,Jaguars,2-0,25,1.0,Lions,1-1,7,0.0,,,0
2023,Preseason Week 2,FINAL,SAT,08/19,Dolphins,1-1,28,1.0,Texans,1-1,3,0.0,,,0
2023,Preseason Week 2,FINAL,SAT,08/19,Bills,1-1,15,0.0,Steelers,2-0,27,1.0,,,0
2023,Preseason Week 2,FINAL,SAT,08/19,Bears,1-1,17,0.0,Colts,1-1,24,1.0,,,0
2023,Preseason Week 2,FINAL,SAT,08/19,Buccaneers,1-1,13,1.0,Jets,1-2,6,0.0,,,0
2023,Preseason Week 2,FINAL,SAT,08/19,Patriots,1-1,21,1.0,Packers,1-1,17,0.0,,,0
2023,Preseason Week 2,FINAL,SAT,08/19,Titans,1-1,24,1.0,Vikings,0-2,16,0.0,,,0
2023,Preseason Week 2,FINAL,SAT,08/19,Chiefs,1-1,38,1.0,Cardinals,1-1,10,0.0,,,0
2023,Preseason Week 2,FINAL,SAT,08/19,Broncos,0-2,20,0.0,49ers,1-1,21,1.0,,,0
2023,Preseason Week 2,FINAL,SAT,08/19,Raiders,2-0,34,1.0,Rams,0-2,17,0.0,,,0
2023,Preseason Week 2,FINAL,SAT,08/19,Cowboys,0-2,14,0.0,Seahawks,2-0,22,1.0,,,0
2023,Preseason Week 2,FINAL,SUN,08/20,Saints,2-0,22,1.0,Chargers,1-1,17,0.0,,,0
2023,Preseason Week 2,FINAL,MON,08/21,Ravens,1-1,28,0.0,Commanders,2-0,29,1.0,,,0
2023,Preseason Week 3,FINAL,THU,08/24,Steelers,3-0,24,1.0,Falcons,1-1-1,0,0.0,,,0
2023,Preseason Week 3,FINAL,THU,08/24,Colts,2-1,27,1.0,Eagles,0-2-1,13,0.0,,,0
2023,Preseason Week 3,FINAL,FRI,08/25,Lions,2-1,26,1.0,Panthers,0-3,17,0.0,,,0
2023,Preseason Week 3,FINAL,FRI,08/25,Patriots,1-2,7,0.0,Titans,2-1,23,1.0,,,0
2023,Preseason Week 3,FINAL,FRI,08/25,Chargers,2-1,23,1.0,49ers,1-2,12,0.0,,,0
2023,Preseason Week 3,FINAL,SAT,08/26,Seahawks,2-1,15,0.0,Packers,2-1,19,1.0,,,0
2023,Preseason Week 3,FINAL,SAT,08/26,Cardinals,2-1,18,1.0,Vikings,0-3,17,0.0,,,0
2023,Preseason Week 3,FINAL,SAT,08/26,Browns,1-2-1,32,0.0,Chiefs,2-1,33,1.0,,,0
2023,Preseason Week 3,FINAL,SAT,08/26,Bills,2-1,24,1.0,Bears,1-2,21,0.0,,,0
2023,Preseason Week 3,FINAL,SAT,08/26,Jets,2-2,32,1.0,Giants,1-2,24,0.0,,,0
2023,Preseason Week 3,FINAL,SAT,08/26,Bengals,0-2-1,19,0.0,Commanders,3-0,21,1.0,,,0
2023,Preseason Week 3,FINAL,SAT,08/26,Ravens,1-2,20,0.0,Buccaneers,2-1,26,1.0,,,0
2023,Preseason Week 3,FINAL,SAT,08/26,Dolphins,1-2,18,0.0,Jaguars,3-0,31,1.0,,,0
2023,Preseason Week 3,FINAL,SAT,08/26,Raiders,2-1,16,0.0,Cowboys,1-2,31,1.0,,,0
2023,Preseason Week 3,FINAL,SAT,08/26,Rams,0-3,0,0.0,Broncos,1-2,41,1.0,,,0
2023,Preseason Week 3,FINAL,SUN,08/27,Texans,2-1,17,1.0,Saints,2-1,13,0.0,,,0
2023,Week 1,FINAL,THU,09/07,Lions,1-0,21,1.0,Chiefs,0-1,20,0.0,,,0
2023,Week 1,FINAL,SUN,09/10,Panthers,0-1,10,0.0,Falcons,1-0,24,1.0,,,0
2023,Week 1,FINAL,SUN,09/10,Texans,0-1,9,0.0,Ravens,1-0,25,1.0,,,0
2023,Week 1,FINAL,SUN,09/10,Bengals,0-1,3,0.0,Browns,1-0,24,1.0,,,0
2023,Week 1,FINAL,SUN,09/10,Jaguars,1-0,31,1.0,Colts,0-1,21,0.0,,,0
2023,Week 1,FINAL,SUN,09/10,Buccaneers,1-0,20,1.0,Vikings,0-1,17,0.0,,,0
2023,Week 1,FINAL,SUN,09/10,Titans,0-1,15,0.0,Saints,1-0,16,1.0,,,0
2023,Week 1,FINAL,SUN,09/10,49ers,1-0,30,1.0,Steelers,0-1,7,0.0,,,0
2023,Week 1,FINAL,SUN,09/10,Cardinals,0-1,16,0.0,Commanders,1-0,20,1.0,,,0
2023,Week 1,FINAL,SUN,09/10,Packers,1-0,38,1.0,Bears,0-1,20,0.0,,,0
2023,Week 1,FINAL,SUN,09/10,Raiders,1-0,17,1.0,Broncos,0-1,16,0.0,,,0
2023,Week 1,FINAL,SUN,09/10,Dolphins,1-0,36,1.0,Chargers,0-1,34,0.0,,,0
2023,Week 1,FINAL,SUN,09/10,Eagles,1-0,25,1.0,Patriots,0-1,20,0.0,,,0
2023,Week 1,FINAL,SUN,09/10,Rams,1-0,30,1.0,Seahawks,0-1,13,0.0,,,0
2023,Week 1,FINAL,SUN,09/10,Cowboys,1-0,40,1.0,Giants,0-1,0,0.0,,,0
2023,Week 1,FINAL,MON,09/11,Bills,0-1,16,0.0,Jets,1-0,22,1.0,,,0
2023,Week 2,FINAL,THU,09/14,Vikings,0-2,28,0.0,Eagles,2-0,34,1.0,,,0
2023,Week 2,FINAL,SUN,09/17,Packers,1-1,24,0.0,Falcons,2-0,25,1.0,,,0
2023,Week 2,FINAL,SUN,09/17,Raiders,1-1,10,0.0,Bills,1-1,38,1.0,,,0
2023,Week 2,FINAL,SUN,09/17,Ravens,2-0,27,1.0,Bengals,0-2,24,0.0,,,0
2023,Week 2,FINAL,SUN,09/17,Seahawks,1-1,37,1.0,Lions,1-1,31,0.0,,,0
2023,Week 2,FINAL,SUN,09/17,Colts,1-1,31,1.0,Texans,0-2,20,0.0,,,0
2023,Week 2,FINAL,SUN,09/17,Chiefs,1-1,17,1.0,Jaguars,1-1,9,0.0,,,0
2023,Week 2,FINAL,SUN,09/17,Bears,0-2,17,0.0,Buccaneers,2-0,27,1.0,,,0
2023,Week 2,FINAL,SUN,09/17,Chargers,0-2,24,0.0,Titans,1-1,27,1.0,,,0
2023,Week 2,FINAL,SUN,09/17,Giants,1-1,31,1.0,Cardinals,0-2,28,0.0,,,0
2023,Week 2,FINAL,SUN,09/17,49ers,2-0,30,1.0,Rams,1-1,23,0.0,,,0
2023,Week 2,FINAL,SUN,09/17,Jets,1-1,10,0.0,Cowboys,2-0,30,1.0,,,0
2023,Week 2,FINAL,SUN,09/17,Commanders,2-0,35,1.0,Broncos,0-2,33,0.0,,,0
2023,Week 2,FINAL,SUN,09/17,Dolphins,2-0,24,1.0,Patriots,0-2,17,0.0,,,0
2023,Week 2,FINAL,MON,09/18,Saints,2-0,20,1.0,Panthers,0-2,17,0.0,,,0
2023,Week 2,FINAL,MON,09/18,Browns,1-1,22,0.0,Steelers,1-1,26,1.0,,,0
2023,Week 3,FINAL,THU,09/21,Giants,1-2,12,0.0,49ers,3-0,30,1.0,,,0
2023,Week 3,FINAL,SUN,09/24,Colts,2-1,22,1.0,Ravens,2-1,19,0.0,,,0
2023,Week 3,FINAL,SUN,09/24,Titans,1-2,3,0.0,Browns,2-1,27,1.0,,,0
2023,Week 3,FINAL,SUN,09/24,Falcons,2-1,6,0.0,Lions,2-1,20,1.0,,,0
2023,Week 3,FINAL,SUN,09/24,Saints,2-1,17,0.0,Packers,2-1,18,1.0,,,0
2023,Week 3,FINAL,SUN,09/24,Texans,1-2,37,1.0,Jaguars,1-2,17,0.0,,,0
2023,Week 3,FINAL,SUN,09/24,Broncos,0-3,20,0.0,Dolphins,3-0,70,1.0,,,0
2023,Week 3,FINAL,SUN,09/24,Chargers,1-2,28,1.0,Vikings,0-3,24,0.0,,,0
2023,Week 3,FINAL,SUN,09/24,Patriots,1-2,15,1.0,Jets,1-2,10,0.0,,,0
2023,Week 3,FINAL,SUN,09/24,Bills,2-1,37,1.0,Commanders,2-1,3,0.0,,,0
2023,Week 3,FINAL,SUN,09/24,Panthers,0-3,27,0.0,Seahawks,2-1,37,1.0,,,0
2023,Week 3,FINAL,SUN,09/24,Cowboys,2-1,16,0.0,Cardinals,1-2,28,1.0,,,0
2023,Week 3,FINAL,SUN,09/24,Bears,0-3,10,0.0,Chiefs,2-1,41,1.0,,,0
2023,Week 3,FINAL,SUN,09/24,Steelers,2-1,23,1.0,Raiders,1-2,18,0.0,,,0
2023,Week 3,FINAL,MON,09/25,Eagles,3-0,25,1.0,Buccaneers,2-1,11,0.0,,,0
2023,Week 3,FINAL,MON,09/25,Rams,1-2,16,0.0,Bengals,1-2,19,1.0,,,0
2023,Week 4,FINAL,THU,09/28,Lions,3-1,34,1.0,Packers,2-2,20,0.0,,,0
2023,Week 4,FINAL,SUN,10/01,Falcons,2-2,7,0.0,Jaguars,2-2,23,1.0,,,0
2023,Week 4,FINAL,SUN,10/01,Dolphins,3-1,20,0.0,Bills,3-1,48,1.0,,,0
2023,Week 4,FINAL,SUN,10/01,Vikings,1-3,21,1.0,Panthers,0-4,13,0.0,,,0
2023,Week 4,FINAL,SUN,10/01,Broncos,1-3,31,1.0,Bears,0-4,28,0.0,,,0
2023,Week 4,FINAL,SUN,10/01,Ravens,3-1,28,1.0,Browns,2-2,3,0.0,,,0
2023,Week 4,FINAL,SUN,10/01,Steelers,2-2,6,0.0,Texans,2-2,30,1.0,,,0
2023,Week 4,FINAL,SUN,10/01,Rams,2-2,29,1.0,Colts,2-2,23,0.0,,,0
2023,Week 4,FINAL,SUN,10/01,Buccaneers,3-1,26,1.0,Saints,2-2,9,0.0,,,0
2023,Week 4,FINAL,SUN,10/01,Commanders,2-2,31,0.0,Eagles,4-0,34,1.0,,,0
2023,Week 4,FINAL,SUN,10/01,Bengals,1-3,3,0.0,Titans,2-2,27,1.0,,,0
2023,Week 4,FINAL,SUN,10/01,Raiders,1-3,17,0.0,Chargers,2-2,24,1.0,,,0
2023,Week 4,FINAL,SUN,10/01,Patriots,1-3,3,0.0,Cowboys,3-1,38,1.0,,,0
2023,Week 4,FINAL,SUN,10/01,Cardinals,1-3,16,0.0,49ers,4-0,35,1.0,,,0
2023,Week 4,FINAL,SUN,10/01,Chiefs,3-1,23,1.0,Jets,1-3,20,0.0,,,0
2023,Week 4,FINAL,MON,10/02,Seahawks,3-1,24,1.0,Giants,1-3,3,0.0,,,0
2023,Week 5,FINAL,THU,10/05,Bears,1-4,40,1.0,Commanders,2-3,20,0.0,,,0
2023,Week 5,FINAL,SUN,10/08,Jaguars,3-2,25,1.0,Bills,3-2,20,0.0,,,0
2023,Week 5,FINAL,SUN,10/08,Texans,2-3,19,0.0,Falcons,3-2,21,1.0,,,0
2023,Week 5,FINAL,SUN,10/08,Panthers,0-5,24,0.0,Lions,4-1,42,1.0,,,0
2023,Week 5,FINAL,SUN,10/08,Titans,2-3,16,0.0,Colts,3-2,23,1.0,,,0
2023,Week 5,FINAL,SUN,10/08,Giants,1-4,16,0.0,Dolphins,4-1,31,1.0,,,0
2023,Week 5,FINAL,SUN,10/08,Saints,3-2,34,1.0,Patriots,1-4,0,0.0,,,0
2023,Week 5,FINAL,SUN,10/08,Ravens,3-2,10,0.0,Steelers,3-2,17,1.0,,,0
2023,Week 5,FINAL,SUN,10/08,Bengals,2-3,34,1.0,Cardinals,1-4,20,0.0,,,0
2023,Week 5,FINAL,SUN,10/08,Eagles,5-0,23,1.0,Rams,2-3,14,0.0,,,0
2023,Week 5,FINAL,SUN,10/08,Jets,2-3,31,1.0,Broncos,1-4,21,0.0,,,0
2023,Week 5,FINAL,SUN,10/08,Chiefs,4-1,27,1.0,Vikings,1-4,20,0.0,,,0
2023,Week 5,FINAL,SUN,10/08,Cowboys,3-2,10,0.0,49ers,5-0,42,1.0,,,0
2023,Week 5,FINAL,MON,10/09,Packers,2-3,13,0.0,Raiders,2-3,17,1.0,,,0
2023,Week 5,BYE,,,Seahawks,3-1,,,,,,,,,0
2023,Week 5,BYE,,,Browns,1-3,,,,,,,,,0
2023,Week 5,BYE,,,Buccaneers,3-1,,,,,,,,,0
2023,Week 5,BYE,,,Chargers,3-1,,,,,,,,,0
2023,Week 6,FINAL,THU,10/12,Broncos,1-5,8,0.0,Chiefs,5-1,19,1.0,,,0
2023,Week 6,FINAL,SUN,10/15,Ravens,4-2,24,1.0,Titans,2-4,16,0.0,,,0
2023,Week 6,FINAL,SUN,10/15,Commanders,3-3,24,1.0,Falcons,3-3,16,0.0,,,0
2023,Week 6,FINAL,SUN,10/15,Vikings,2-4,19,1.0,Bears,1-5,13,0.0,,,0
2023,Week 6,FINAL,SUN,10/15,Seahawks,3-2,13,0.0,Bengals,3-3,17,1.0,,,0
2023,Week 6,FINAL,SUN,10/15,49ers,5-1,17,0.0,Browns,3-2,19,1.0,,,0
2023,Week 6,FINAL,SUN,10/15,Saints,3-3,13,0.0,Texans,3-3,20,1.0,,,0
2023,Week 6,FINAL,SUN,10/15,Colts,3-3,20,0.0,Jaguars,4-2,37,1.0,,,0
2023,Week 6,FINAL,SUN,10/15,Panthers,0-6,21,0.0,Dolphins,5-1,42,1.0,,,0
2023,Week 6,FINAL,SUN,10/15,Patriots,1-5,17,0.0,Raiders,3-3,21,1.0,,,0
2023,Week 6,FINAL,SUN,10/15,Lions,5-1,20,1.0,Buccaneers,3-2,6,0.0,,,0
2023,Week 6,FINAL,SUN,10/15,Cardinals,1-5,9,0.0,Rams,3-3,26,1.0,,,0
2023,Week 6,FINAL,SUN,10/15,Eagles,5-1,14,0.0,Jets,3-3,20,1.0,,,0
2023,Week 6,FINAL,SUN,10/15,Giants,1-5,9,0.0,Bills,4-2,14,1.0,,,0
2023,Week 6,FINAL,MON,10/16,Cowboys,4-2,20,1.0,Chargers,2-3,17,0.0,,,0
2023,Week 6,BYE,,,Steelers,3-1,,,,,,,,,0
2023,Week 6,BYE,,,Packers,2-1-1,,,,,,,,,0
2023,Week 7,FINAL,THU,10/19,Jaguars,5-2,31,1.0,Saints,3-4,24,0.0,,,0
2023,Week 7,FINAL,SUN,10/22,Lions,5-2,6,0.0,Ravens,5-2,38,1.0,,,0
2023,Week 7,FINAL,SUN,10/22,Raiders,3-4,12,0.0,Bears,2-5,30,1.0,,,0
2023,Week 7,FINAL,SUN,10/22,Browns,4-2,39,1.0,Colts,3-4,38,0.0,,,0
2023,Week 7,FINAL,SUN,10/22,Bills,4-3,25,0.0,Patriots,2-5,29,1.0,,,0
2023,Week 7,FINAL,SUN,10/22,Commanders,3-4,7,0.0,Giants,2-5,14,1.0,,,0
2023,Week 7,FINAL,SUN,10/22,Falcons,4-3,16,1.0,Buccaneers,3-3,13,0.0,,,0
2023,Week 7,FINAL,SUN,10/22,Steelers,4-2,24,1.0,Rams,3-4,17,0.0,,,0
2023,Week 7,FINAL,SUN,10/22,Cardinals,1-6,10,0.0,Seahawks,4-2,20,1.0,,,0
2023,Week 7,FINAL,SUN,10/22,Packers,2-4,17,0.0,Broncos,2-5,19,1.0,,,0
2023,Week 7,FINAL,SUN,10/22,Chargers,2-4,17,0.0,Chiefs,6-1,31,1.0,,,0
2023,Week 7,FINAL,SUN,10/22,Dolphins,5-2,17,0.0,Eagles,6-1,31,1.0,,,0
2023,Week 7,FINAL,MON,10/23,49ers,5-2,17,0.0,Vikings,3-4,22,1.0,,,0
2023,Week 7,BYE,,,Panthers,1-3,,,,,,,,,0
2023,Week 7,BYE,,,Texans,1-3,,,,,,,,,0
2023,Week 7,BYE,,,Cowboys,1-2-1,,,,,,,,,0
2023,Week 7,BYE,,,Jets,0-4,,,,,,,,,0
2023,Week 7,BYE,,,Titans,0-4,,,,,,,,,0
2023,Week 7,BYE,,,Bengals,2-2,,,,,,,,,0
2023,Week 8,FINAL,THU,10/26,Buccaneers,3-4,18,0.0,Bills,5-3,24,1.0,,,0
2023,Week 8,FINAL,SUN,10/29,Texans,3-4,13,0.0,Panthers,1-6,15,1.0,,,0
2023,Week 8,FINAL,SUN,10/29,Rams,3-5,20,0.0,Cowboys,5-2,43,1.0,,,0
2023,Week 8,FINAL,SUN,10/29,Vikings,4-4,24,1.0,Packers,2-5,10,0.0,,,0
2023,Week 8,FINAL,SUN,10/29,Saints,4-4,38,1.0,Colts,3-5,27,0.0,,,0
2023,Week 8,FINAL,SUN,10/29,Patriots,2-6,17,0.0,Dolphins,6-2,31,1.0,,,0
2023,Week 8,FINAL,SUN,10/29,Jets,4-3,13,1.0,Giants,2-6,10,0.0,,,0
2023,Week 8,FINAL,SUN,10/29,Jaguars,6-2,20,1.0,Steelers,4-3,10,0.0,,,0
2023,Week 8,FINAL,SUN,10/29,Falcons,4-4,23,0.0,Titans,3-4,28,1.0,,,0
2023,Week 8,FINAL,SUN,10/29,Eagles,7-1,38,1.0,Commanders,3-5,31,0.0,,,0
2023,Week 8,FINAL,SUN,10/29,Browns,4-3,20,0.0,Seahawks,5-2,24,1.0,,,0
2023,Week 8,FINAL,SUN,10/29,Ravens,6-2,31,1.0,Cardinals,1-7,24,0.0,,,0
2023,Week 8,FINAL,SUN,10/29,Chiefs,6-2,9,0.0,Broncos,3-5,24,1.0,,,0
2023,Week 8,FINAL,SUN,10/29,Bengals,4-3,31,1.0,49ers,5-3,17,0.0,,,0
2023,Week 8,FINAL,SUN,10/29,Bears,2-6,13,0.0,Chargers,3-4,30,1.0,,,0
2023,Week 8,FINAL,MON,10/30,Raiders,3-5,14,0.0,Lions,6-2,26,1.0,,,0
2023,Week 9,FINAL,THU,11/02,Titans,3-5,16,0.0,Steelers,5-3,20,1.0,,,0
2023,Week 9,FINAL,SUN,11/05,Dolphins,6-3,14,0.0,Chiefs,7-2,21,1.0,,,0
2023,Week 9,FINAL,SUN,11/05,Vikings,5-4,31,1.0,Falcons,4-5,28,0.0,,,0
2023,Week 9,FINAL,SUN,11/05,Seahawks,5-3,3,0.0,Ravens,7-2,37,1.0,,,0
2023,Week 9,FINAL,SUN,11/05,Cardinals,1-8,0,0.0,Browns,5-3,27,1.0,,,0
2023,Week 9,FINAL,SUN,11/05,Rams,3-6,3,0.0,Packers,3-5,20,1.0,,,0
2023,Week 9,FINAL,SUN,11/05,Buccaneers,3-5,37,0.0,Texans,4-4,39,1.0,,,0
2023,Week 9,FINAL,SUN,11/05,Commanders,4-5,20,1.0,Patriots,2-7,17,0.0,,,0
2023,Week 9,FINAL,SUN,11/05,Bears,2-7,17,0.0,Saints,5-4,24,1.0,,,0
2023,Week 9,FINAL,SUN,11/05,Colts,4-5,27,1.0,Panthers,1-7,13,0.0,,,0
2023,Week 9,FINAL,SUN,11/05,Giants,2-7,6,0.0,Raiders,4-5,30,1.0,,,0
2023,Week 9,FINAL,SUN,11/05,Cowboys,5-3,23,0.0,Eagles,8-1,28,1.0,,,0
2023,Week 9,FINAL,SUN,11/05,Bills,5-4,18,0.0,Bengals,5-3,24,1.0,,,0
2023,Week 9,FINAL,MON,11/06,Chargers,4-4,27,1.0,Jets,4-4,6,0.0,,,0
2023,Week 9,BYE,,,Jaguars,3-1,,,,,,,,,0
2023,Week 9,BYE,,,49ers,3-1,,,,,,,,,0
2023,Week 9,BYE,,,Lions,3-1,,,,,,,,,0
2023,Week 9,BYE,,,Broncos,2-2,,,,,,,,,0
2023,Week 10,FINAL,THU,11/09,Panthers,1-8,13,0.0,Bears,3-7,16,1.0,,,0
2023,Week 10,FINAL,SUN,11/12,Colts,5-5,10,1.0,Patriots,2-8,6,0.0,,,0
2023,Week 10,FINAL,SUN,11/12,Browns,6-3,33,1.0,Ravens,7-3,31,0.0,,,0
2023,Week 10,FINAL,SUN,11/12,Texans,5-4,30,1.0,Bengals,5-4,27,0.0,,,0
2023,Week 10,FINAL,SUN,11/12,49ers,6-3,34,1.0,Jaguars,6-3,3,0.0,,,0
2023,Week 10,FINAL,SUN,11/12,Saints,5-5,19,0.0,Vikings,6-4,27,1.0,,,0
2023,Week 10,FINAL,SUN,11/12,Packers,3-6,19,0.0,Steelers,6-3,23,1.0,,,0
2023,Week 10,FINAL,SUN,11/12,Titans,3-6,6,0.0,Buccaneers,4-5,20,1.0,,,0
2023,Week 10,FINAL,SUN,11/12,Falcons,4-6,23,0.0,Cardinals,2-8,25,1.0,,,0
2023,Week 10,FINAL,SUN,11/12,Lions,7-2,41,1.0,Chargers,4-5,38,0.0,,,0
2023,Week 10,FINAL,SUN,11/12,Giants,2-8,17,0.0,Cowboys,6-3,49,1.0,,,0
2023,Week 10,FINAL,SUN,11/12,Commanders,4-6,26,0.0,Seahawks,6-3,29,1.0,,,0
2023,Week 10,FINAL,SUN,11/12,Jets,4-5,12,0.0,Raiders,5-5,16,1.0,,,0
2023,Week 10,FINAL,MON,11/13,Broncos,4-5,24,1.0,Bills,5-5,22,0.0,,,0
2023,Week 10,BYE,,,Dolphins,1-3,,,,,,,,,0
2023,Week 10,BYE,,,Rams,3-1,,,,,,,,,0
2023,Week 10,BYE,,,Chiefs,2-2,,,,,,,,,0
2023,Week 10,BYE,,,Eagles,4-0,,,,,,,,,0
2023,Week 11,FINAL,THU,11/16,Bengals,5-5,20,0.0,Ravens,8-3,34,1.0,,,0
2023,Week 11,FINAL,SUN,11/19,Cowboys,7-3,33,1.0,Panthers,1-9,10,0.0,,,0
2023,Week 11,FINAL,SUN,11/19,Steelers,6-4,10,0.0,Browns,7-3,13,1.0,,,0
2023,Week 11,FINAL,SUN,11/19,Bears,3-8,26,0.0,Lions,8-2,31,1.0,,,0
2023,Week 11,FINAL,SUN,11/19,Chargers,4-6,20,0.0,Packers,4-6,23,1.0,,,0
2023,Week 11,FINAL,SUN,11/19,Cardinals,2-9,16,0.0,Texans,6-4,21,1.0,,,0
2023,Week 11,FINAL,SUN,11/19,Titans,3-7,14,0.0,Jaguars,7-3,34,1.0,,,0
2023,Week 11,FINAL,SUN,11/19,Raiders,5-6,13,0.0,Dolphins,7-3,20,1.0,,,0
2023,Week 11,FINAL,SUN,11/19,Giants,3-8,31,1.0,Commanders,4-7,19,0.0,,,0
2023,Week 11,FINAL,SUN,11/19,Buccaneers,4-6,14,0.0,49ers,7-3,27,1.0,,,0
2023,Week 11,FINAL,SUN,11/19,Jets,4-6,6,0.0,Bills,6-5,32,1.0,,,0
2023,Week 11,FINAL,SUN,11/19,Seahawks,6-4,16,0.0,Rams,4-6,17,1.0,,,0
2023,Week 11,FINAL,SUN,11/19,Vikings,6-5,20,0.0,Broncos,5-5,21,1.0,,,0
2023,Week 11,FINAL,MON,11/20,Eagles,9-1,21,1.0,Chiefs,7-3,17,0.0,,,0
2023,Week 11,BYE,,,Falcons,2-2,,,,,,,,,0
2023,Week 11,BYE,,,Saints,0-4,,,,,,,,,0
2023,Week 11,BYE,,,Colts,3-1,,,,,,,,,0
2023,Week 11,BYE,,,Patriots,2-2,,,,,,,,,0
2023,Week 12,FINAL,THU,11/23,Packers,5-6,29,1.0,Lions,8-3,22,0.0,,,0
2023,Week 12,FINAL,THU,11/23,Commanders,4-8,10,0.0,Cowboys,8-3,45,1.0,,,0
2023,Week 12,FINAL,THU,11/23,49ers,8-3,31,1.0,Seahawks,6-5,13,0.0,,,0
2023,Week 12,FINAL,FRI,11/24,Dolphins,8-3,34,1.0,Jets,4-7,13,0.0,,,0
2023,Week 12,FINAL,SUN,11/26,Saints,5-6,15,0.0,Falcons,5-6,24,1.0,,,0
2023,Week 12,FINAL,SUN,11/26,Steelers,7-4,16,1.0,Bengals,5-6,10,0.0,,,0
2023,Week 12,FINAL,SUN,11/26,Jaguars,8-3,24,1.0,Texans,6-5,21,0.0,,,0
2023,Week 12,FINAL,SUN,11/26,Buccaneers,4-7,20,0.0,Colts,6-5,27,1.0,,,0
2023,Week 12,FINAL,SUN,11/26,Patriots,2-9,7,0.0,Giants,4-8,10,1.0,,,0
2023,Week 12,FINAL,SUN,11/26,Panthers,1-10,10,0.0,Titans,4-7,17,1.0,,,0
2023,Week 12,FINAL,SUN,11/26,Rams,5-6,37,1.0,Cardinals,2-10,14,0.0,,,0
2023,Week 12,FINAL,SUN,11/26,Browns,7-4,12,0.0,Broncos,6-5,29,1.0,,,0
2023,Week 12,FINAL,SUN,11/26,Chiefs,8-3,31,1.0,Raiders,5-7,17,0.0,,,0
2023,Week 12,FINAL,SUN,11/26,Bills,6-6,34,0.0,Eagles,10-1,37,1.0,,,0
2023,Week 12,FINAL,SUN,11/26,Ravens,9-3,20,1.0,Chargers,4-7,10,0.0,,,0
2023,Week 12,FINAL,MON,11/27,Bears,4-8,12,1.0,Vikings,6-6,10,0.0,,,0
2023,Week 13,FINAL,THU,11/30,Seahawks,6-6,35,0.0,Cowboys,9-3,41,1.0,,,0
2023,Week 13,FINAL,SUN,12/03,Chargers,5-7,6,1.0,Patriots,2-10,0,0.0,,,0
2023,Week 13,FINAL,SUN,12/03,Lions,9-3,33,1.0,Saints,5-7,28,0.0,,,0
2023,Week 13,FINAL,SUN,12/03,Falcons,6-6,13,1.0,Jets,4-8,8,0.0,,,0
2023,Week 13,FINAL,SUN,12/03,Cardinals,3-10,24,1.0,Steelers,7-5,10,0.0,,,0
2023,Week 13,FINAL,SUN,12/03,Colts,7-5,31,1.0,Titans,4-8,28,0.0,,,0
2023,Week 13,FINAL,SUN,12/03,Dolphins,9-3,45,1.0,Commanders,4-9,15,0.0,,,0
2023,Week 13,FINAL,SUN,12/03,Broncos,6-6,17,0.0,Texans,7-5,22,1.0,,,0
2023,Week 13,FINAL,SUN,12/03,Panthers,1-11,18,0.0,Buccaneers,5-7,21,1.0,,,0
2023,Week 13,FINAL,SUN,12/03,Browns,7-5,19,0.0,Rams,6-6,36,1.0,,,0
2023,Week 13,FINAL,SUN,12/03,49ers,9-3,42,1.0,Eagles,10-2,19,0.0,,,0
2023,Week 13,FINAL,SUN,12/03,Chiefs,8-4,19,0.0,Packers,6-6,27,1.0,,,0
2023,Week 13,FINAL,MON,12/04,Bengals,6-6,34,1.0,Jaguars,8-4,31,0.0,,,0
2023,Week 13,BYE,,,Ravens,1-3,,,,,,,,,0
2023,Week 13,BYE,,,Bears,2-2,,,,,,,,,0
2023,Week 13,BYE,,,Raiders,1-3,,,,,,,,,0
2023,Week 13,BYE,,,Vikings,2-2,,,,,,,,,0
2023,Week 13,BYE,,,Bills,4-0,,,,,,,,,0
2023,Week 13,BYE,,,Giants,1-3,,,,,,,,,0
2023,Week 14,FINAL,THU,12/07,Patriots,3-10,21,1.0,Steelers,7-6,18,0.0,,,0
2023,Week 14,FINAL,SUN,12/10,Buccaneers,6-7,29,1.0,Falcons,6-7,25,0.0,,,0
2023,Week 14,FINAL,SUN,12/10,Rams,6-7,31,0.0,Ravens,10-3,37,1.0,,,0
2023,Week 14,FINAL,SUN,12/10,Lions,9-4,13,0.0,Bears,5-8,28,1.0,,,0
2023,Week 14,FINAL,SUN,12/10,Colts,7-6,14,0.0,Bengals,7-6,34,1.0,,,0
2023,Week 14,FINAL,SUN,12/10,Jaguars,8-5,27,0.0,Browns,8-5,31,1.0,,,0
2023,Week 14,FINAL,SUN,12/10,Panthers,1-12,6,0.0,Saints,6-7,28,1.0,,,0
2023,Week 14,FINAL,SUN,12/10,Texans,7-6,6,0.0,Jets,5-8,30,1.0,,,0
2023,Week 14,FINAL,SUN,12/10,Vikings,7-6,3,1.0,Raiders,5-8,0,0.0,,,0
2023,Week 14,FINAL,SUN,12/10,Seahawks,6-7,16,0.0,49ers,10-3,28,1.0,,,0
2023,Week 14,FINAL,SUN,12/10,Bills,7-6,20,1.0,Chiefs,8-5,17,0.0,,,0
2023,Week 14,FINAL,SUN,12/10,Broncos,7-6,24,1.0,Chargers,5-8,7,0.0,,,0
2023,Week 14,FINAL,SUN,12/10,Eagles,10-3,13,0.0,Cowboys,10-3,33,1.0,,,0
2023,Week 14,FINAL,MON,12/11,Titans,5-8,28,1.0,Dolphins,9-4,27,0.0,,,0
2023,Week 14,FINAL,MON,12/11,Packers,6-7,22,0.0,Giants,5-8,24,1.0,,,0
2023,Week 14,BYE,,,Cardinals,2-2,,,,,,,,,0
2023,Week 14,BYE,,,Commanders,2-2,,,,,,,,,0
2023,Week 15,FINAL,THU,12/14,Chargers,5-9,21,0.0,Raiders,6-8,63,1.0,,,0
2023,Week 15,FINAL,SAT,12/16,Vikings,7-7,24,0.0,Bengals,8-6,27,1.0,,,0
2023,Week 15,FINAL,SAT,12/16,Steelers,7-7,13,0.0,Colts,8-6,30,1.0,,,0
2023,Week 15,FINAL,SAT,12/16,Broncos,7-7,17,0.0,Lions,10-4,42,1.0,,,0
2023,Week 15,FINAL,SUN,12/17,Falcons,6-8,7,0.0,Panthers,2-12,9,1.0,,,0
2023,Week 15,FINAL,SUN,12/17,Bears,5-9,17,0.0,Browns,9-5,20,1.0,,,0
2023,Week 15,FINAL,SUN,12/17,Buccaneers,7-7,34,1.0,Packers,6-8,20,0.0,,,0
2023,Week 15,FINAL,SUN,12/17,Jets,5-9,0,0.0,Dolphins,10-4,30,1.0,,,0
2023,Week 15,FINAL,SUN,12/17,Giants,5-9,6,0.0,Saints,7-7,24,1.0,,,0
2023,Week 15,FINAL,SUN,12/17,Texans,8-6,19,1.0,Titans,5-9,16,0.0,,,0
2023,Week 15,FINAL,SUN,12/17,Chiefs,9-5,27,1.0,Patriots,3-11,17,0.0,,,0
2023,Week 15,FINAL,SUN,12/17,49ers,11-3,45,1.0,Cardinals,3-11,29,0.0,,,0
2023,Week 15,FINAL,SUN,12/17,Commanders,4-10,20,0.0,Rams,7-7,28,1.0,,,0
2023,Week 15,FINAL,SUN,12/17,Cowboys,10-4,10,0.0,Bills,8-6,31,1.0,,,0
2023,Week 15,FINAL,SUN,12/17,Ravens,11-3,23,1.0,Jaguars,8-6,7,0.0,,,0
2023,Week 15,FINAL,MON,12/18,Eagles,10-4,17,0.0,Seahawks,7-7,20,1.0,,,0
2023,Week 16,FINAL,THU,12/21,Saints,7-8,22,0.0,Rams,8-7,30,1.0,,,0
2023,Week 16,FINAL,SAT,12/23,Bengals,8-7,11,0.0,Steelers,8-7,34,1.0,,,0
2023,Week 16,FINAL,SAT,12/23,Bills,9-6,24,1.0,Chargers,5-10,22,0.0,,,0
2023,Week 16,FINAL,SUN,12/24,Colts,8-7,10,0.0,Falcons,7-8,29,1.0,,,0
2023,Week 16,FINAL,SUN,12/24,Packers,7-8,33,1.0,Panthers,2-13,30,0.0,,,0
2023,Week 16,FINAL,SUN,12/24,Browns,10-5,36,1.0,Texans,8-7,22,0.0,,,0
2023,Week 16,FINAL,SUN,12/24,Lions,11-4,30,1.0,Vikings,7-8,24,0.0,,,0
2023,Week 16,FINAL,SUN,12/24,Commanders,4-11,28,0.0,Jets,6-9,30,1.0,,,0
2023,Week 16,FINAL,SUN,12/24,Seahawks,8-7,20,1.0,Titans,5-10,17,0.0,,,0
2023,Week 16,FINAL,SUN,12/24,Jaguars,8-7,12,0.0,Buccaneers,8-7,30,1.0,,,0
2023,Week 16,FINAL,SUN,12/24,Cardinals,3-12,16,0.0,Bears,6-9,27,1.0,,,0
2023,Week 16,FINAL,SUN,12/24,Cowboys,10-5,20,0.0,Dolphins,11-4,22,1.0,,,0
2023,Week 16,FINAL,SUN,12/24,Patriots,4-11,26,1.0,Broncos,7-8,23,0.0,,,0
2023,Week 16,FINAL,MON,12/25,Raiders,7-8,20,1.0,Chiefs,9-6,14,0.0,,,0
2023,Week 16,FINAL,MON,12/25,Giants,5-10,25,0.0,Eagles,11-4,33,1.0,,,0
2023,Week 16,FINAL,MON,12/25,Ravens,12-3,33,1.0,49ers,11-4,19,0.0,,,0
2023,Week 17,FINAL,THU,12/28,Jets,6-10,20,0.0,Browns,11-5,37,1.0,,,0
2023,Week 17,FINAL,SAT,12/30,Lions,11-5,19,0.0,Cowboys,11-5,20,1.0,,,0
2023,Week 17,FINAL,SUN,12/31,Dolphins,11-5,19,0.0,Ravens,13-3,56,1.0,,,0
2023,Week 17,FINAL,SUN,12/31,Patriots,4-12,21,0.0,Bills,10-6,27,1.0,,,0
2023,Week 17,FINAL,SUN,12/31,Falcons,7-9,17,0.0,Bears,7-9,37,1.0,,,0
2023,Week 17,FINAL,SUN,12/31,Titans,5-11,3,0.0,Texans,9-7,26,1.0,,,0
2023,Week 17,FINAL,SUN,12/31,Raiders,7-9,20,0.0,Colts,9-7,23,1.0,,,0
2023,Week 17,FINAL,SUN,12/31,Panthers,2-14,0,0.0,Jaguars,9-7,26,1.0,,,0
2023,Week 17,FINAL,SUN,12/31,Rams,9-7,26,1.0,Giants,5-11,25,0.0,,,0
2023,Week 17,FINAL,SUN,12/31,Cardinals,4-12,35,1.0,Eagles,11-5,31,0.0,,,0
2023,Week 17,FINAL,SUN,12/31,Saints,8-8,23,1.0,Buccaneers,8-8,13,0.0,,,0
2023,Week 17,FINAL,SUN,12/31,49ers,12-4,27,1.0,Commanders,4-12,10,0.0,,,0
2023,Week 17,FINAL,SUN,12/31,Steelers,9-7,30,1.0,Seahawks,8-8,23,0.0,,,0
2023,Week 17,FINAL,SUN,12/31,Chargers,5-11,9,0.0,Broncos,8-8,16,1.0,,,0
2023,Week 17,FINAL,SUN,12/31,Bengals,8-8,17,0.0,Chiefs,10-6,25,1.0,,,0
2023,Week 17,FINAL,SUN,12/31,Packers,8-8,33,1.0,Vikings,7-9,10,0.0,,,0
2023,Week 18,FINAL,SAT,01/06,Steelers,10-7,17,1.0,Ravens,13-4,10,0.0,,,0
2023,Week 18,FINAL,SAT,01/06,Texans,10-7,23,1.0,Colts,9-8,19,0.0,,,0
2023,Week 18,FINAL,SUN,01/07,Buccaneers,9-8,9,1.0,Panthers,2-15,0,0.0,,,0
2023,Week 18,FINAL,SUN,01/07,Browns,11-6,14,0.0,Bengals,9-8,31,1.0,,,0
2023,Week 18,FINAL,SUN,01/07,Vikings,7-10,20,0.0,Lions,12-5,30,1.0,,,0
2023,Week 18,FINAL,SUN,01/07,Jets,7-10,17,1.0,Patriots,4-13,3,0.0,,,0
2023,Week 18,FINAL,SUN,01/07,Falcons,7-10,17,0.0,Saints,9-8,48,1.0,,,0
2023,Week 18,FINAL,SUN,01/07,Jaguars,9-8,20,0.0,Titans,6-11,28,1.0,,,0
2023,Week 18,FINAL,SUN,01/07,Seahawks,9-8,21,1.0,Cardinals,4-13,20,0.0,,,0
2023,Week 18,FINAL,SUN,01/07,Bears,7-10,9,0.0,Packers,9-8,17,1.0,,,0
2023,Week 18,FINAL,SUN,01/07,Chiefs,11-6,13,1.0,Chargers,5-12,12,0.0,,,0
2023,Week 18,FINAL,SUN,01/07,Broncos,8-9,14,0.0,Raiders,8-9,27,1.0,,,0
2023,Week 18,FINAL,SUN,01/07,Eagles,11-6,10,0.0,Giants,6-11,27,1.0,,,0
2023,Week 18,FINAL,SUN,01/07,Rams,10-7,21,1.0,49ers,12-5,20,0.0,,,0
2023,Week 18,FINAL,SUN,01/07,Cowboys,12-5,38,1.0,Commanders,4-13,10,0.0,,,0
2023,Week 18,FINAL,SUN,01/07,Bills,11-6,21,1.0,Dolphins,11-6,14,0.0,,,0
2023,Wild Card,FINAL,SAT,01/13,Browns,11-6,14,0.0,Texans,10-7,45,1.0,5,4,1
2023,Wild Card,FINAL,SAT,01/13,Dolphins,11-6,7,0.0,Chiefs,11-6,26,1.0,6,3,1
2023,Wild Card,FINAL,SUN,01/14,Packers,9-8,48,1.0,Cowboys,12-5,32,0.0,7,2,1
2023,Wild Card,FINAL,SUN,01/14,Rams,10-7,23,0.0,Lions,12-5,24,1.0,6,3,1
2023,Wild Card,FINAL,MON,01/15,Steelers,10-7,17,0.0,Bills,11-6,31,1.0,7,2,1
2023,Wild Card,FINAL,MON,01/15,Eagles,11-6,9,0.0,Buccaneers,9-8,32,1.0,5,4,1
2023,Divisional Playoffs,FINAL,SAT,01/20,Texans,10-7,10,0.0,Ravens,13-4,34,1.0,4,1,1
2023,Divisional Playoffs,FINAL,SAT,01/20,Packers,9-8,21,0.0,49ers,12-5,24,1.0,7,1,1
2023,Divisional Playoffs,FINAL,SUN,01/21,Buccaneers,9-8,23,0.0,Lions,12-5,31,1.0,4,3,1
2023,Divisional Playoffs,FINAL,SUN,01/21,Chiefs,11-6,27,1.0,Bills,11-6,24,0.0,3,2,1
2023,Conference Championships,FINAL,SUN,01/28,Chiefs,11-6,17,1.0,Ravens,13-4,10,0.0,3,1,1
2023,Conference Championships,FINAL,SUN,01/28,Lions,12-5,31,0.0,49ers,12-5,34,1.0,3,1,1
2023,Super Bowl,FINAL,SUN,02/11,49ers,12-5,22,0.0,Chiefs,11-6,25,1.0,1,3,1
