Season,Week,GameStatus,Day,Date,AwayTeam,AwayRecord,AwayScore,AwayWin,HomeTeam,HomeRecord,HomeScore,HomeWin,AwaySeeding,HomeSeeding,PostSeason
2024,Hall Of Fame,FINAL,THU,08/01,Texans,0-1,17,0.0,Bears,1-0,21,1.0,,,0
2024,Preseason Week 1,FINAL,THU,08/08,Panthers,0-1,3,0.0,Patriots,1-0,17,1.0,,,0
2024,Preseason Week 1,FINAL,THU,08/08,Lions,0-1,3,0.0,Giants,1-0,14,1.0,,,0
2024,Preseason Week 1,FINAL,FRI,08/09,Falcons,0-1,13,0.0,Dolphins,1-0,20,1.0,,,0
2024,Preseason Week 1,FINAL,FRI,08/09,Texans,1-1,20,1.0,Steelers,0-1,12,0.0,,,0
2024,Preseason Week 1,FINAL,FRI,08/09,Eagles,1-0,16,1.0,Ravens,0-1,13,0.0,,,0
2024,Preseason Week 1,FINAL,SAT,08/10,Commanders,0-1,17,0.0,Jets,1-0,20,1.0,,,0
2024,Preseason Week 1,FINAL,SAT,08/10,Bears,2-0,33,1.0,Bills,0-1,6,0.0,,,0
2024,Preseason Week 1,FINAL,SAT,08/10,Raiders,0-1,23,0.0,Vikings,1-0,24,1.0,,,0
2024,Preseason Week 1,FINAL,SAT,08/10,Packers,1-0,23,1.0,Browns,0-1,10,0.0,,,0
2024,Preseason Week 1,FINAL,SAT,08/10,Buccaneers,1-0,17,1.0,Bengals,0-1,14,0.0,,,0
2024,Preseason Week 1,FINAL,SAT,08/10,Chiefs,0-1,13,0.0,Jaguars,1-0,26,1.0,,,0
2024,Preseason Week 1,FINAL,SAT,08/10,49ers,0-1,13,0.0,Titans,1-0,17,1.0,,,0
2024,Preseason Week 1,FINAL,SAT,08/10,Seahawks,1-0,16,1.0,Chargers,0-1,3,0.0,,,0
2024,Preseason Week 1,FINAL,SAT,08/10,Saints,1-0,16,1.0,Cardinals,0-1,14,0.0,,,0
2024,Preseason Week 1,FINAL,SUN,08/11,Broncos,1-0,34,1.0,Colts,0-1,30,0.0,,,0
2024,Preseason Week 1,FINAL,SUN,08/11,Cowboys,0-1,12,0.0,Rams,1-0,13,1.0,,,0
2024,Preseason Week 2,FINAL,THU,08/15,Eagles,2-0,14,1.0,Patriots,1-1,13,0.0,,,0
2024,Preseason Week 2,FINAL,SAT,08/17,Falcons,0-2,12,0.0,Ravens,1-1,13,1.0,,,0
2024,Preseason Week 2,FINAL,SAT,08/17,Bengals,0-2,3,0.0,Bears,3-0,27,1.0,,,0
2024,Preseason Week 2,FINAL,SAT,08/17,Giants,1-1,10,0.0,Texans,2-1,28,1.0,,,0
2024,Preseason Week 2,FINAL,SAT,08/17,Lions,1-1,24,1.0,Chiefs,0-2,23,0.0,,,0
2024,Preseason Week 2,FINAL,SAT,08/17,Vikings,2-0,27,1.0,Browns,0-2,12,0.0,,,0
2024,Preseason Week 2,FINAL,SAT,08/17,Jets,2-0,15,1.0,Panthers,0-2,12,0.0,,,0
2024,Preseason Week 2,FINAL,SAT,08/17,Cardinals,0-2,13,0.0,Colts,1-1,21,1.0,,,0
2024,Preseason Week 2,FINAL,SAT,08/17,Commanders,0-2,6,0.0,Dolphins,2-0,13,1.0,,,0
2024,Preseason Week 2,FINAL,SAT,08/17,Bills,1-1,9,1.0,Steelers,0-2,3,0.0,,,0
2024,Preseason Week 2,FINAL,SAT,08/17,Seahawks,1-1,15,0.0,Titans,2-0,16,1.0,,,0
2024,Preseason Week 2,FINAL,SAT,08/17,Rams,2-0,13,1.0,Chargers,0-2,9,0.0,,,0
2024,Preseason Week 2,FINAL,SAT,08/17,Buccaneers,1-1,7,0.0,Jaguars,2-0,20,1.0,,,0
2024,Preseason Week 2,FINAL,SAT,08/17,Cowboys,1-1,27,1.0,Raiders,0-2,12,0.0,,,0
2024,Preseason Week 2,FINAL,SUN,08/18,Packers,1-1,2,0.0,Broncos,2-0,27,1.0,,,0
2024,Preseason Week 2,FINAL,SUN,08/18,Saints,1-1,10,0.0,49ers,1-1,16,1.0,,,0
2024,Preseason Week 3,FINAL,THU,08/22,Colts,2-1,27,1.0,Bengals,0-3,14,0.0,,,0
2024,Preseason Week 3,FINAL,THU,08/22,Bears,4-0,34,1.0,Chiefs,0-3,21,0.0,,,0
2024,Preseason Week 3,FINAL,FRI,08/23,Jaguars,3-0,31,1.0,Falcons,0-3,0,0.0,,,0
2024,Preseason Week 3,FINAL,FRI,08/23,Dolphins,2-1,14,0.0,Buccaneers,2-1,24,1.0,,,0
2024,Preseason Week 3,FINAL,FRI,08/23,49ers,1-1-1,24,0.0,Raiders,0-2-1,24,0.0,,,0
2024,Preseason Week 3,FINAL,SAT,08/24,Panthers,1-2,31,1.0,Bills,1-2,26,0.0,,,0
2024,Preseason Week 3,FINAL,SAT,08/24,Steelers,0-3,17,0.0,Lions,2-1,24,1.0,,,0
2024,Preseason Week 3,FINAL,SAT,08/24,Ravens,1-2,7,0.0,Packers,2-1,30,1.0,,,0
2024,Preseason Week 3,FINAL,SAT,08/24,Rams,2-1,15,0.0,Texans,3-1,17,1.0,,,0
2024,Preseason Week 3,FINAL,SAT,08/24,Vikings,3-0,26,1.0,Eagles,2-1,3,0.0,,,0
2024,Preseason Week 3,FINAL,SAT,08/24,Chargers,1-2,26,1.0,Cowboys,1-2,19,0.0,,,0
2024,Preseason Week 3,FINAL,SAT,08/24,Giants,1-2,6,0.0,Jets,3-0,10,1.0,,,0
2024,Preseason Week 3,FINAL,SAT,08/24,Browns,0-3,33,0.0,Seahawks,2-1,37,1.0,,,0
2024,Preseason Week 3,FINAL,SUN,08/25,Titans,3-0,30,1.0,Saints,1-2,27,0.0,,,0
2024,Preseason Week 3,FINAL,SUN,08/25,Cardinals,0-3,12,0.0,Broncos,3-0,38,1.0,,,0
2024,Preseason Week 3,FINAL,SUN,08/25,Patriots,1-2,10,0.0,Commanders,1-2,20,1.0,,,0
2024,Week 1,FINAL,THU,09/05,Ravens,0-1,20,0.0,Chiefs,1-0,27,1.0,,,0
2024,Week 1,FINAL,FRI,09/06,Packers,0-1,29,0.0,Eagles,1-0,34,1.0,,,0
2024,Week 1,FINAL,SUN,09/08,Steelers,1-0,18,1.0,Falcons,0-1,10,0.0,,,0
2024,Week 1,FINAL,SUN,09/08,Cardinals,0-1,28,0.0,Bills,1-0,34,1.0,,,0
2024,Week 1,FINAL,SUN,09/08,Titans,0-1,17,0.0,Bears,1-0,24,1.0,,,0
2024,Week 1,FINAL,SUN,09/08,Patriots,1-0,16,1.0,Bengals,0-1,10,0.0,,,0
2024,Week 1,FINAL,SUN,09/08,Texans,1-0,29,1.0,Colts,0-1,27,0.0,,,0
2024,Week 1,FINAL,SUN,09/08,Jaguars,0-1,17,0.0,Dolphins,1-0,20,1.0,,,0
2024,Week 1,FINAL,SUN,09/08,Panthers,0-1,10,0.0,Saints,1-0,47,1.0,,,0
2024,Week 1,FINAL,SUN,09/08,Vikings,1-0,28,1.0,Giants,0-1,6,0.0,,,0
2024,Week 1,FINAL,SUN,09/08,Raiders,0-1,10,0.0,Chargers,1-0,22,1.0,,,0
2024,Week 1,FINAL,SUN,09/08,Broncos,0-1,20,0.0,Seahawks,1-0,26,1.0,,,0
2024,Week 1,FINAL,SUN,09/08,Cowboys,1-0,33,1.0,Browns,0-1,17,0.0,,,0
2024,Week 1,FINAL,SUN,09/08,Commanders,0-1,20,0.0,Buccaneers,1-0,37,1.0,,,0
2024,Week 1,FINAL,SUN,09/08,Rams,0-1,20,0.0,Lions,1-0,26,1.0,,,0
2024,Week 1,FINAL,MON,09/09,Jets,0-1,19,0.0,49ers,1-0,32,1.0,,,0
2024,Week 2,FINAL,THU,09/12,Bills,2-0,31,1.0,Dolphins,1-1,10,0.0,,,0
2024,Week 2,FINAL,SUN,09/15,Raiders,1-1,26,1.0,Ravens,0-2,23,0.0,,,0
2024,Week 2,FINAL,SUN,09/15,Chargers,2-0,26,1.0,Panthers,0-2,3,0.0,,,0
2024,Week 2,FINAL,SUN,09/15,Saints,2-0,44,1.0,Cowboys,1-1,19,0.0,,,0
2024,Week 2,FINAL,SUN,09/15,Buccaneers,2-0,20,1.0,Lions,1-1,16,0.0,,,0
2024,Week 2,FINAL,SUN,09/15,Colts,0-2,10,0.0,Packers,1-1,16,1.0,,,0
2024,Week 2,FINAL,SUN,09/15,Browns,1-1,18,1.0,Jaguars,0-2,13,0.0,,,0
2024,Week 2,FINAL,SUN,09/15,49ers,1-1,17,0.0,Vikings,2-0,23,1.0,,,0
2024,Week 2,FINAL,SUN,09/15,Seahawks,2-0,23,1.0,Patriots,1-1,20,0.0,,,0
2024,Week 2,FINAL,SUN,09/15,Jets,1-1,24,1.0,Titans,0-2,17,0.0,,,0
2024,Week 2,FINAL,SUN,09/15,Giants,0-2,18,0.0,Commanders,1-1,21,1.0,,,0
2024,Week 2,FINAL,SUN,09/15,Rams,0-2,10,0.0,Cardinals,1-1,41,1.0,,,0
2024,Week 2,FINAL,SUN,09/15,Steelers,2-0,13,1.0,Broncos,0-2,6,0.0,,,0
2024,Week 2,FINAL,SUN,09/15,Bengals,0-2,25,0.0,Chiefs,2-0,26,1.0,,,0
2024,Week 2,FINAL,SUN,09/15,Bears,1-1,13,0.0,Texans,2-0,19,1.0,,,0
2024,Week 2,FINAL,MON,09/16,Falcons,1-1,22,1.0,Eagles,1-1,21,0.0,,,0
2024,Week 3,FINAL,THU,09/19,Patriots,1-2,3,0.0,Jets,2-1,24,1.0,,,0
2024,Week 3,FINAL,SUN,09/22,Giants,1-2,21,1.0,Browns,1-2,15,0.0,,,0
2024,Week 3,FINAL,SUN,09/22,Bears,1-2,16,0.0,Colts,1-2,21,1.0,,,0
2024,Week 3,FINAL,SUN,09/22,Texans,2-1,7,0.0,Vikings,3-0,34,1.0,,,0
2024,Week 3,FINAL,SUN,09/22,Eagles,2-1,15,1.0,Saints,2-1,12,0.0,,,0
2024,Week 3,FINAL,SUN,09/22,Chargers,2-1,10,0.0,Steelers,3-0,20,1.0,,,0
2024,Week 3,FINAL,SUN,09/22,Broncos,1-2,26,1.0,Buccaneers,2-1,7,0.0,,,0
2024,Week 3,FINAL,SUN,09/22,Packers,2-1,30,1.0,Titans,0-3,14,0.0,,,0
2024,Week 3,FINAL,SUN,09/22,Panthers,1-2,36,1.0,Raiders,1-2,22,0.0,,,0
2024,Week 3,FINAL,SUN,09/22,Dolphins,1-2,3,0.0,Seahawks,3-0,24,1.0,,,0
2024,Week 3,FINAL,SUN,09/22,Lions,2-1,20,1.0,Cardinals,1-2,13,0.0,,,0
2024,Week 3,FINAL,SUN,09/22,Ravens,1-2,28,1.0,Cowboys,1-2,25,0.0,,,0
2024,Week 3,FINAL,SUN,09/22,49ers,1-2,24,0.0,Rams,1-2,27,1.0,,,0
2024,Week 3,FINAL,SUN,09/22,Chiefs,3-0,22,1.0,Falcons,1-2,17,0.0,,,0
2024,Week 3,FINAL,MON,09/23,Jaguars,0-3,10,0.0,Bills,3-0,47,1.0,,,0
2024,Week 3,FINAL,MON,09/23,Commanders,2-1,38,1.0,Bengals,0-3,33,0.0,,,0
2024,Week 4,FINAL,THU,09/26,Cowboys,2-2,20,1.0,Giants,1-3,15,0.0,,,0
2024,Week 4,FINAL,SUN,09/29,Saints,2-2,24,0.0,Falcons,2-2,26,1.0,,,0
2024,Week 4,FINAL,SUN,09/29,Bengals,1-3,34,1.0,Panthers,1-3,24,0.0,,,0
2024,Week 4,FINAL,SUN,09/29,Rams,1-3,18,0.0,Bears,2-2,24,1.0,,,0
2024,Week 4,FINAL,SUN,09/29,Vikings,4-0,31,1.0,Packers,2-2,29,0.0,,,0
2024,Week 4,FINAL,SUN,09/29,Jaguars,0-4,20,0.0,Texans,3-1,24,1.0,,,0
2024,Week 4,FINAL,SUN,09/29,Steelers,3-1,24,0.0,Colts,2-2,27,1.0,,,0
2024,Week 4,FINAL,SUN,09/29,Broncos,2-2,10,1.0,Jets,2-2,9,0.0,,,0
2024,Week 4,FINAL,SUN,09/29,Eagles,2-2,16,0.0,Buccaneers,3-1,33,1.0,,,0
2024,Week 4,FINAL,SUN,09/29,Commanders,3-1,42,1.0,Cardinals,1-3,14,0.0,,,0
2024,Week 4,FINAL,SUN,09/29,Patriots,1-3,13,0.0,49ers,2-2,30,1.0,,,0
2024,Week 4,FINAL,SUN,09/29,Chiefs,4-0,17,1.0,Chargers,2-2,10,0.0,,,0
2024,Week 4,FINAL,SUN,09/29,Browns,1-3,16,0.0,Raiders,2-2,20,1.0,,,0
2024,Week 4,FINAL,SUN,09/29,Bills,3-1,10,0.0,Ravens,2-2,35,1.0,,,0
2024,Week 4,FINAL,MON,09/30,Titans,1-3,31,1.0,Dolphins,1-3,12,0.0,,,0
2024,Week 4,FINAL,MON,09/30,Seahawks,3-1,29,0.0,Lions,3-1,42,1.0,,,0
2024,Week 5,FINAL,THU,10/03,Buccaneers,3-2,30,0.0,Falcons,3-2,36,1.0,,,0
2024,Week 5,FINAL,SUN,10/06,Jets,2-3,17,0.0,Vikings,5-0,23,1.0,,,0
2024,Week 5,FINAL,SUN,10/06,Panthers,1-4,10,0.0,Bears,3-2,36,1.0,,,0
2024,Week 5,FINAL,SUN,10/06,Ravens,3-2,41,1.0,Bengals,1-4,38,0.0,,,0
2024,Week 5,FINAL,SUN,10/06,Bills,3-2,20,0.0,Texans,4-1,23,1.0,,,0
2024,Week 5,FINAL,SUN,10/06,Colts,2-3,34,0.0,Jaguars,1-4,37,1.0,,,0
2024,Week 5,FINAL,SUN,10/06,Dolphins,2-3,15,1.0,Patriots,1-4,10,0.0,,,0
2024,Week 5,FINAL,SUN,10/06,Browns,1-4,13,0.0,Commanders,4-1,34,1.0,,,0
2024,Week 5,FINAL,SUN,10/06,Raiders,2-3,18,0.0,Broncos,3-2,34,1.0,,,0
2024,Week 5,FINAL,SUN,10/06,Cardinals,2-3,24,1.0,49ers,2-3,23,0.0,,,0
2024,Week 5,FINAL,SUN,10/06,Packers,3-2,24,1.0,Rams,1-4,19,0.0,,,0
2024,Week 5,FINAL,SUN,10/06,Giants,2-3,29,1.0,Seahawks,3-2,20,0.0,,,0
2024,Week 5,FINAL,SUN,10/06,Cowboys,3-2,20,1.0,Steelers,3-2,17,0.0,,,0
2024,Week 5,FINAL,MON,10/07,Saints,2-3,13,0.0,Chiefs,5-0,26,1.0,,,0
2024,Week 5,BYE,,,Eagles,4-0,,,,,,,,,0
2024,Week 5,BYE,,,Titans,0-4,,,,,,,,,0
2024,Week 5,BYE,,,Chargers,3-1,,,,,,,,,0
2024,Week 5,BYE,,,Lions,3-1,,,,,,,,,0
2024,Week 6,FINAL,THU,10/10,49ers,3-3,36,1.0,Seahawks,3-3,24,0.0,,,0
2024,Week 6,FINAL,SUN,10/13,Jaguars,1-5,16,0.0,Bears,4-2,35,1.0,,,0
2024,Week 6,FINAL,SUN,10/13,Commanders,4-2,23,0.0,Ravens,4-2,30,1.0,,,0
2024,Week 6,FINAL,SUN,10/13,Cardinals,2-4,13,0.0,Packers,4-2,34,1.0,,,0
2024,Week 6,FINAL,SUN,10/13,Texans,5-1,41,1.0,Patriots,1-5,21,0.0,,,0
2024,Week 6,FINAL,SUN,10/13,Buccaneers,4-2,51,1.0,Saints,2-4,27,0.0,,,0
2024,Week 6,FINAL,SUN,10/13,Browns,1-5,16,0.0,Eagles,3-2,20,1.0,,,0
2024,Week 6,FINAL,SUN,10/13,Colts,3-3,20,1.0,Titans,1-4,17,0.0,,,0
2024,Week 6,FINAL,SUN,10/13,Chargers,3-2,23,1.0,Broncos,3-3,16,0.0,,,0
2024,Week 6,FINAL,SUN,10/13,Steelers,4-2,32,1.0,Raiders,2-4,13,0.0,,,0
2024,Week 6,FINAL,SUN,10/13,Falcons,4-2,38,1.0,Panthers,1-5,20,0.0,,,0
2024,Week 6,FINAL,SUN,10/13,Lions,4-1,47,1.0,Cowboys,3-3,9,0.0,,,0
2024,Week 6,FINAL,SUN,10/13,Bengals,2-4,17,1.0,Giants,2-4,7,0.0,,,0
2024,Week 6,FINAL,MON,10/14,Bills,4-2,23,1.0,Jets,2-4,20,0.0,,,0
2024,Week 6,BYE,,,Dolphins,1-3,,,,,,,,,0
2024,Week 6,BYE,,,Vikings,2-2,,,,,,,,,0
2024,Week 6,BYE,,,Rams,3-1,,,,,,,,,0
2024,Week 6,BYE,,,Chiefs,2-2,,,,,,,,,0
2024,Week 7,FINAL,THU,10/17,Broncos,4-3,33,1.0,Saints,2-5,10,0.0,,,0
2024,Week 7,FINAL,SUN,10/20,Patriots,1-6,16,0.0,Jaguars,2-5,32,1.0,,,0
2024,Week 7,FINAL,SUN,10/20,Seahawks,4-3,34,1.0,Falcons,4-3,14,0.0,,,0
2024,Week 7,FINAL,SUN,10/20,Titans,1-5,10,0.0,Bills,5-2,34,1.0,,,0
2024,Week 7,FINAL,SUN,10/20,Bengals,3-4,21,1.0,Browns,1-6,14,0.0,,,0
2024,Week 7,FINAL,SUN,10/20,Texans,5-2,22,0.0,Packers,5-2,24,1.0,,,0
2024,Week 7,FINAL,SUN,10/20,Dolphins,2-4,10,0.0,Colts,4-3,16,1.0,,,0
2024,Week 7,FINAL,SUN,10/20,Lions,5-1,31,1.0,Vikings,5-1,29,0.0,,,0
2024,Week 7,FINAL,SUN,10/20,Eagles,4-2,28,1.0,Giants,2-5,3,0.0,,,0
2024,Week 7,FINAL,SUN,10/20,Raiders,2-5,15,0.0,Rams,2-4,20,1.0,,,0
2024,Week 7,FINAL,SUN,10/20,Panthers,1-6,7,0.0,Commanders,5-2,40,1.0,,,0
2024,Week 7,FINAL,SUN,10/20,Chiefs,6-0,28,1.0,49ers,3-4,18,0.0,,,0
2024,Week 7,FINAL,SUN,10/20,Jets,2-5,15,0.0,Steelers,5-2,37,1.0,,,0
2024,Week 7,FINAL,MON,10/21,Ravens,5-2,41,1.0,Buccaneers,4-3,31,0.0,,,0
2024,Week 7,FINAL,MON,10/21,Chargers,3-3,15,0.0,Cardinals,3-4,17,1.0,,,0
2024,Week 7,BYE,,,Bears,2-2,,,,,,,,,0
2024,Week 7,BYE,,,Cowboys,1-2-1,,,,,,,,,0
2024,Week 8,FINAL,THU,10/24,Vikings,5-2,20,0.0,Rams,3-4,30,1.0,,,0
2024,Week 8,FINAL,SUN,10/27,Ravens,5-3,24,0.0,Browns,2-6,29,1.0,,,0
2024,Week 8,FINAL,SUN,10/27,Titans,1-6,14,0.0,Lions,6-1,52,1.0,,,0
2024,Week 8,FINAL,SUN,10/27,Colts,4-4,20,0.0,Texans,6-2,23,1.0,,,0
2024,Week 8,FINAL,SUN,10/27,Packers,6-2,30,1.0,Jaguars,2-6,27,0.0,,,0
2024,Week 8,FINAL,SUN,10/27,Cardinals,4-4,28,1.0,Dolphins,2-5,27,0.0,,,0
2024,Week 8,FINAL,SUN,10/27,Jets,2-6,22,0.0,Patriots,2-6,25,1.0,,,0
2024,Week 8,FINAL,SUN,10/27,Falcons,5-3,31,1.0,Buccaneers,4-4,26,0.0,,,0
2024,Week 8,FINAL,SUN,10/27,Eagles,5-2,37,1.0,Bengals,3-5,17,0.0,,,0
2024,Week 8,FINAL,SUN,10/27,Saints,2-6,8,0.0,Chargers,4-3,26,1.0,,,0
2024,Week 8,FINAL,SUN,10/27,Bills,6-2,31,1.0,Seahawks,4-4,10,0.0,,,0
2024,Week 8,FINAL,SUN,10/27,Bears,4-3,15,0.0,Commanders,6-2,18,1.0,,,0
2024,Week 8,FINAL,SUN,10/27,Panthers,1-7,14,0.0,Broncos,5-3,28,1.0,,,0
2024,Week 8,FINAL,SUN,10/27,Chiefs,7-0,27,1.0,Raiders,2-6,20,0.0,,,0
2024,Week 8,FINAL,SUN,10/27,Cowboys,3-4,24,0.0,49ers,4-4,30,1.0,,,0
2024,Week 8,FINAL,MON,10/28,Giants,2-6,18,0.0,Steelers,6-2,26,1.0,,,0
2024,Week 9,FINAL,THU,10/31,Texans,6-3,13,0.0,Jets,3-6,21,1.0,,,0
2024,Week 9,FINAL,SUN,11/03,Cowboys,3-5,21,0.0,Falcons,6-3,27,1.0,,,0
2024,Week 9,FINAL,SUN,11/03,Broncos,5-4,10,0.0,Ravens,6-3,41,1.0,,,0
2024,Week 9,FINAL,SUN,11/03,Dolphins,2-6,27,0.0,Bills,7-2,30,1.0,,,0
2024,Week 9,FINAL,SUN,11/03,Saints,2-7,22,0.0,Panthers,2-7,23,1.0,,,0
2024,Week 9,FINAL,SUN,11/03,Raiders,2-7,24,0.0,Bengals,4-5,41,1.0,,,0
2024,Week 9,FINAL,SUN,11/03,Chargers,5-3,27,1.0,Browns,2-7,10,0.0,,,0
2024,Week 9,FINAL,SUN,11/03,Commanders,7-2,27,1.0,Giants,2-7,22,0.0,,,0
2024,Week 9,FINAL,SUN,11/03,Patriots,2-7,17,0.0,Titans,2-6,20,1.0,,,0
2024,Week 9,FINAL,SUN,11/03,Bears,4-4,9,0.0,Cardinals,5-4,29,1.0,,,0
2024,Week 9,FINAL,SUN,11/03,Jaguars,2-7,23,0.0,Eagles,6-2,28,1.0,,,0
2024,Week 9,FINAL,SUN,11/03,Lions,7-1,24,1.0,Packers,6-3,14,0.0,,,0
2024,Week 9,FINAL,SUN,11/03,Rams,4-4,26,1.0,Seahawks,4-5,20,0.0,,,0
2024,Week 9,FINAL,SUN,11/03,Colts,4-5,13,0.0,Vikings,6-2,21,1.0,,,0
2024,Week 9,FINAL,MON,11/04,Buccaneers,4-5,24,0.0,Chiefs,8-0,30,1.0,,,0
2024,Week 9,BYE,,,49ers,3-1,,,,,,,,,0
2024,Week 9,BYE,,,Steelers,3-1,,,,,,,,,0
2024,Week 10,FINAL,THU,11/07,Bengals,4-6,34,0.0,Ravens,7-3,35,1.0,,,0
2024,Week 10,FINAL,SUN,11/10,Giants,2-8,17,0.0,Panthers,3-7,20,1.0,,,0
2024,Week 10,FINAL,SUN,11/10,Patriots,3-7,19,1.0,Bears,4-5,3,0.0,,,0
2024,Week 10,FINAL,SUN,11/10,Bills,8-2,30,1.0,Colts,4-6,20,0.0,,,0
2024,Week 10,FINAL,SUN,11/10,Vikings,7-2,12,1.0,Jaguars,2-8,7,0.0,,,0
2024,Week 10,FINAL,SUN,11/10,Broncos,5-5,14,0.0,Chiefs,9-0,16,1.0,,,0
2024,Week 10,FINAL,SUN,11/10,Falcons,6-4,17,0.0,Saints,3-7,20,1.0,,,0
2024,Week 10,FINAL,SUN,11/10,49ers,5-4,23,1.0,Buccaneers,4-6,20,0.0,,,0
2024,Week 10,FINAL,SUN,11/10,Steelers,7-2,28,1.0,Commanders,7-3,27,0.0,,,0
2024,Week 10,FINAL,SUN,11/10,Titans,2-7,17,0.0,Chargers,6-3,27,1.0,,,0
2024,Week 10,FINAL,SUN,11/10,Jets,3-7,6,0.0,Cardinals,6-4,31,1.0,,,0
2024,Week 10,FINAL,SUN,11/10,Eagles,7-2,34,1.0,Cowboys,3-6,6,0.0,,,0
2024,Week 10,FINAL,SUN,11/10,Lions,8-1,26,1.0,Texans,6-4,23,0.0,,,0
2024,Week 10,FINAL,MON,11/11,Dolphins,3-6,23,1.0,Rams,4-5,15,0.0,,,0
2024,Week 10,BYE,,,Packers,2-1-1,,,,,,,,,0
2024,Week 10,BYE,,,Raiders,1-3,,,,,,,,,0
2024,Week 10,BYE,,,Browns,1-3,,,,,,,,,0
2024,Week 10,BYE,,,Seahawks,3-1,,,,,,,,,0
2024,Week 11,FINAL,THU,11/14,Commanders,7-4,18,0.0,Eagles,8-2,26,1.0,,,0
2024,Week 11,FINAL,SUN,11/17,Packers,7-3,20,1.0,Bears,4-6,19,0.0,,,0
2024,Week 11,FINAL,SUN,11/17,Jaguars,2-9,6,0.0,Lions,9-1,52,1.0,,,0
2024,Week 11,FINAL,SUN,11/17,Raiders,2-8,19,0.0,Dolphins,4-6,34,1.0,,,0
2024,Week 11,FINAL,SUN,11/17,Rams,5-5,28,1.0,Patriots,3-8,22,0.0,,,0
2024,Week 11,FINAL,SUN,11/17,Browns,2-8,14,0.0,Saints,4-7,35,1.0,,,0
2024,Week 11,FINAL,SUN,11/17,Ravens,7-4,16,0.0,Steelers,8-2,18,1.0,,,0
2024,Week 11,FINAL,SUN,11/17,Vikings,8-2,23,1.0,Titans,2-8,13,0.0,,,0
2024,Week 11,FINAL,SUN,11/17,Colts,5-6,28,1.0,Jets,3-8,27,0.0,,,0
2024,Week 11,FINAL,SUN,11/17,Falcons,6-5,6,0.0,Broncos,6-5,38,1.0,,,0
2024,Week 11,FINAL,SUN,11/17,Seahawks,5-5,20,1.0,49ers,5-5,17,0.0,,,0
2024,Week 11,FINAL,SUN,11/17,Chiefs,9-1,21,0.0,Bills,9-2,30,1.0,,,0
2024,Week 11,FINAL,SUN,11/17,Bengals,4-7,27,0.0,Chargers,7-3,34,1.0,,,0
2024,Week 11,FINAL,MON,11/18,Texans,7-4,34,1.0,Cowboys,3-7,10,0.0,,,0
2024,Week 11,BYE,,,Panthers,1-3,,,,,,,,,0
2024,Week 11,BYE,,,Giants,1-3,,,,,,,,,0
2024,Week 11,BYE,,,Buccaneers,3-1,,,,,,,,,0
2024,Week 11,BYE,,,Cardinals,2-2,,,,,,,,,0
2024,Week 12,FINAL,THU,11/21,Steelers,8-3,19,0.0,Browns,3-8,24,1.0,,,0
2024,Week 12,FINAL,SUN,11/24,Chiefs,10-1,30,1.0,Panthers,3-8,27,0.0,,,0
2024,Week 12,FINAL,SUN,11/24,Vikings,9-2,30,1.0,Bears,4-7,27,0.0,,,0
2024,Week 12,FINAL,SUN,11/24,Titans,3-8,32,1.0,Texans,7-5,27,0.0,,,0
2024,Week 12,FINAL,SUN,11/24,Lions,10-1,24,1.0,Colts,5-7,6,0.0,,,0
2024,Week 12,FINAL,SUN,11/24,Patriots,3-9,15,0.0,Dolphins,5-6,34,1.0,,,0
2024,Week 12,FINAL,SUN,11/24,Buccaneers,5-6,30,1.0,Giants,2-9,7,0.0,,,0
2024,Week 12,FINAL,SUN,11/24,Cowboys,4-7,34,1.0,Commanders,7-5,26,0.0,,,0
2024,Week 12,FINAL,SUN,11/24,Broncos,7-5,29,1.0,Raiders,2-9,19,0.0,,,0
2024,Week 12,FINAL,SUN,11/24,49ers,5-6,10,0.0,Packers,8-3,38,1.0,,,0
2024,Week 12,FINAL,SUN,11/24,Cardinals,6-5,6,0.0,Seahawks,6-5,16,1.0,,,0
2024,Week 12,FINAL,SUN,11/24,Eagles,9-2,37,1.0,Rams,5-6,20,0.0,,,0
2024,Week 12,FINAL,MON,11/25,Ravens,8-4,30,1.0,Chargers,7-4,23,0.0,,,0
2024,Week 12,BYE,,,Falcons,2-2,,,,,,,,,0
2024,Week 12,BYE,,,Bengals,2-2,,,,,,,,,0
2024,Week 12,BYE,,,Jaguars,3-1,,,,,,,,,0
2024,Week 12,BYE,,,Jets,0-4,,,,,,,,,0
2024,Week 12,BYE,,,Saints,0-4,,,,,,,,,0
2024,Week 12,BYE,,,Bills,4-0,,,,,,,,,0
2024,Week 13,FINAL,THU,11/28,Bears,4-8,20,0.0,Lions,11-1,23,1.0,,,0
2024,Week 13,FINAL,THU,11/28,Giants,2-10,20,0.0,Cowboys,5-7,27,1.0,,,0
2024,Week 13,FINAL,THU,11/28,Dolphins,5-7,17,0.0,Packers,9-3,30,1.0,,,0
2024,Week 13,FINAL,FRI,11/29,Raiders,2-10,17,0.0,Chiefs,11-1,19,1.0,,,0
2024,Week 13,FINAL,SUN,12/01,Chargers,8-4,17,1.0,Falcons,6-6,13,0.0,,,0
2024,Week 13,FINAL,SUN,12/01,Steelers,9-3,44,1.0,Bengals,4-8,38,0.0,,,0
2024,Week 13,FINAL,SUN,12/01,Texans,8-5,23,1.0,Jaguars,2-10,20,0.0,,,0
2024,Week 13,FINAL,SUN,12/01,Cardinals,6-6,22,0.0,Vikings,10-2,23,1.0,,,0
2024,Week 13,FINAL,SUN,12/01,Colts,6-7,25,1.0,Patriots,3-10,24,0.0,,,0
2024,Week 13,FINAL,SUN,12/01,Seahawks,7-5,26,1.0,Jets,3-9,21,0.0,,,0
2024,Week 13,FINAL,SUN,12/01,Titans,3-9,19,0.0,Commanders,8-5,42,1.0,,,0
2024,Week 13,FINAL,SUN,12/01,Buccaneers,6-6,26,1.0,Panthers,3-9,23,0.0,,,0
2024,Week 13,FINAL,SUN,12/01,Rams,6-6,21,1.0,Saints,4-8,14,0.0,,,0
2024,Week 13,FINAL,SUN,12/01,Eagles,10-2,24,1.0,Ravens,8-5,19,0.0,,,0
2024,Week 13,FINAL,SUN,12/01,49ers,5-7,10,0.0,Bills,10-2,35,1.0,,,0
2024,Week 13,FINAL,MON,12/02,Browns,3-9,32,0.0,Broncos,8-5,41,1.0,,,0
2024,Week 14,FINAL,THU,12/05,Packers,9-4,31,0.0,Lions,12-1,34,1.0,,,0
2024,Week 14,FINAL,SUN,12/08,Jets,3-10,26,0.0,Dolphins,6-7,32,1.0,,,0
2024,Week 14,FINAL,SUN,12/08,Falcons,6-7,21,0.0,Vikings,11-2,42,1.0,,,0
2024,Week 14,FINAL,SUN,12/08,Saints,5-8,14,1.0,Giants,2-11,11,0.0,,,0
2024,Week 14,FINAL,SUN,12/08,Panthers,3-10,16,0.0,Eagles,11-2,22,1.0,,,0
2024,Week 14,FINAL,SUN,12/08,Browns,3-10,14,0.0,Steelers,10-3,27,1.0,,,0
2024,Week 14,FINAL,SUN,12/08,Raiders,2-11,13,0.0,Buccaneers,7-6,28,1.0,,,0
2024,Week 14,FINAL,SUN,12/08,Jaguars,3-10,10,1.0,Titans,3-10,6,0.0,,,0
2024,Week 14,FINAL,SUN,12/08,Seahawks,8-5,30,1.0,Cardinals,6-7,18,0.0,,,0
2024,Week 14,FINAL,SUN,12/08,Bills,10-3,42,0.0,Rams,7-6,44,1.0,,,0
2024,Week 14,FINAL,SUN,12/08,Bears,4-9,13,0.0,49ers,6-7,38,1.0,,,0
2024,Week 14,FINAL,SUN,12/08,Chargers,8-5,17,0.0,Chiefs,12-1,19,1.0,,,0
2024,Week 14,FINAL,MON,12/09,Bengals,5-8,27,1.0,Cowboys,5-8,20,0.0,,,0
2024,Week 14,BYE,,,Texans,1-3,,,,,,,,,0
2024,Week 14,BYE,,,Commanders,2-2,,,,,,,,,0
2024,Week 14,BYE,,,Ravens,1-3,,,,,,,,,0
2024,Week 14,BYE,,,Patriots,2-2,,,,,,,,,0
2024,Week 14,BYE,,,Broncos,2-2,,,,,,,,,0
2024,Week 14,BYE,,,Colts,3-1,,,,,,,,,0
2024,Week 15,FINAL,THU,12/12,Rams,8-6,12,1.0,49ers,6-8,6,0.0,,,0
2024,Week 15,FINAL,SUN,12/15,Cowboys,6-8,30,1.0,Panthers,3-11,14,0.0,,,0
2024,Week 15,FINAL,SUN,12/15,Chiefs,13-1,21,1.0,Browns,3-11,7,0.0,,,0
2024,Week 15,FINAL,SUN,12/15,Dolphins,6-8,12,0.0,Texans,9-5,20,1.0,,,0
2024,Week 15,FINAL,SUN,12/15,Jets,4-10,32,1.0,Jaguars,3-11,25,0.0,,,0
2024,Week 15,FINAL,SUN,12/15,Commanders,9-5,20,1.0,Saints,5-9,19,0.0,,,0
2024,Week 15,FINAL,SUN,12/15,Ravens,9-5,35,1.0,Giants,2-12,14,0.0,,,0
2024,Week 15,FINAL,SUN,12/15,Bengals,6-8,37,1.0,Titans,3-11,27,0.0,,,0
2024,Week 15,FINAL,SUN,12/15,Patriots,3-11,17,0.0,Cardinals,7-7,30,1.0,,,0
2024,Week 15,FINAL,SUN,12/15,Colts,6-8,13,0.0,Broncos,9-5,31,1.0,,,0
2024,Week 15,FINAL,SUN,12/15,Bills,11-3,48,1.0,Lions,12-2,42,0.0,,,0
2024,Week 15,FINAL,SUN,12/15,Buccaneers,8-6,40,1.0,Chargers,8-6,17,0.0,,,0
2024,Week 15,FINAL,SUN,12/15,Steelers,10-4,13,0.0,Eagles,12-2,27,1.0,,,0
2024,Week 15,FINAL,SUN,12/15,Packers,10-4,30,1.0,Seahawks,8-6,13,0.0,,,0
2024,Week 15,FINAL,MON,12/16,Bears,4-10,12,0.0,Vikings,12-2,30,1.0,,,0
2024,Week 15,FINAL,MON,12/16,Falcons,7-7,15,1.0,Raiders,2-12,9,0.0,,,0
2024,Week 16,FINAL,THU,12/19,Broncos,9-6,27,0.0,Chargers,9-6,34,1.0,,,0
2024,Week 16,FINAL,SAT,12/21,Texans,9-6,19,0.0,Chiefs,14-1,27,1.0,,,0
2024,Week 16,FINAL,SAT,12/21,Steelers,10-5,17,0.0,Ravens,10-5,34,1.0,,,0
2024,Week 16,FINAL,SUN,12/22,Giants,2-13,7,0.0,Falcons,8-7,34,1.0,,,0
2024,Week 16,FINAL,SUN,12/22,Cardinals,7-8,30,0.0,Panthers,4-11,36,1.0,,,0
2024,Week 16,FINAL,SUN,12/22,Lions,13-2,34,1.0,Bears,4-11,17,0.0,,,0
2024,Week 16,FINAL,SUN,12/22,Titans,3-12,30,0.0,Colts,7-8,38,1.0,,,0
2024,Week 16,FINAL,SUN,12/22,Rams,9-6,19,1.0,Jets,4-11,9,0.0,,,0
2024,Week 16,FINAL,SUN,12/22,Eagles,12-3,33,0.0,Commanders,10-5,36,1.0,,,0
2024,Week 16,FINAL,SUN,12/22,Browns,3-12,6,0.0,Bengals,7-8,24,1.0,,,0
2024,Week 16,FINAL,SUN,12/22,Vikings,13-2,27,1.0,Seahawks,8-7,24,0.0,,,0
2024,Week 16,FINAL,SUN,12/22,Patriots,3-12,21,0.0,Bills,12-3,24,1.0,,,0
2024,Week 16,FINAL,SUN,12/22,Jaguars,3-12,14,0.0,Raiders,3-12,19,1.0,,,0
2024,Week 16,FINAL,SUN,12/22,49ers,6-9,17,0.0,Dolphins,7-8,29,1.0,,,0
2024,Week 16,FINAL,SUN,12/22,Buccaneers,8-7,24,0.0,Cowboys,7-8,26,1.0,,,0
2024,Week 16,FINAL,MON,12/23,Saints,5-10,0,0.0,Packers,11-4,34,1.0,,,0
2024,Week 17,FINAL,WED,12/25,Chiefs,15-1,29,1.0,Steelers,10-6,10,0.0,,,0
2024,Week 17,FINAL,WED,12/25,Ravens,11-5,31,1.0,Texans,9-7,2,0.0,,,0
2024,Week 17,FINAL,THU,12/26,Seahawks,9-7,6,1.0,Bears,4-12,3,0.0,,,0
2024,Week 17,FINAL,SAT,12/28,Chargers,10-6,40,1.0,Patriots,3-13,7,0.0,,,0
2024,Week 17,FINAL,SAT,12/28,Broncos,9-7,24,0.0,Bengals,8-8,30,1.0,,,0
2024,Week 17,FINAL,SAT,12/28,Cardinals,7-9,9,0.0,Rams,10-6,13,1.0,,,0
2024,Week 17,FINAL,SUN,12/29,Colts,7-9,33,0.0,Giants,3-13,45,1.0,,,0
2024,Week 17,FINAL,SUN,12/29,Jets,4-12,14,0.0,Bills,13-3,40,1.0,,,0
2024,Week 17,FINAL,SUN,12/29,Titans,3-13,13,0.0,Jaguars,4-12,20,1.0,,,0
2024,Week 17,FINAL,SUN,12/29,Raiders,4-12,25,1.0,Saints,5-11,10,0.0,,,0
2024,Week 17,FINAL,SUN,12/29,Panthers,4-12,14,0.0,Buccaneers,9-7,48,1.0,,,0
2024,Week 17,FINAL,SUN,12/29,Cowboys,7-9,7,0.0,Eagles,13-3,41,1.0,,,0
2024,Week 17,FINAL,SUN,12/29,Dolphins,8-8,20,1.0,Browns,3-13,3,0.0,,,0
2024,Week 17,FINAL,SUN,12/29,Packers,11-5,25,0.0,Vikings,14-2,27,1.0,,,0
2024,Week 17,FINAL,SUN,12/29,Falcons,8-8,24,0.0,Commanders,11-5,30,1.0,,,0
2024,Week 17,FINAL,MON,12/30,Lions,14-2,40,1.0,49ers,6-10,34,0.0,,,0
2024,Week 18,FINAL,SAT,01/04,Browns,3-14,10,0.0,Ravens,12-5,35,1.0,,,0
2024,Week 18,FINAL,SAT,01/04,Bengals,9-8,19,1.0,Steelers,10-7,17,0.0,,,0
2024,Week 18,FINAL,SUN,01/05,Panthers,5-12,44,1.0,Falcons,8-9,38,0.0,,,0
2024,Week 18,FINAL,SUN,01/05,Commanders,12-5,23,1.0,Cowboys,7-10,19,0.0,,,0
2024,Week 18,FINAL,SUN,01/05,Bears,5-12,24,1.0,Packers,11-6,22,0.0,,,0
2024,Week 18,FINAL,SUN,01/05,Jaguars,4-13,23,0.0,Colts,8-9,26,1.0,,,0
2024,Week 18,FINAL,SUN,01/05,Bills,13-4,16,0.0,Patriots,4-13,23,1.0,,,0
2024,Week 18,FINAL,SUN,01/05,Giants,3-14,13,0.0,Eagles,14-3,20,1.0,,,0
2024,Week 18,FINAL,SUN,01/05,Saints,5-12,19,0.0,Buccaneers,10-7,27,1.0,,,0
2024,Week 18,FINAL,SUN,01/05,Texans,10-7,23,1.0,Titans,3-14,14,0.0,,,0
2024,Week 18,FINAL,SUN,01/05,49ers,6-11,24,0.0,Cardinals,8-9,47,1.0,,,0
2024,Week 18,FINAL,SUN,01/05,Chiefs,15-2,0,0.0,Broncos,10-7,38,1.0,,,0
2024,Week 18,FINAL,SUN,01/05,Seahawks,10-7,30,1.0,Rams,10-7,25,0.0,,,0
2024,Week 18,FINAL,SUN,01/05,Chargers,11-6,34,1.0,Raiders,4-13,20,0.0,,,0
2024,Week 18,FINAL,SUN,01/05,Dolphins,8-9,20,0.0,Jets,5-12,32,1.0,,,0
2024,Week 18,FINAL,SUN,01/05,Vikings,14-3,9,0.0,Lions,15-2,31,1.0,,,0
2024,Wild Card,FINAL,SAT,01/11,Chargers,11-6,12,0.0,Texans,10-7,32,1.0,5,4,1
2024,Wild Card,FINAL,SAT,01/11,Steelers,10-7,14,0.0,Ravens,12-5,28,1.0,6,3,1
2024,Wild Card,FINAL,SUN,01/12,Broncos,10-7,7,0.0,Bills,13-4,31,1.0,7,2,1
2024,Wild Card,FINAL,SUN,01/12,Packers,11-6,10,0.0,Eagles,14-3,22,1.0,7,2,1
2024,Wild Card,FINAL,SUN,01/12,Commanders,12-5,23,1.0,Buccaneers,10-7,20,0.0,6,3,1
2024,Wild Card,FINAL,MON,01/13,Vikings,14-3,9,0.0,Rams,10-7,27,1.0,5,4,1
2024,Divisional Playoffs,FINAL,SAT,01/18,Texans,10-7,14,0.0,Chiefs,15-2,23,1.0,4,1,1
2024,Divisional Playoffs,FINAL,SAT,01/18,Commanders,12-5,45,1.0,Lions,15-2,31,0.0,6,1,1
2024,Divisional Playoffs,FINAL,SUN,01/19,Rams,10-7,22,0.0,Eagles,14-3,28,1.0,4,2,1
2024,Divisional Playoffs,FINAL,SUN,01/19,Ravens,12-5,25,0.0,Bills,13-4,27,1.0,3,2,1
2024,Conference Championships,FINAL,SUN,01/26,Commanders,12-5,23,0.0,Eagles,14-3,55,1.0,6,2,1
2024,Conference Championships,FINAL,SUN,01/26,Bills,13-4,29,0.0,Chiefs,15-2,32,1.0,2,1,1
2024,Super Bowl,FINAL,SUN,02/09,Chiefs,15-2,22,0.0,Eagles,14-3,40,1.0,1,2,1
